sampledate,depth,wtemp,o2
6/4/81,0,18.6,9.3
6/4/81,1,17.9,9
6/4/81,2,17.4,9
6/4/81,3,17.3,9
6/4/81,4,17,9
6/4/81,5,16.8,9
6/4/81,6,14.3,10.6
6/4/81,7,11.9,11.6
6/4/81,8,11.1,11.7
6/4/81,9,10.4,11.4
6/4/81,10,9.8,10.9
6/4/81,11,9.4,10.1
6/4/81,12,9,9.2
6/4/81,13,8.9,8.3
6/4/81,14,8.7,7.6
6/4/81,15,8.6,7.1
6/4/81,16,8.6,6.4
6/4/81,17,8.5,5.9
6/4/81,18,8.5,5.4
6/30/81,0,20.8,7.6
6/30/81,2,20.1,7.8
6/30/81,3,19.9,7.8
6/30/81,4,19.8,7.8
6/30/81,5,19.7,7.9
6/30/81,6,19.3,7.9
6/30/81,7,19,7.8
6/30/81,8,17.3,8.1
6/30/81,9,13.3,8.9
6/30/81,10,11.7,8.9
6/30/81,11,10.3,8.3
6/30/81,12,9.8,7.7
6/30/81,13,9.6,6.9
6/30/81,14,9,5.8
6/30/81,15,8.9,5
6/30/81,16,8.7,4
6/30/81,17,8.7,3.3
6/30/81,18,8.6,2.6
6/30/81,19,8.6,2
7/28/81,0,22.3,9.4
7/28/81,1,22.2,9.4
7/28/81,2,21.8,9.5
7/28/81,3,21.7,9.5
7/28/81,4,21.6,9.4
7/28/81,5,21.6,9.5
7/28/81,6,21.5,9.5
7/28/81,7,21.4,9.4
7/28/81,8,17.7,11.1
7/28/81,9,15.3,11.6
7/28/81,10,12.6,10.7
7/28/81,11,11.2,8.9
7/28/81,12,10.4,6.9
7/28/81,13,9.6,4.4
7/28/81,14,9.4,3.1
7/28/81,15,9.2,1.8
7/28/81,16,9,1.8
7/28/81,17,8.9,1.8
7/28/81,18,8.8,1.8
7/28/81,19,8.8,1.8
7/28/81,20,8.7,1.8
8/26/81,0,22.1,9.2
8/26/81,1,22.1,9.2
8/26/81,2,22,9.2
8/26/81,3,22,9.2
8/26/81,4,22,9.2
8/26/81,5,22,9.3
8/26/81,6,21.9,9.3
8/26/81,7,21.7,9.3
8/26/81,8,21.3,9.5
8/26/81,9,17,10.6
8/26/81,10,14.2,7.9
8/26/81,11,12.1,5.8
8/26/81,12,11.9,3.1
8/26/81,13,10.2,1
8/26/81,14,9.5,0.1
8/26/81,15,9.3,0.1
8/26/81,16,9.1,0.1
8/26/81,17,9,0.1
8/26/81,18,8.9,0.1
8/26/81,19,8.9,0.1
8/26/81,20,8.8,0.1
10/20/81,0,9.8,10
10/20/81,1,9.9,10
10/20/81,2,9.8,10
10/20/81,3,9.8,9.9
10/20/81,4,9.8,9.9
10/20/81,5,9.8,9.9
10/20/81,6,9.8,9.9
10/20/81,7,9.8,9.9
10/20/81,8,9.8,9.9
10/20/81,9,9.8,9.9
10/20/81,10,9.7,10
10/20/81,11,9.6,10
10/20/81,12,9.4,10.2
10/20/81,13,9.4,10.2
10/20/81,14,9.4,10.2
10/20/81,15,9.4,10.2
10/20/81,16,9.2,10.2
10/20/81,17,9.2,10.2
10/20/81,18,9.1,10.4
10/20/81,19,9.1,10.4
10/20/81,20,9,10.3
11/30/81,0,2.6,
11/30/81,1,2.6,14.6
11/30/81,2,2.6,13
11/30/81,3,2.6,12.8
11/30/81,4,2.6,12.8
11/30/81,5,2.6,12.8
11/30/81,6,2.6,12.8
11/30/81,7,2.6,12.8
11/30/81,8,2.6,12.8
11/30/81,9,2.6,12.9
11/30/81,10,2.6,13
11/30/81,11,2.6,13.2
11/30/81,12,2.6,13.3
11/30/81,13,2.6,13.5
11/30/81,14,2.6,13.5
11/30/81,15,2.6,13.7
11/30/81,16,2.6,13.8
11/30/81,17,2.7,13.8
11/30/81,18,2.7,13.8
11/30/81,19,2.7,13.9
11/30/81,20,3.1,
1/25/82,0,0,
1/25/82,1,1,12.9
1/25/82,2,1.5,11.8
1/25/82,3,1.6,11.9
1/25/82,4,1.7,12
1/25/82,5,1.9,12.1
1/25/82,6,1.9,12.1
1/25/82,7,2,12
1/25/82,8,2.1,11.6
1/25/82,9,2.2,11.3
1/25/82,10,2.3,11.5
1/25/82,11,2.4,10.9
1/25/82,12,2.5,11.1
1/25/82,13,2.5,10.5
1/25/82,14,2.7,9.2
1/25/82,15,2.8,8.1
1/25/82,16,3,4.5
1/25/82,17,3.2,1.9
1/25/82,18,3.3,1
1/25/82,18.5,,
1/25/82,19,3.5,0.9
2/25/82,0,0,
2/25/82,1,0.7,10
2/25/82,2,1.6,9.1
2/25/82,3,1.9,8.4
2/25/82,4,2,8.3
2/25/82,5,2.1,8
2/25/82,6,2.2,7.5
2/25/82,7,2.2,7.4
2/25/82,8,2.4,7
2/25/82,9,2.5,6.9
2/25/82,10,2.6,6.6
2/25/82,11,2.7,6.4
2/25/82,12,2.8,6.1
2/25/82,13,2.9,5.2
2/25/82,14,3,5.1
2/25/82,15,3.1,4.7
2/25/82,16,3.3,2.3
2/25/82,17,3.6,0.7
2/25/82,18,3.7,0.7
2/25/82,18.5,,
2/25/82,19,4,
4/7/82,0,0,14.4
4/7/82,1,0.9,11.6
4/7/82,2,2,10.4
4/7/82,3,2.3,9.5
4/7/82,4,2.4,9
4/7/82,5,2.5,8.4
4/7/82,6,2.5,7.5
4/7/82,7,2.6,7.1
4/7/82,8,2.7,6.8
4/7/82,9,2.8,6.1
4/7/82,10,2.9,6.4
4/7/82,11,3,6.8
4/7/82,12,3.1,5.2
4/7/82,13,3.2,5.8
4/7/82,14,3.4,4
4/7/82,15,3.5,3.9
4/7/82,16,3.6,0.8
4/7/82,17,3.8,0.1
4/7/82,18,3.9,0.1
4/7/82,19,4.1,0
5/11/82,0,7.8,9.5
5/11/82,1,7.8,9.5
5/11/82,2,7.7,9.5
5/11/82,3,7.7,9.4
5/11/82,4,7.7,9.4
5/11/82,5,7.7,9.4
5/11/82,6,7.7,9.4
5/11/82,7,7.7,9.4
5/11/82,8,7.7,9.5
5/11/82,9,7.7,9.5
5/11/82,10,7.7,9.6
5/11/82,11,7.7,9.8
5/11/82,12,7.7,9.9
5/11/82,13,7.7,9.9
5/11/82,14,7.5,9.9
5/11/82,15,7.1,9.8
5/11/82,16,6.5,9.7
5/11/82,17,6.2,9.3
5/11/82,18,6,9.2
5/11/82,19,6,9.1
5/11/82,19.5,,
5/25/82,0,16.5,9.3
5/25/82,0.5,,
5/25/82,1,15.5,9.3
5/25/82,2,14.9,9.2
5/25/82,3,14.4,9.2
5/25/82,4,13.9,9.1
5/25/82,5,13.4,9
5/25/82,6,12.3,9.2
5/25/82,7,10.6,9.7
5/25/82,8,9.4,9.8
5/25/82,9,8.3,9.4
5/25/82,10,8,9.1
5/25/82,11,7.8,8.9
5/25/82,12,7.6,8.5
5/25/82,13,7.4,7.8
5/25/82,14,7.2,7
5/25/82,15,7.1,6.4
5/25/82,16,7,6.4
5/25/82,17,7,6.2
5/25/82,18,7,6.2
5/25/82,18.6,7,
6/9/82,0,16.8,7.6
6/9/82,0.5,,
6/9/82,1,16.8,7.6
6/9/82,2,16.8,7.5
6/9/82,3,16.8,7.5
6/9/82,4,16.7,7.5
6/9/82,5,16.7,7.5
6/9/82,6,16.4,7.5
6/9/82,7,15.1,7.8
6/9/82,8,11.8,8.5
6/9/82,9,10,8.5
6/9/82,10,9.6,8.5
6/9/82,11,8.9,7.8
6/9/82,12,8.5,6.8
6/9/82,13,8.1,6.1
6/9/82,14,7.7,5.3
6/9/82,15,7.6,4.2
6/9/82,16,7.5,3.9
6/9/82,17,7.5,3.5
6/9/82,18,7.4,3.4
6/9/82,19,7.4,3.2
6/21/82,0,16.8,
6/21/82,0.5,,
6/21/82,1,16.8,
6/21/82,2,16.8,
6/21/82,3,16.7,
6/21/82,4,16.7,
6/21/82,5,16.7,
6/21/82,6,16.7,
6/21/82,7,16.7,
6/21/82,8,16.5,
6/21/82,9,11.4,
6/21/82,10,10,
6/21/82,11,9.5,
6/21/82,12,8.9,
6/21/82,13,8.5,
6/21/82,14,8.2,
6/21/82,15,8,
6/21/82,16,7.9,
6/21/82,17,7.7,
6/21/82,18,7.7,
6/21/82,19,7.7,
7/8/82,0,21.7,8.6
7/8/82,0.5,,
7/8/82,1,21.7,8.7
7/8/82,2,21.7,8.7
7/8/82,3,21.7,8.8
7/8/82,4,21.6,8.8
7/8/82,5,21.5,8.8
7/8/82,6,21.4,8.9
7/8/82,7,20,9
7/8/82,8,17.2,9.2
7/8/82,9,14.1,8.7
7/8/82,10,12.1,8.2
7/8/82,11,10.5,7.1
7/8/82,12,10,6.2
7/8/82,13,9.2,3.8
7/8/82,14,8.8,2.5
7/8/82,15,8.6,2.1
7/8/82,16,8.5,1.5
7/8/82,17,8.4,1
7/8/82,18,8.3,0.9
7/8/82,19,8.3,0.7
7/21/82,0,23.5,8.6
7/21/82,0.5,,
7/21/82,1,23.5,8.6
7/21/82,2,23.4,8.6
7/21/82,3,23.2,8.6
7/21/82,4,23.2,8.6
7/21/82,5,23.1,8.6
7/21/82,6,22.7,8.6
7/21/82,7,21.4,8.5
7/21/82,8,18.8,8.5
7/21/82,9,15.7,7.7
7/21/82,10,13.4,7.1
7/21/82,11,11.5,6.2
7/21/82,12,10.3,4.5
7/21/82,13,9.8,2.8
7/21/82,14,9.2,1.5
7/21/82,15,8.9,0.6
7/21/82,16,8.8,0.3
7/21/82,17,8.7,0.3
7/21/82,18,8.7,0.3
7/21/82,19,8.7,0.3
8/5/82,0,23.1,9.3
8/5/82,0.5,,
8/5/82,1,23.1,9.5
8/5/82,2,23,9.6
8/5/82,3,23,9.6
8/5/82,4,22.6,9.7
8/5/82,5,22.4,9.6
8/5/82,6,22.2,9.6
8/5/82,7,21.9,9.4
8/5/82,8,20.9,9
8/5/82,9,16.6,7.4
8/5/82,10,14.6,5.6
8/5/82,11,11.9,5.3
8/5/82,12,10.9,4.7
8/5/82,13,10,2.3
8/5/82,14,9.8,1.8
8/5/82,15,9.7,1.8
8/5/82,16,8.8,0.2
8/5/82,17,8.6,0.1
8/5/82,18,8.5,0
8/5/82,19,8.5,0
8/18/82,0,22.4,
8/18/82,1,22.4,
8/18/82,2,22.3,
8/18/82,3,22.2,
8/18/82,4,22.1,
8/18/82,5,21.7,
8/18/82,6,21.4,
8/18/82,7,21.2,
8/18/82,8,21,
8/18/82,9,18.3,
8/18/82,10,14.2,
8/18/82,11,12.2,
8/18/82,12,11.2,
8/18/82,13,10.5,
8/18/82,14,9.8,
8/18/82,15,9.3,
8/18/82,16,9,
8/18/82,17,8.7,
8/18/82,18,8.6,
8/18/82,19,8.5,
9/8/82,0,17.9,6.1
9/8/82,1,17.9,6.1
9/8/82,2,17.9,6.1
9/8/82,3,17.9,6.1
9/8/82,4,17.8,6.1
9/8/82,5,17.8,6
9/8/82,6,17.7,3.3
9/8/82,7,17.7,2.9
9/8/82,8,17.7,2.7
9/8/82,9,17.6,2.2
9/8/82,10,17.4,1.9
9/8/82,11,16.1,1.4
9/8/82,12,12.5,0.7
9/8/82,13,11.2,0.3
9/8/82,14,10.3,0
9/8/82,15,9.9,0
9/8/82,16,9.5,0
9/8/82,17,9.3,0
9/8/82,18,9.2,0
9/8/82,19,9.1,0
9/21/82,0,15.4,8
9/21/82,1,15.4,8
9/21/82,2,15.4,8
9/21/82,3,15.4,8
9/21/82,4,15.4,8
9/21/82,5,15.4,8
9/21/82,6,15.4,8
9/21/82,7,15.4,8
9/21/82,8,15.4,8
9/21/82,9,15.4,8
9/21/82,10,15.4,8
9/21/82,11,15.4,8
9/21/82,12,15.1,7.6
9/21/82,13,12,0.4
9/21/82,14,10.2,0.1
9/21/82,15,9.9,0.1
9/21/82,16,9.7,0.1
9/21/82,17,9.3,0.1
9/21/82,18,9.1,0
9/21/82,19,9,0
9/21/82,20,9,0
10/6/82,0,14.4,8.9
10/6/82,1,14.3,8.9
10/6/82,2,14.3,8.9
10/6/82,3,14.3,8.9
10/6/82,4,14.3,8.9
10/6/82,5,14.3,8.9
10/6/82,6,14.3,8.8
10/6/82,7,14.2,8.8
10/6/82,8,14.2,8.8
10/6/82,9,14.2,8.8
10/6/82,10,14.2,8.8
10/6/82,11,14.1,8.7
10/6/82,12,14,8.6
10/6/82,13,14,8.6
10/6/82,14,13.1,5.7
10/6/82,15,10.8,0.3
10/6/82,16,9.5,0.2
10/6/82,17,9.3,0.1
10/6/82,18,9.1,0.1
10/6/82,19,9,0.1
10/18/82,0,11.4,9.2
10/18/82,1,11.4,9.1
10/18/82,2,11.4,9.1
10/18/82,3,11.4,9.1
10/18/82,4,11.3,9.1
10/18/82,5,11.3,9.1
10/18/82,6,11.3,9
10/18/82,7,11.3,9
10/18/82,8,11.3,9
10/18/82,9,11.3,9
10/18/82,10,11.3,9
10/18/82,11,11.3,9
10/18/82,12,11.3,9
10/18/82,13,11.2,8.9
10/18/82,14,11.2,8.9
10/18/82,15,11.2,8.9
10/18/82,16,11,9
10/18/82,17,10.7,8.8
10/18/82,18,10.6,8.3
10/18/82,19,10.3,5.3
11/9/82,0,5.8,10.3
11/9/82,1,5.9,10.3
11/9/82,2,5.9,10.2
11/9/82,3,5.9,10.1
11/9/82,4,5.9,10.1
11/9/82,5,5.9,10
11/9/82,6,5.9,10
11/9/82,7,5.9,10
11/9/82,8,5.9,10
11/9/82,9,5.9,10
11/9/82,10,5.9,10
11/9/82,11,5.9,10
11/9/82,12,5.9,10
11/9/82,13,5.9,10
11/9/82,14,5.9,10
11/9/82,15,5.9,9.9
11/9/82,16,5.9,9.9
11/9/82,17,5.8,9.9
11/9/82,18,5.8,9.9
11/9/82,19,5.8,9.8
12/3/82,0,2.7,12
12/3/82,1,2.7,11.9
12/3/82,2,2.7,11.9
12/3/82,3,2.7,11.9
12/3/82,4,2.7,11.9
12/3/82,5,2.7,11.8
12/3/82,6,2.7,11.8
12/3/82,7,2.7,11.8
12/3/82,8,2.7,11.8
12/3/82,9,2.7,11.8
12/3/82,10,2.7,11.8
12/3/82,11,2.7,11.8
12/3/82,12,2.7,11.8
12/3/82,13,2.7,11.7
12/3/82,14,2.8,11.7
12/3/82,15,2.8,11.7
12/3/82,16,2.8,11.7
12/3/82,17,2.8,11.7
12/3/82,18,2.8,11.7
12/3/82,19,2.8,11.7
1/12/83,0,0.1,15
1/12/83,1,1.1,14.1
1/12/83,2,2,13.2
1/12/83,3,2.2,12.5
1/12/83,4,2.3,12.1
1/12/83,5,2.4,12.1
1/12/83,6,2.5,12
1/12/83,7,2.6,11.8
1/12/83,8,2.7,11.6
1/12/83,9,2.8,11.5
1/12/83,10,2.8,11.1
1/12/83,11,2.9,11
1/12/83,12,3,10.6
1/12/83,13,3.1,9.9
1/12/83,14,3.2,9.6
1/12/83,15,3.3,8.8
1/12/83,16,3.4,8.4
1/12/83,17,3.4,7.8
1/12/83,18,3.5,6.4
1/12/83,19,3.7,2.4
2/17/83,0,0.5,13.2
2/17/83,1,1.2,12.4
2/17/83,2,2,12.1
2/17/83,3,2.3,11.6
2/17/83,4,2.4,11.3
2/17/83,5,2.6,11
2/17/83,6,2.7,10.7
2/17/83,7,2.8,10.4
2/17/83,8,2.9,10.1
2/17/83,9,3,9.6
2/17/83,10,3,9.4
2/17/83,11,3.1,9.1
2/17/83,12,3.2,8.5
2/17/83,13,3.2,7.6
2/17/83,14,3.3,7.4
2/17/83,15,3.4,7
2/17/83,16,3.5,6.8
2/17/83,17,3.7,0.6
2/17/83,18,3.9,0.5
2/17/83,19,4.1,0.2
2/17/83,20,4.2,0.1
3/23/83,0,0.6,14.6
3/23/83,1,1.5,12.2
3/23/83,2,2.6,11.6
3/23/83,3,2.8,11.1
3/23/83,4,2.9,10.7
3/23/83,5,2.9,10.5
3/23/83,6,3,9.8
3/23/83,7,3.1,9.1
3/23/83,8,3.2,9
3/23/83,9,3.2,8.6
3/23/83,10,3.3,8
3/23/83,11,3.3,7.3
3/23/83,12,3.3,6.5
3/23/83,13,3.4,5.9
3/23/83,14,3.5,5.6
3/23/83,15,3.6,5.2
3/23/83,16,3.7,5
3/23/83,17,3.8,3.1
3/23/83,18,3.9,1.5
3/23/83,19,4,0.5
3/23/83,20,4.2,0.2
5/10/83,0,8.2,10.9
5/10/83,1,8.1,10.9
5/10/83,2,8.1,10.9
5/10/83,3,8.1,10.9
5/10/83,4,7.8,10.9
5/10/83,5,7.7,10.9
5/10/83,6,7.7,10.8
5/10/83,7,7.6,10.8
5/10/83,8,7.2,10.8
5/10/83,9,6.9,10.7
5/10/83,10,6.7,10.5
5/10/83,11,6.5,10.3
5/10/83,12,6.4,10.1
5/10/83,13,6.4,10.1
5/10/83,14,6.4,10.1
5/10/83,15,6.3,10
5/10/83,16,6.3,10
5/10/83,17,6.2,9.9
5/10/83,18,6.2,9.9
5/10/83,19,6.2,9.9
5/10/83,20,6.2,9.7
5/26/83,0,11.6,10.6
5/26/83,1,11.6,10.6
5/26/83,2,11.5,10.7
5/26/83,3,11.5,10.7
5/26/83,4,11.5,10.7
5/26/83,5,11.5,10.7
5/26/83,6,11.5,10.7
5/26/83,7,11.5,10.7
5/26/83,8,11.3,10.7
5/26/83,9,10.4,10.8
5/26/83,10,8.8,10.8
5/26/83,11,8.2,10.4
5/26/83,12,7.8,10
5/26/83,13,7.5,9.7
5/26/83,14,7.4,9.3
5/26/83,15,7.3,9.1
5/26/83,16,7.3,9
5/26/83,17,7.3,9.8
5/26/83,18,7.2,8.6
5/26/83,19,7.2,8.5
5/26/83,20,7.2,8.2
6/6/83,0,13.2,11
6/6/83,1,13.2,11
6/6/83,2,13.1,11
6/6/83,3,13.1,11
6/6/83,4,13.1,11
6/6/83,5,13.1,11
6/6/83,6,13,11.1
6/6/83,7,13,11.1
6/6/83,8,12.9,11
6/6/83,9,12.8,11.1
6/6/83,10,10.8,10.8
6/6/83,11,10.5,10.8
6/6/83,12,9.2,10.6
6/6/83,13,8.9,10.2
6/6/83,14,8.2,9
6/6/83,15,7.6,8
6/6/83,16,7.6,7.5
6/6/83,17,7.6,7.4
6/6/83,18,7.6,7.4
6/22/83,0,21.2,9.2
6/22/83,1,20.9,9.1
6/22/83,2,20.8,9.1
6/22/83,3,20.7,9.1
6/22/83,4,20.6,9.2
6/22/83,5,19.6,9.4
6/22/83,6,18.9,9.6
6/22/83,7,17.6,9.6
6/22/83,8,16,9.9
6/22/83,9,13.5,10.4
6/22/83,10,12.2,10.4
6/22/83,11,10.9,10
6/22/83,12,10.1,9.8
6/22/83,13,9.7,9.5
6/22/83,14,8.7,8
6/22/83,15,8.4,7.2
6/22/83,16,8.4,6.7
6/22/83,17,8.3,6.7
6/22/83,18,8.2,6.6
6/22/83,19,8.2,6.1
7/6/83,0,21.7,8.8
7/6/83,1,21.7,8.8
7/6/83,2,21.6,8.8
7/6/83,3,21.5,8.8
7/6/83,4,21.5,8.8
7/6/83,5,21.5,8.8
7/6/83,6,21.3,8.8
7/6/83,7,21.2,8.9
7/6/83,8,16.6,10
7/6/83,9,14.4,10.4
7/6/83,10,12.8,9.9
7/6/83,11,11.5,9.6
7/6/83,12,10.8,9
7/6/83,13,10,7.8
7/6/83,14,9.6,7.4
7/6/83,15,9.1,7.3
7/6/83,16,9,7.1
7/6/83,17,8.8,5.4
7/6/83,18,8.7,5.2
7/6/83,19,8.7,5.2
7/6/83,20,8.6,3.8
7/18/83,0,26.2,7.8
7/18/83,1,26.2,7.9
7/18/83,2,25.9,8
7/18/83,3,25.5,7.8
7/18/83,4,25.3,7.9
7/18/83,5,23.7,8.3
7/18/83,6,22.3,8.9
7/18/83,7,21.6,8.8
7/18/83,8,18.8,9.6
7/18/83,9,16.1,10.6
7/18/83,10,15.1,10.8
7/18/83,11,13.5,11.2
7/18/83,12,12.2,11.3
7/18/83,13,11.1,8.9
7/18/83,14,10.3,7.8
7/18/83,15,9.6,7.3
7/18/83,16,9.1,6.4
7/18/83,17,9,4.3
7/18/83,18,8.8,3.6
7/18/83,19,8.8,2.3
8/2/83,0,24.8,8.7
8/2/83,1,24.8,8.8
8/2/83,2,24.7,9
8/2/83,3,24.7,9
8/2/83,4,24.6,9.1
8/2/83,5,24.5,9.1
8/2/83,6,24.5,9.2
8/2/83,7,23.4,9.7
8/2/83,8,19.8,11.4
8/2/83,9,16.3,12.2
8/2/83,10,14.1,11
8/2/83,11,12.5,12.9
8/2/83,12,10.9,10.5
8/2/83,13,10,6.3
8/2/83,14,9.4,4.2
8/2/83,15,9.1,2.7
8/2/83,16,8.8,1.5
8/2/83,17,8.6,0.5
8/2/83,18,8.6,0.2
8/2/83,19,8.5,0.2
8/2/83,20,8.5,0.2
8/17/83,0,25.3,9.4
8/17/83,1,25,9.5
8/17/83,2,24.8,9.6
8/17/83,3,24.4,9.8
8/17/83,4,24.1,9.9
8/17/83,5,23.9,10
8/17/83,6,23.4,10
8/17/83,7,23.3,10
8/17/83,8,22.4,10
8/17/83,9,18.1,11
8/17/83,10,15.2,12.4
8/17/83,11,13.2,12.6
8/17/83,12,11.3,9.8
8/17/83,13,10.2,5
8/17/83,14,9.4,1
8/17/83,15,9,0.3
8/17/83,16,8.8,0.2
8/17/83,17,8.6,0.2
8/17/83,18,8.5,0.2
8/17/83,19,8.5,0.2
9/7/83,0,22.2,7.6
9/7/83,1,22.2,7.5
9/7/83,2,22.2,7.4
9/7/83,3,22.3,7.4
9/7/83,4,22.3,7.4
9/7/83,5,22.3,7.4
9/7/83,6,22.2,7.3
9/7/83,7,22.2,7.3
9/7/83,8,22.2,7.1
9/7/83,9,21.6,7
9/7/83,10,15.7,7
9/7/83,11,11.9,7
9/7/83,12,11.6,3.8
9/7/83,13,10.6,2.4
9/7/83,14,9.9,0.1
9/7/83,15,9,0
9/7/83,16,8.7,0
9/7/83,17,8.6,0
9/7/83,18,8.6,0
9/7/83,19,8.5,0
9/28/83,0,16.1,8.4
9/28/83,1,16,8.4
9/28/83,2,16,8.4
9/28/83,3,15.8,8.5
9/28/83,4,15.7,8.5
9/28/83,5,15.5,8.4
9/28/83,6,15.4,8.4
9/28/83,7,14.8,7.7
9/28/83,8,14.6,7.9
9/28/83,9,14.6,7.8
9/28/83,10,14.5,7.8
9/28/83,11,14.4,7.4
9/28/83,12,13.7,5.9
9/28/83,13,12.2,2.2
9/28/83,14,10.6,0.1
9/28/83,15,9.5,0.1
9/28/83,16,9.1,0
9/28/83,17,8.8,0
9/28/83,18,8.7,0
9/28/83,19,8.6,0
10/17/83,0,11,8.4
10/17/83,1,11,8.4
10/17/83,2,11,8.3
10/17/83,3,11,8.3
10/17/83,4,11,8.3
10/17/83,5,11,8.3
10/17/83,6,11,8.2
10/17/83,7,11,8.2
10/17/83,8,11,8.2
10/17/83,9,11,8.2
10/17/83,10,11,8.2
10/17/83,11,11,8.2
10/17/83,12,11,8.2
10/17/83,13,11,8.2
10/17/83,14,11,8.2
10/17/83,15,11,8.2
10/17/83,16,10.9,8.1
10/17/83,17,10.9,8.1
10/17/83,18,8.8,0.4
10/17/83,19,8.7,0.4
11/2/83,0,9.3,8.3
11/2/83,1,9.3,8.4
11/2/83,2,9.2,8.3
11/2/83,3,9.1,8.2
11/2/83,4,9.1,8.2
11/2/83,5,9.1,8.2
11/2/83,6,9.1,8.1
11/2/83,7,9.1,8
11/2/83,8,9.1,8
11/2/83,9,9,8
11/2/83,10,9,8
11/2/83,11,9,7.8
11/2/83,12,9,7.6
11/2/83,13,8.9,7.6
11/2/83,14,8.9,7.7
11/2/83,15,8.9,7.6
11/2/83,16,8.8,7.8
11/2/83,17,8.8,7.6
11/2/83,18,8.7,7.5
11/2/83,19,8.7,7.5
11/14/83,0,5.6,9.5
11/14/83,1,5.6,9.4
11/14/83,2,5.6,9.3
11/14/83,3,5.6,9.3
11/14/83,4,5.6,9.3
11/14/83,5,5.6,9.2
11/14/83,6,5.6,9.1
11/14/83,7,5.6,9.1
11/14/83,8,5.6,9.1
11/14/83,9,5.6,9.1
11/14/83,10,5.6,9.1
11/14/83,11,5.6,9.1
11/14/83,12,5.5,9.1
11/14/83,13,5.5,9.1
11/14/83,14,5.5,9.1
11/14/83,15,5.5,9.1
11/14/83,16,5.5,9.1
11/14/83,17,5.5,9.1
11/14/83,18,5.5,9.1
11/14/83,19,5.5,9.1
11/28/83,0,1.8,8.1
11/28/83,1,1.8,8.1
11/28/83,2,1.8,7.8
11/28/83,3,1.8,7.8
11/28/83,4,1.8,7.8
11/28/83,5,1.8,7.7
11/28/83,6,1.8,7.7
11/28/83,7,1.7,7.7
11/28/83,8,1.8,7.6
11/28/83,9,1.7,7.5
11/28/83,10,1.7,7.5
11/28/83,11,1.7,7.5
11/28/83,12,1.7,7.5
11/28/83,13,1.8,7.5
11/28/83,14,1.8,7.4
11/28/83,15,1.8,7.4
11/28/83,16,1.8,7.4
11/28/83,17,1.8,7.3
11/28/83,18,1.9,7.3
11/28/83,19,1.9,7.3
1/10/84,0,0.1,12.8
1/10/84,1,0.7,11.6
1/10/84,2,1,11
1/10/84,3,1.1,11.1
1/10/84,4,1.2,11.1
1/10/84,5,1.3,11
1/10/84,6,1.4,10.8
1/10/84,7,1.5,10.6
1/10/84,8,1.6,10.3
1/10/84,9,1.7,10.1
1/10/84,10,1.8,9.6
1/10/84,11,1.8,9.2
1/10/84,12,2,9.2
1/10/84,13,2.1,8.8
1/10/84,14,2.2,7.4
1/10/84,15,2.4,7
1/10/84,16,2.6,6.5
1/10/84,17,2.8,1.6
1/10/84,18,3,0.2
1/10/84,19,3.2,0.1
2/23/84,0,0.2,11.9
2/23/84,1,1.2,11.5
2/23/84,2,1.8,11.1
2/23/84,3,1.8,10.7
2/23/84,4,1.9,10.6
2/23/84,5,2,10.3
2/23/84,6,2.1,9.8
2/23/84,7,2.1,9.6
2/23/84,8,2.3,9.2
2/23/84,9,2.3,8.9
2/23/84,10,2.5,8.5
2/23/84,11,2.6,7.7
2/23/84,12,2.7,7.4
2/23/84,13,2.8,7
2/23/84,14,2.9,5.5
2/23/84,15,3,6.1
2/23/84,16,3.1,5.2
2/23/84,17,3.4,1.7
2/23/84,18,3.7,0.3
2/23/84,19,3.9,0.2
4/4/84,0,0.3,10.6
4/4/84,1,2.4,9.8
4/4/84,2,2.9,9
4/4/84,3,2.9,9
4/4/84,4,2.9,9
4/4/84,5,2.9,8.9
4/4/84,6,2.9,8.9
4/4/84,7,2.9,8.9
4/4/84,8,2.9,8.8
4/4/84,9,2.9,8.8
4/4/84,10,3,8.6
4/4/84,11,3.1,8.4
4/4/84,12,3.2,8.3
4/4/84,13,3.2,8.3
4/4/84,14,3.3,4.9
4/4/84,15,3.3,2.3
4/4/84,16,3.4,1.3
4/4/84,17,3.4,1.2
4/4/84,18,3.5,0.6
4/4/84,19,3.8,0.2
5/7/84,0,8.5,11.1
5/7/84,1,8.5,11
5/7/84,2,8.5,11
5/7/84,3,8.5,11
5/7/84,4,8.5,11
5/7/84,5,8.5,10.9
5/7/84,6,8.5,10.9
5/7/84,7,8.5,10.9
5/7/84,8,8.5,10.9
5/7/84,9,8.5,10.9
5/7/84,10,8.4,10.9
5/7/84,11,8.4,10.9
5/7/84,12,7.5,10.9
5/7/84,13,6.6,10.9
5/7/84,14,6.5,10.9
5/7/84,15,6.2,10.9
5/7/84,16,6.1,10.8
5/7/84,17,6,10.6
5/7/84,18,5.9,10.5
5/7/84,19,5.9,10.5
5/24/84,0,13.2,9.8
5/24/84,1,13.2,9.8
5/24/84,2,13.2,9.8
5/24/84,3,13.2,9.8
5/24/84,4,13.2,9.8
5/24/84,5,13.1,9.7
5/24/84,6,13.1,9.7
5/24/84,7,13,9.7
5/24/84,8,12.5,9.8
5/24/84,9,11.7,9.8
5/24/84,10,10.2,9.8
5/24/84,11,9.7,9.6
5/24/84,12,9.4,9.4
5/24/84,13,9.2,9.1
5/24/84,14,9,8.9
5/24/84,15,8.8,8.6
5/24/84,16,8.7,8.3
5/24/84,17,8.5,7.9
5/24/84,18,8.4,7.3
5/24/84,19,8.4,7.1
6/6/84,0,17.9,9.9
6/6/84,1,17.6,9.9
6/6/84,2,17.2,10
6/6/84,3,17.1,10
6/6/84,4,17,10
6/6/84,5,16.8,10
6/6/84,6,16.2,10.4
6/6/84,7,15.4,10.6
6/6/84,8,13.7,10.6
6/6/84,9,13.2,10.6
6/6/84,10,12.5,10.7
6/6/84,11,11.2,10
6/6/84,12,10.8,9.2
6/6/84,13,10.1,7
6/6/84,14,9.5,6
6/6/84,15,9.3,5.4
6/6/84,16,9.2,4.5
6/6/84,17,9.1,4.3
6/6/84,18,9.1,4.1
6/6/84,19,9.1,4.2
6/20/84,0,19.7,9.3
6/20/84,1,19.7,9.2
6/20/84,2,19.6,9.1
6/20/84,3,19.5,9.2
6/20/84,4,19.5,9.1
6/20/84,5,19.4,9.2
6/20/84,6,19.3,9.1
6/20/84,7,18.2,9.2
6/20/84,8,17.2,8.8
6/20/84,9,16.2,8.7
6/20/84,10,14.7,7.9
6/20/84,11,13.7,8
6/20/84,12,11.4,6.1
6/20/84,13,10.6,5.1
6/20/84,14,10.1,3.2
6/20/84,15,9.8,2.7
6/20/84,16,9.6,2.2
6/20/84,17,9.5,1.7
6/20/84,18,9.4,1
6/20/84,19,9.3,0.8
7/3/84,0,21.2,9
7/3/84,1,21.2,9
7/3/84,2,21.2,9
7/3/84,3,21.2,9
7/3/84,4,21.1,9
7/3/84,5,20.9,9
7/3/84,6,20.6,8.9
7/3/84,7,19.9,9
7/3/84,8,19.6,9
7/3/84,9,17.6,8.4
7/3/84,10,15.3,7
7/3/84,11,13.4,6.9
7/3/84,12,12.1,5.5
7/3/84,13,11.3,4
7/3/84,14,10.5,1.9
7/3/84,15,9.9,0.9
7/3/84,16,9.6,0.4
7/3/84,17,9.6,0.3
7/3/84,18,9.4,0.2
7/3/84,19,9.4,0.2
7/17/84,0,20.6,8.5
7/17/84,1,20.7,8.4
7/17/84,2,20.7,8.4
7/17/84,3,20.7,
7/17/84,4,20.7,
7/17/84,5,20.7,
7/17/84,6,20.7,
7/17/84,7,20.7,
7/17/84,8,20.6,
7/17/84,9,18.7,
7/17/84,10,17.1,
7/17/84,11,13.4,
7/17/84,12,12.6,
7/17/84,13,11.7,
7/17/84,14,10.9,
7/17/84,15,10.6,
7/17/84,16,10.1,
7/17/84,17,9.8,
7/17/84,18,9.6,
7/17/84,19,9.6,
8/1/84,0,22.3,8.5
8/1/84,1,22.4,8.4
8/1/84,2,22.4,8.4
8/1/84,3,22.4,8.4
8/1/84,4,22.3,8.4
8/1/84,5,22.3,8.4
8/1/84,6,22.2,8.4
8/1/84,7,22.1,8.3
8/1/84,8,21.6,8.5
8/1/84,9,19.9,8.5
8/1/84,10,18.1,8.1
8/1/84,11,14.4,5.3
8/1/84,12,12.9,3.4
8/1/84,13,11.4,0.2
8/1/84,14,10.8,0.1
8/1/84,15,10.1,0.1
8/1/84,16,9.9,0.1
8/1/84,17,9.6,0.1
8/1/84,18,9.6,0.1
8/1/84,19,9.5,0.1
8/13/84,0,23.2,8.5
8/13/84,1,23.1,8.4
8/13/84,2,23.1,8.3
8/13/84,3,23,7.9
8/13/84,4,22.9,7.5
8/13/84,5,22.8,7.3
8/13/84,6,22.8,7
8/13/84,7,22.7,6.7
8/13/84,8,22.2,6.5
8/13/84,9,20.9,5.9
8/13/84,10,18.1,4.1
8/13/84,11,15.4,2.5
8/13/84,12,13.1,0.2
8/13/84,13,11.6,0
8/13/84,14,10.9,0
8/13/84,15,10.3,0
8/13/84,16,9.9,0
8/13/84,17,9.7,0
8/13/84,18,9.6,0
8/13/84,19,9.5,0
9/4/84,0,19.9,7.7
9/4/84,1,19.9,7.7
9/4/84,2,19.8,7.8
9/4/84,3,19.6,8
9/4/84,4,19.6,7.9
9/4/84,5,19.5,7.9
9/4/84,6,19.4,7.9
9/4/84,7,19.4,7.9
9/4/84,8,19.4,7.8
9/4/84,9,19.4,7.8
9/4/84,10,18.9,6.7
9/4/84,11,18.3,5.6
9/4/84,12,13.6,0.3
9/4/84,13,12.3,0.2
9/4/84,14,11,0.2
9/4/84,15,10.3,0.2
9/4/84,16,9.7,0.2
9/4/84,17,9.7,0.2
9/4/84,18,9.6,0.2
9/4/84,19,9.6,0.1
9/25/84,0,16.1,8.9
9/25/84,1,16.1,8.8
9/25/84,2,16.1,8.8
9/25/84,3,16.1,8.8
9/25/84,4,16.1,8.8
9/25/84,5,16.1,8.8
9/25/84,6,16.1,8.8
9/25/84,7,16.1,8.8
9/25/84,8,16.1,8.8
9/25/84,9,16.1,8.8
9/25/84,10,16.1,8.8
9/25/84,11,16.1,8.8
9/25/84,12,16.1,8.8
9/25/84,13,16.1,8.8
9/25/84,14,12.1,0.6
9/25/84,15,10.4,0.2
9/25/84,16,9.8,0.2
9/25/84,17,9.7,0.2
9/25/84,18,9.5,0.2
9/25/84,19,9.4,0.2
10/15/84,0,13.6,9.7
10/15/84,1,13.6,9.7
10/15/84,2,13.5,9.7
10/15/84,3,13.5,9.7
10/15/84,4,13.6,9.7
10/15/84,5,13.5,9.7
10/15/84,6,13.6,9.6
10/15/84,7,13.6,9.6
10/15/84,8,13.5,9.5
10/15/84,9,13.6,9.5
10/15/84,10,13.5,8.3
10/15/84,11,13.3,8.2
10/15/84,12,13.2,8
10/15/84,13,13.1,7.5
10/15/84,14,12.9,5.5
10/15/84,15,12.6,3.2
10/15/84,16,12,0.5
10/15/84,17,10.4,0.2
10/15/84,18,9.8,0.2
10/15/84,19,9.6,0.2
11/5/84,0,6.5,10.6
11/5/84,1,6.5,10.6
11/5/84,2,6.5,10.6
11/5/84,3,6.5,10.6
11/5/84,4,6.4,10.6
11/5/84,5,6.4,10.6
11/5/84,6,6.4,10.6
11/5/84,7,6.4,10.5
11/5/84,8,6.4,10.5
11/5/84,9,6.4,10.5
11/5/84,10,6.4,10.5
11/5/84,11,6.3,10.4
11/5/84,12,6.3,10.4
11/5/84,13,6.3,10.4
11/5/84,14,6.3,10.4
11/5/84,15,6.2,10.4
11/5/84,16,6.2,10.4
11/5/84,17,6.2,10.4
11/5/84,18,6.2,10.4
11/5/84,19,6.1,10.4
1/9/85,0,0.8,14.2
1/9/85,1,1,13.2
1/9/85,2,1.3,12.4
1/9/85,3,1.4,12
1/9/85,4,1.5,11.6
1/9/85,5,1.5,11.6
1/9/85,6,1.6,11.7
1/9/85,7,1.7,11.6
1/9/85,8,1.7,11.4
1/9/85,9,1.8,11.1
1/9/85,10,1.9,10.6
1/9/85,11,2,10.3
1/9/85,12,2.1,9.8
1/9/85,13,2.2,8.3
1/9/85,14,2.5,7.5
1/9/85,15,2.6,6.2
1/9/85,16,2.7,5.3
1/9/85,17,2.8,3.6
2/26/85,0,0.1,14.1
2/26/85,0.5,,
2/26/85,1,0.7,13.2
2/26/85,2,1.5,11.8
2/26/85,3,1.8,11
2/26/85,4,2,10.8
2/26/85,5,2,10.4
2/26/85,6,2.1,10.3
2/26/85,7,2.2,9.9
2/26/85,8,2.2,9.6
2/26/85,9,2.4,9
2/26/85,10,2.5,8.8
2/26/85,11,2.5,8.3
2/26/85,12,2.6,7.3
2/26/85,13,2.8,6.6
2/26/85,14,2.9,5.7
2/26/85,15,3,5
2/26/85,16,3.1,2.4
2/26/85,17,3.3,0.3
2/26/85,18,3.5,0.2
2/26/85,19,3.9,0.2
3/27/85,0,0.6,13.4
3/27/85,0.5,,
3/27/85,1,1.4,13
3/27/85,2,2.4,11
3/27/85,3,2.5,10.8
3/27/85,4,2.5,10.8
3/27/85,5,2.5,10.5
3/27/85,6,2.5,9.7
3/27/85,7,2.6,9.1
3/27/85,8,2.6,8.3
3/27/85,9,2.7,8
3/27/85,10,2.8,7.6
3/27/85,11,2.9,7.4
3/27/85,12,2.9,6.8
3/27/85,13,3,5.6
3/27/85,14,3.1,4.7
3/27/85,15,3.2,4
3/27/85,16,3.4,0.6
3/27/85,17,3.5,0.3
3/27/85,18,3.9,0.3
3/27/85,19,4.2,0.2
4/11/85,0,,
4/11/85,1,,
4/11/85,2,,
4/11/85,3,,
4/11/85,4,,
4/11/85,5,,
4/11/85,6,,
4/11/85,7,,
4/11/85,8,,
4/11/85,9,,
4/11/85,10,,
4/11/85,11,,
4/11/85,12,,
4/11/85,13,,
4/11/85,14,,
4/11/85,15,,
4/11/85,16,,
4/11/85,19,,
5/1/85,0,7.6,11.3
5/1/85,1,7.5,11.3
5/1/85,2,7.4,11.2
5/1/85,3,7.3,11.2
5/1/85,4,7.2,11.2
5/1/85,5,6.9,11.1
5/1/85,6,6.8,11.1
5/1/85,7,6.7,11
5/1/85,8,6.6,10.9
5/1/85,9,6.5,10.9
5/1/85,10,6.4,10.8
5/1/85,11,6.4,10.8
5/1/85,12,6.3,10.6
5/1/85,13,6.1,10.4
5/1/85,14,6,10.2
5/1/85,15,5.9,10
5/1/85,16,5.9,9.9
5/1/85,17,5.8,9.8
5/1/85,18,5.7,9.5
5/1/85,19,5.7,9.3
5/14/85,0,13.7,10.7
5/14/85,1,13.6,10.7
5/14/85,2,13.5,10.7
5/14/85,3,13.1,10.7
5/14/85,4,12.6,11
5/14/85,5,12.3,11
5/14/85,6,12.1,11.1
5/14/85,7,12,11.2
5/14/85,8,10.7,11.5
5/14/85,9,9,11.7
5/14/85,10,8.4,10.7
5/14/85,11,8,10.2
5/14/85,12,7.8,9.8
5/14/85,13,7.4,9.5
5/14/85,14,7.3,9.4
5/14/85,15,7.3,9.2
5/14/85,16,7.1,8.8
5/14/85,17,7.1,8.6
5/14/85,18,7.1,8.6
5/14/85,19,7,8.5
5/30/85,0,15.8,9.7
5/30/85,1,15.8,9.7
5/30/85,2,15.8,9.8
5/30/85,3,15.8,9.8
5/30/85,4,15.8,9.8
5/30/85,5,15.6,9.8
5/30/85,6,14.8,10.2
5/30/85,7,13.6,9.9
5/30/85,8,12.4,10.2
5/30/85,9,11.3,10.1
5/30/85,10,9.7,8.9
5/30/85,11,9.2,8.4
5/30/85,12,8.5,8.7
5/30/85,13,8,8.1
5/30/85,14,7.9,7.6
5/30/85,15,7.6,5.4
5/30/85,16,7.5,4.4
5/30/85,17,7.5,4
5/30/85,18,7.4,3.2
5/30/85,19,7.4,3
6/13/85,0,16.5,9.8
6/13/85,1,16.5,9.7
6/13/85,2,16.5,9.6
6/13/85,3,16.4,9.6
6/13/85,4,16.4,9.6
6/13/85,5,16.4,9.6
6/13/85,6,16.4,9.6
6/13/85,7,16.4,9.6
6/13/85,8,16.4,9.6
6/13/85,9,12.5,8.2
6/13/85,10,10.9,7.7
6/13/85,11,10.3,7.3
6/13/85,12,9.3,6.7
6/13/85,13,8.7,5.5
6/13/85,14,8.2,4.6
6/13/85,15,8.1,4.2
6/13/85,16,8,3.9
6/13/85,17,7.9,3
6/13/85,18,7.9,2.9
6/13/85,19,7.9,2.5
6/26/85,0,18.7,9.3
6/26/85,1,18.5,9.4
6/26/85,2,18.2,9.4
6/26/85,3,17.7,9.4
6/26/85,4,17.6,9.5
6/26/85,5,17.5,9.5
6/26/85,6,17.4,9.4
6/26/85,7,17.1,9.3
6/26/85,8,17,9.2
6/26/85,9,16.7,8.8
6/26/85,10,15.4,7.6
6/26/85,11,11.2,5.3
6/26/85,12,9.7,4.8
6/26/85,13,9.3,4.5
6/26/85,14,8.7,3.5
6/26/85,15,8.3,2.2
6/26/85,16,8.1,1.7
6/26/85,17,8,1
6/26/85,18,8,0.5
6/26/85,19,7.9,0.4
7/9/85,0,21.8,8.8
7/9/85,1,21.8,8.8
7/9/85,2,21.7,8.8
7/9/85,3,21.7,8.8
7/9/85,4,21.7,8.8
7/9/85,5,20.5,9.2
7/9/85,6,19.3,9.6
7/9/85,7,17.9,9.5
7/9/85,8,17.5,8.7
7/9/85,9,16.5,7.3
7/9/85,10,15.6,6.5
7/9/85,11,11.8,3.4
7/9/85,12,10.8,2.9
7/9/85,13,10,2.6
7/9/85,14,8.8,1.5
7/9/85,15,8.5,0.8
7/9/85,16,8.3,0.5
7/9/85,17,8.3,0.3
7/9/85,18,8.2,0.1
7/9/85,19,8.2,0.1
7/25/85,0,21.3,8.6
7/25/85,1,21.3,8.5
7/25/85,2,21.3,8.5
7/25/85,3,21.2,8.5
7/25/85,4,21.1,8.5
7/25/85,5,21.1,8.5
7/25/85,6,21,8.5
7/25/85,7,20.9,8.4
7/25/85,8,19.8,8.6
7/25/85,9,17.4,6.9
7/25/85,10,14.7,3.7
7/25/85,11,13,1.8
7/25/85,12,11,1.3
7/25/85,13,9.5,0.5
7/25/85,14,8.9,0.2
7/25/85,15,8.5,0.2
7/25/85,16,8.3,0.2
7/25/85,17,8.2,0.2
7/25/85,18,8.2,0.2
7/25/85,19,8.1,0.2
8/8/85,0,22.4,8.2
8/8/85,1,22.4,8.3
8/8/85,2,22.4,8.3
8/8/85,3,22.3,8.3
8/8/85,4,22.3,8.3
8/8/85,5,22.3,8.3
8/8/85,6,22.3,8.3
8/8/85,7,22.2,8.3
8/8/85,8,22.1,8.1
8/8/85,9,18.5,6.5
8/8/85,10,16.1,4.6
8/8/85,11,13.6,1.9
8/8/85,12,11,0.6
8/8/85,13,9.8,0.2
8/8/85,14,8.9,0.1
8/8/85,15,8.6,0.1
8/8/85,16,8.4,0.1
8/8/85,17,8.3,0.1
8/8/85,18,8.2,0.1
8/8/85,19,8.2,0.1
8/21/85,0,19.9,8.1
8/21/85,1,19.1,8.1
8/21/85,2,18.9,8
8/21/85,3,18.8,8
8/21/85,4,18.7,8
8/21/85,5,18.6,8
8/21/85,6,18.6,8
8/21/85,7,18.6,8
8/21/85,8,18.6,8
8/21/85,9,18.6,8
8/21/85,10,18.4,7.8
8/21/85,11,15,1.2
8/21/85,12,11.8,0.6
8/21/85,13,10.3,0.2
8/21/85,14,9.5,0.2
8/21/85,15,8.9,0.1
8/21/85,16,8.5,0.1
8/21/85,17,8.3,0.1
8/21/85,18,8.2,0.1
8/21/85,19,8.2,0.1
9/11/85,0,18.8,8.6
9/11/85,1,18.8,8.6
9/11/85,2,18.7,8.6
9/11/85,3,18.7,8.6
9/11/85,4,18.6,8.6
9/11/85,5,18.6,8.6
9/11/85,6,18.6,8.6
9/11/85,7,18.5,8.6
9/11/85,8,18.5,8.6
9/11/85,9,18.5,8.5
9/11/85,10,17.9,6.2
9/11/85,11,16.4,3.3
9/11/85,12,13.6,0.4
9/11/85,13,11,0.2
9/11/85,14,9.7,0.1
9/11/85,15,8.7,0.1
9/11/85,16,8.5,0.1
9/11/85,17,8.3,0.1
9/11/85,18,8.3,0.1
9/11/85,19,8.3,0.1
10/3/85,0,12.2,8.9
10/3/85,1,12.2,8.8
10/3/85,2,12.2,8.8
10/3/85,3,12.2,8.8
10/3/85,4,12.2,8.8
10/3/85,5,12.2,8.8
10/3/85,6,12.2,8.8
10/3/85,7,12.1,8.8
10/3/85,8,12.1,8.8
10/3/85,9,12.1,8.8
10/3/85,10,12.1,8.7
10/3/85,11,12.1,8.7
10/3/85,12,12.1,8.7
10/3/85,13,12.1,8.6
10/3/85,14,12.1,8.6
10/3/85,15,11.5,6.1
10/3/85,16,9,0.1
10/3/85,17,8.3,0.1
10/3/85,18,8.2,0.1
10/3/85,19,8.1,0.1
10/25/85,0,9.4,9.7
10/25/85,1,9.4,9.6
10/25/85,2,9.4,9.6
10/25/85,3,9.4,9.6
10/25/85,4,9.4,9.6
10/25/85,5,9.4,9.6
10/25/85,6,9.4,9.6
10/25/85,7,9.4,9.6
10/25/85,8,9.4,9.6
10/25/85,9,9.4,9.6
10/25/85,10,9.4,9.6
10/25/85,11,9.4,9.6
10/25/85,12,9.4,9.6
10/25/85,13,9.4,9.6
10/25/85,14,9.4,9.6
10/25/85,15,9.4,9.6
10/25/85,16,9.4,9.6
10/25/85,17,9.4,9.6
10/25/85,18,9.4,9.6
10/25/85,19,9.3,9.6
11/13/85,0,5.2,11.1
11/13/85,1,5.2,11.1
11/13/85,2,5.2,11.1
11/13/85,3,5.2,11
11/13/85,4,5.2,11.1
11/13/85,5,5.1,11.1
11/13/85,6,5.1,11.1
11/13/85,7,5.1,11
11/13/85,8,5.1,11.1
11/13/85,9,5.1,11.1
11/13/85,10,5.1,11.1
11/13/85,11,5.1,11.1
11/13/85,12,5.1,11.1
11/13/85,13,5,11.1
11/13/85,14,5,11
11/13/85,15,5,11.1
11/13/85,16,5,11
11/13/85,17,5,11
11/13/85,18,5,11
11/13/85,19,5,11
1/8/86,0,0.4,13.1
1/8/86,0.5,,
1/8/86,1,0.9,12.1
1/8/86,2,1.6,11.7
1/8/86,3,1.9,11.3
1/8/86,4,2.1,11.1
1/8/86,5,2.2,10.9
1/8/86,6,2.4,10.3
1/8/86,7,2.3,10.3
1/8/86,8,2.5,9.9
1/8/86,9,2.7,9
1/8/86,10,2.7,9
1/8/86,11,2.8,8.8
1/8/86,12,2.9,8.1
1/8/86,13,3,7.7
1/8/86,14,3,7.2
1/8/86,15,3.2,5.6
1/8/86,16,3.4,4.7
1/8/86,17,3.6,3
1/8/86,18,3.7,1.3
2/26/86,0,0.8,11.9
2/26/86,0.5,,
2/26/86,1,0.8,11.8
2/26/86,2,1.7,11.1
2/26/86,3,2.1,10.6
2/26/86,4,2.3,10.1
2/26/86,5,2.4,9.9
2/26/86,6,2.5,9.5
2/26/86,7,2.6,8.9
2/26/86,8,2.7,8.5
2/26/86,9,2.9,7.4
2/26/86,10,3,7.2
2/26/86,11,3.1,6.4
2/26/86,12,3.2,5.8
2/26/86,13,3.3,5.6
2/26/86,14,3.4,5.1
2/26/86,15,3.4,4.6
2/26/86,16,3.7,3.3
2/26/86,17,3.9,2.5
2/26/86,18,4,1.6
2/26/86,19,4.3,0.6
4/1/86,0,1.5,11.7
4/1/86,1,1.7,11.5
4/1/86,2,2.3,11.3
4/1/86,3,2.7,10.3
4/1/86,4,2.8,9.3
4/1/86,5,2.9,9.1
4/1/86,6,3,8.4
4/1/86,7,3,7.6
4/1/86,8,3.1,7
4/1/86,9,3.3,6.5
4/1/86,10,3.4,6
4/1/86,11,3.4,5.5
4/1/86,12,3.5,5.1
4/1/86,13,3.6,4.9
4/1/86,14,3.7,4.5
4/1/86,15,3.7,3.9
4/1/86,16,3.8,2.9
4/1/86,17,4.1,0.5
4/1/86,18,4.3,0.5
4/23/86,0,6,12.2
4/23/86,1,5.9,12.2
4/23/86,2,5.8,12.2
4/23/86,3,5.8,12.2
4/23/86,4,5.8,12.2
4/23/86,5,5.7,12.2
4/23/86,6,5.7,12.2
4/23/86,7,5.7,12.2
4/23/86,8,5.6,12.2
4/23/86,9,5.6,12.2
4/23/86,10,5.6,12.2
4/23/86,11,5.6,12.2
4/23/86,12,5.4,12.2
4/23/86,13,5.4,12.2
4/23/86,14,5.6,12.2
4/23/86,15,5.5,12.2
4/23/86,16,5.4,12.2
4/23/86,17,5.3,12.1
4/23/86,18,5.3,12.1
4/23/86,19,5.4,12
5/8/86,0,11.2,11
5/8/86,1,11.1,11.1
5/8/86,2,11.1,11.1
5/8/86,3,11,11.1
5/8/86,4,11,11.1
5/8/86,5,10.9,11
5/8/86,6,10.8,11
5/8/86,7,10.7,11
5/8/86,8,10.6,11
5/8/86,9,10.6,11
5/8/86,10,10.5,10.9
5/8/86,11,10.5,10.9
5/8/86,12,10.5,10.8
5/8/86,13,10.4,10.8
5/8/86,14,10.2,10.7
5/8/86,15,10.1,10.4
5/8/86,16,10.1,10.3
5/8/86,17,10.2,10.1
5/8/86,18,10,9.3
5/8/86,19,9.9,9.1
5/19/86,0,13.8,10.3
5/19/86,1,13.8,10.3
5/19/86,2,13.8,10.3
5/19/86,3,13.7,10.3
5/19/86,4,13.7,10.3
5/19/86,5,13.4,10.5
5/19/86,6,11.9,11
5/19/86,7,11.7,11
5/19/86,8,11.5,10.9
5/19/86,9,11.1,10.3
5/19/86,10,11,10.3
5/19/86,11,10.6,9.5
5/19/86,12,10.4,9.2
5/19/86,13,10.3,8.1
5/19/86,14,10.1,7.1
5/19/86,15,10.1,6.8
5/19/86,16,10,5.6
5/19/86,17,10,5.4
5/19/86,18,10,5.4
5/19/86,19,10,4.7
6/4/86,0,18.4,9.1
6/4/86,1,18.2,9.2
6/4/86,2,17.6,9.2
6/4/86,3,17.5,9.3
6/4/86,4,17.4,9.4
6/4/86,5,16.9,9.7
6/4/86,6,16.6,9.7
6/4/86,7,16.3,9.8
6/4/86,8,13.9,10
6/4/86,9,13,9.9
6/4/86,10,11.8,8.8
6/4/86,11,11.7,8.6
6/4/86,12,11.3,7.4
6/4/86,13,10.9,5.9
6/4/86,14,10.7,4.8
6/4/86,15,10.5,4.1
6/4/86,16,10.4,3.2
6/4/86,17,10.3,2.6
6/4/86,18,10.2,2.3
6/4/86,19,10.2,2
6/18/86,0,19.1,9.2
6/18/86,1,18.9,9.3
6/18/86,2,18.7,9.3
6/18/86,3,18.6,9.2
6/18/86,4,18.1,9.2
6/18/86,5,17.9,9.2
6/18/86,6,17.8,9.2
6/18/86,7,17.8,9.2
6/18/86,8,17.5,9.1
6/18/86,9,14.3,8.9
6/18/86,10,13,8.5
6/18/86,11,12.4,7.8
6/18/86,12,11.8,6.5
6/18/86,13,11.1,3.4
6/18/86,14,10.7,1.8
6/18/86,15,10.5,0.8
6/18/86,16,10.4,0.4
6/18/86,17,10.3,0.4
6/18/86,18,10.3,0.3
6/18/86,19,10.3,0.3
7/1/86,0,20.6,9.2
7/1/86,1,20.6,9.1
7/1/86,2,20.7,9.1
7/1/86,3,20.7,9.1
7/1/86,4,20.7,9
7/1/86,5,20.6,9
7/1/86,6,20.3,9.1
7/1/86,7,20,9.3
7/1/86,8,19,9.2
7/1/86,9,16.4,8.7
7/1/86,10,14.9,7.1
7/1/86,11,13.4,6.7
7/1/86,12,11.9,4.2
7/1/86,13,11.9,2.9
7/1/86,14,11.4,1.6
7/1/86,15,10.9,1.2
7/1/86,16,11,0.6
7/1/86,17,10.8,0.3
7/1/86,18,10.6,0.2
7/1/86,19,10.3,0.2
7/16/86,0,20.7,8.7
7/16/86,1,20.7,8.7
7/16/86,2,20.7,8.7
7/16/86,3,20.7,8.6
7/16/86,4,20.7,8.6
7/16/86,5,20.6,8.6
7/16/86,6,20.6,8.5
7/16/86,7,20.4,8.3
7/16/86,8,20.3,8.3
7/16/86,9,18.5,8.2
7/16/86,10,14.9,5.5
7/16/86,11,13.6,5.7
7/16/86,12,12.3,3.3
7/16/86,13,11.4,1.3
7/16/86,14,11,0.4
7/16/86,15,10.7,0.2
7/16/86,16,10.5,0.2
7/16/86,17,10.4,0.2
7/16/86,18,10.3,0.2
7/16/86,19,10.2,0.2
7/30/86,0,24.3,8
7/30/86,1,24.2,7.8
7/30/86,2,24.2,7.7
7/30/86,3,24.1,7.7
7/30/86,4,23.9,7.7
7/30/86,5,23.9,7.5
7/30/86,6,23.8,7.6
7/30/86,7,23,7.7
7/30/86,8,21.4,7.4
7/30/86,9,19.2,6.7
7/30/86,10,16.6,5.5
7/30/86,11,14.3,3.9
7/30/86,12,13,1.9
7/30/86,13,12.4,0.7
7/30/86,14,11.7,0.3
7/30/86,15,11.3,0.3
7/30/86,16,11,0.2
7/30/86,17,10.9,0.2
7/30/86,18,10.8,0.2
7/30/86,19,10.7,0.2
8/12/86,0,21.3,8.3
8/12/86,1,21.3,8.3
8/12/86,2,21.3,8.3
8/12/86,3,21.3,8.3
8/12/86,4,21.3,8.3
8/12/86,5,21.3,8.3
8/12/86,6,21.4,8.3
8/12/86,7,21.4,8.3
8/12/86,8,21.4,8.3
8/12/86,9,21.1,8.2
8/12/86,10,17.4,5.1
8/12/86,11,14.9,3.5
8/12/86,12,13.2,0.9
8/12/86,13,12.3,0.4
8/12/86,14,11.7,0.1
8/12/86,15,11.2,0.1
8/12/86,16,10.9,0.1
8/12/86,17,10.8,0.1
8/12/86,18,10.7,0.1
8/12/86,19,10.6,0.1
8/25/86,0,20.3,8.6
8/25/86,1,20.3,8.6
8/25/86,2,20.3,8.6
8/25/86,3,20.3,8.6
8/25/86,4,20.3,8.6
8/25/86,5,20.3,8.6
8/25/86,6,20.3,8.6
8/25/86,7,20.3,8.6
8/25/86,8,20.3,8.6
8/25/86,9,20.2,8.5
8/25/86,10,20.2,8.5
8/25/86,11,15.8,3.2
8/25/86,12,13.4,0.7
8/25/86,13,12.3,0.2
8/25/86,14,11.9,0.2
8/25/86,15,11.3,0.1
8/25/86,16,10.9,0.1
8/25/86,17,10.6,0.1
8/25/86,18,10.5,0.1
8/25/86,19,10.5,0.1
9/10/86,0,17.2,8.4
9/10/86,1,17.2,8.4
9/10/86,2,17.2,8.4
9/10/86,3,17.2,8.3
9/10/86,4,17.2,8.3
9/10/86,5,17.2,8.3
9/10/86,6,17.2,8.3
9/10/86,7,17.2,8.3
9/10/86,8,17.1,8.1
9/10/86,9,17.1,8.1
9/10/86,10,17.1,8
9/10/86,11,16.9,7.9
9/10/86,12,16.5,6.8
9/10/86,13,13.3,0.2
9/10/86,14,11.8,0.1
9/10/86,15,11.2,0.1
9/10/86,16,10.8,0.1
9/10/86,17,10.7,0.1
9/10/86,18,10.6,0.1
9/10/86,19,10.5,0.1
9/23/86,0,14.8,8.6
9/23/86,1,14.8,8.5
9/23/86,2,14.8,8.5
9/23/86,3,14.8,8.5
9/23/86,4,14.8,8.5
9/23/86,5,14.8,8.5
9/23/86,6,14.8,8.5
9/23/86,7,14.8,8.5
9/23/86,8,14.8,8.5
9/23/86,9,14.8,8.4
9/23/86,10,14.8,8.4
9/23/86,11,14.8,8.4
9/23/86,12,14.8,8.4
9/23/86,13,14.7,8.2
9/23/86,14,13.2,0.6
9/23/86,15,11.5,0.2
9/23/86,16,10.9,0.2
9/23/86,17,10.6,0.2
9/23/86,18,10.4,0.2
9/23/86,19,10.4,0.1
10/7/86,0,13.8,8.6
10/7/86,1,13.8,8.5
10/7/86,2,13.8,8.5
10/7/86,3,13.8,8.5
10/7/86,4,13.8,8.5
10/7/86,5,13.8,8.5
10/7/86,6,13.8,8.5
10/7/86,7,13.8,8.5
10/7/86,8,13.8,8.5
10/7/86,9,13.8,8.5
10/7/86,10,13.8,8.5
10/7/86,11,13.8,8.5
10/7/86,12,13.7,8.5
10/7/86,13,13.7,8.5
10/7/86,14,13.6,8.2
10/7/86,15,13.5,8.2
10/7/86,16,13,7.1
10/7/86,17,11.1,0.3
10/7/86,18,10.7,0.2
10/7/86,19,10.6,0.2
10/21/86,0,10.8,9.3
10/21/86,1,10.7,9.3
10/21/86,2,10.4,9.2
10/21/86,3,10.3,9.3
10/21/86,4,10.3,9.2
10/21/86,5,10.2,9.1
10/21/86,6,10.2,9.1
10/21/86,7,10.2,9
10/21/86,8,10.1,9
10/21/86,9,10.1,8.9
10/21/86,10,10.1,8.9
10/21/86,11,10,8.8
10/21/86,12,10,8.8
10/21/86,13,10,8.8
10/21/86,14,10,8.8
10/21/86,15,10,8.8
10/21/86,16,10,8.8
10/21/86,17,10,8.8
10/21/86,18,10,8.7
10/21/86,19,10,8.6
11/5/86,0,7.7,10
11/5/86,1,7.7,10
11/5/86,2,7.7,10
11/5/86,3,7.7,10
11/5/86,4,7.7,9.9
11/5/86,5,7.7,9.9
11/5/86,6,7.7,9.9
11/5/86,7,7.7,9.9
11/5/86,8,7.7,9.9
11/5/86,9,7.7,9.9
11/5/86,10,7.7,9.9
11/5/86,11,7.7,9.9
11/5/86,12,7.7,9.9
11/5/86,13,7.7,9.9
11/5/86,14,7.7,9.9
11/5/86,15,7.7,9.9
11/5/86,16,7.7,9.9
11/5/86,17,7.7,9.9
11/5/86,18,7.7,9.9
11/5/86,19,7.6,9.9
1/12/87,0,0.7,14.8
1/12/87,1,2,12.5
1/12/87,2,2.6,11.6
1/12/87,3,2.7,11.3
1/12/87,4,2.8,11
1/12/87,5,2.9,10.9
1/12/87,6,3,10.7
1/12/87,7,3.1,10.6
1/12/87,8,3.2,10.4
1/12/87,9,3.3,9.9
1/12/87,10,3.4,9.7
1/12/87,11,3.6,8.5
1/12/87,12,3.7,7.2
1/12/87,13,3.9,6.1
1/12/87,14,4,5.8
1/12/87,15,4.1,5.9
1/12/87,16,4.2,4.5
1/12/87,17,4.3,0.5
1/12/87,18,4.4,0.2
1/12/87,19,4.6,0.2
2/25/87,0,0.5,13.7
2/25/87,1,1.2,12.6
2/25/87,2,2.5,11.5
2/25/87,3,2.9,10.9
2/25/87,4,3.1,10.4
2/25/87,5,3.3,10
2/25/87,6,3.4,9.6
2/25/87,7,3.5,9.2
2/25/87,8,3.6,8.6
2/25/87,9,3.8,8
2/25/87,10,3.8,7.4
2/25/87,11,3.9,6.9
2/25/87,12,4,5.9
2/25/87,13,4.1,4.6
2/25/87,14,4.2,5
2/25/87,15,4.2,5.2
2/25/87,16,4.2,5.1
2/25/87,17,4.4,2.9
2/25/87,18,4.5,0.6
2/25/87,19,4.6,0.2
3/24/87,0,4.4,10.9
3/24/87,1,4.5,11
3/24/87,2,4.6,11.3
3/24/87,3,4.6,11.4
3/24/87,4,4.5,11.4
3/24/87,5,4.4,11.5
3/24/87,6,4.3,10.2
3/24/87,7,4.3,9.8
3/24/87,8,4.2,10.1
3/24/87,9,4.2,9.6
3/24/87,10,4.2,9.1
3/24/87,11,4.1,7.5
3/24/87,12,4.2,6.5
3/24/87,13,4.2,5.1
3/24/87,14,4.4,4.6
3/24/87,15,4.4,3.5
3/24/87,16,4.4,2.8
3/24/87,17,4.5,1.9
3/24/87,18,4.6,0.5
3/24/87,19,4.7,0.5
4/16/87,0,6.7,11.6
4/16/87,1,6.5,11.6
4/16/87,2,6.3,11.5
4/16/87,3,6.2,11.4
4/16/87,4,6.1,11.4
4/16/87,5,6,11.5
4/16/87,6,5.9,11.5
4/16/87,7,5.8,11.5
4/16/87,8,5.7,11.3
4/16/87,9,5.7,11.4
4/16/87,10,5.6,11.2
4/16/87,11,5.5,11.2
4/16/87,12,5.5,11.2
4/16/87,13,5.5,11.1
4/16/87,14,5.4,10.9
4/16/87,15,5.1,9.7
4/16/87,16,5.1,9.6
4/16/87,17,4.9,9
4/16/87,18,4.9,8.9
4/16/87,19,4.9,8.9
5/6/87,0,11.9,11.3
5/6/87,1,11.9,11.3
5/6/87,2,11.9,11.3
5/6/87,3,11.9,11.3
5/6/87,4,11.7,11.3
5/6/87,5,11.2,11.8
5/6/87,6,10.4,12.1
5/6/87,7,10.1,12.2
5/6/87,8,9.9,12.2
5/6/87,9,9.8,12.2
5/6/87,10,9.6,12.2
5/6/87,11,9.4,11.9
5/6/87,12,8,9.5
5/6/87,13,7.7,9.1
5/6/87,14,7.5,8.7
5/6/87,15,7.1,8.1
5/6/87,16,6.9,7.6
5/6/87,17,6.9,7.6
5/6/87,18,6.9,7.6
5/6/87,19,6.9,7.5
5/21/87,0,14.5,9.5
5/21/87,1,14.4,9.5
5/21/87,2,14.4,9.5
5/21/87,3,14.3,9.5
5/21/87,4,14.2,9.5
5/21/87,5,14.1,9.5
5/21/87,6,13.9,9.4
5/21/87,7,13.9,9.4
5/21/87,8,13.8,9.4
5/21/87,9,13.5,9.4
5/21/87,10,12.2,9.8
5/21/87,11,9.8,9.6
5/21/87,12,9,8.9
5/21/87,13,8.4,7.6
5/21/87,14,8.1,6.8
5/21/87,15,7.9,6.4
5/21/87,16,7.8,5.8
5/21/87,17,7.7,5.4
5/21/87,18,7.7,5.2
5/21/87,19,7.6,3.5
6/2/87,0,19.8,9.4
6/2/87,1,19.7,9.5
6/2/87,2,19.8,9.4
6/2/87,3,19.7,9.5
6/2/87,4,19.6,9.5
6/2/87,5,19.4,9.5
6/2/87,6,15.8,10.4
6/2/87,7,14.7,10.5
6/2/87,8,14.4,10.3
6/2/87,9,14,10.1
6/2/87,10,12.5,9.6
6/2/87,11,11.3,9
6/2/87,12,9.5,7.8
6/2/87,13,8.7,6.3
6/2/87,14,8.5,5.9
6/2/87,15,8.4,5.5
6/2/87,16,8.3,4.8
6/2/87,17,8.2,4.2
6/2/87,18,8.1,4
6/2/87,19,8.1,3.9
6/11/87,0,18.4,8.8
6/11/87,1,18.4,8.8
6/11/87,2,18.4,8.9
6/11/87,3,18.4,8.9
6/11/87,4,18.4,8.8
6/11/87,5,18.4,8.8
6/11/87,6,18.3,8.8
6/11/87,7,17.8,8.9
6/11/87,8,15.8,9.5
6/11/87,9,14.2,8.8
6/11/87,10,13.1,8.4
6/11/87,11,11.5,7.6
6/11/87,12,10.2,6.5
6/11/87,13,9.4,5.5
6/11/87,14,9,4.9
6/11/87,15,8.8,4.2
6/11/87,16,8.6,3.6
6/11/87,17,8.5,3.2
6/11/87,18,8.5,2.8
6/11/87,19,8.4,2.2
6/30/87,0,21.8,8.6
6/30/87,1,21.8,8.6
6/30/87,2,21.8,8.6
6/30/87,3,21.7,8.7
6/30/87,4,21.7,8.7
6/30/87,5,21.6,8.7
6/30/87,6,21.4,8.7
6/30/87,7,19.1,9.8
6/30/87,8,17,10.1
6/30/87,9,15.5,9.4
6/30/87,10,14,8.5
6/30/87,11,12.4,7.5
6/30/87,12,10.7,5.7
6/30/87,13,9.7,4.1
6/30/87,14,9.3,3.2
6/30/87,15,9,2.2
6/30/87,16,8.8,1.4
6/30/87,17,8.6,0.6
6/30/87,18,8.6,0.5
6/30/87,19,8.6,0.4
7/14/87,0,21.2,8.2
7/14/87,1,21.3,8.2
7/14/87,2,21.3,8.2
7/14/87,3,21.3,8.2
7/14/87,4,21.3,8.2
7/14/87,5,21.3,8.2
7/14/87,6,21.3,8.2
7/14/87,7,21.3,8.2
7/14/87,8,18.7,8.8
7/14/87,9,16.3,8.8
7/14/87,10,14.5,8
7/14/87,11,13,7.3
7/14/87,12,11.4,6
7/14/87,13,10.5,3.6
7/14/87,14,9.5,1.4
7/14/87,15,9.1,0.5
7/14/87,16,8.9,0.3
7/14/87,17,8.8,0.3
7/14/87,18,8.8,0.3
7/14/87,19,8.7,0.2
7/28/87,0,24,8.1
7/28/87,1,23.8,8.2
7/28/87,2,23.8,8.1
7/28/87,3,23.8,8.2
7/28/87,4,23.8,8.2
7/28/87,5,23.8,8.2
7/28/87,6,23.7,8.2
7/28/87,7,22.7,8.3
7/28/87,8,21.3,8.3
7/28/87,9,19.1,8.2
7/28/87,10,15.4,7.7
7/28/87,11,13.7,6.9
7/28/87,12,12,4.9
7/28/87,13,10.7,2.3
7/28/87,14,9.9,0.9
7/28/87,15,9.5,0.4
7/28/87,16,9.2,0.3
7/28/87,17,9.1,0.3
7/28/87,18,9,0.3
7/28/87,19,9,0.3
8/11/87,0,23.3,8.4
8/11/87,1,23.3,8.4
8/11/87,2,23.4,8.4
8/11/87,3,23.4,8.4
8/11/87,4,23.4,8.4
8/11/87,5,23.4,8.4
8/11/87,6,23.3,8.5
8/11/87,7,23.2,8.5
8/11/87,8,23.2,8.5
8/11/87,9,19.3,7.9
8/11/87,10,16.6,6.7
8/11/87,11,13.7,5.7
8/11/87,12,12,3.8
8/11/87,13,10.7,1.1
8/11/87,14,10,0.8
8/11/87,15,9.5,0.5
8/11/87,16,9.2,0.4
8/11/87,17,9,0.4
8/11/87,18,9,0.4
8/11/87,19,8.9,0.3
8/24/87,0,20.5,8.3
8/24/87,1,20.5,8.3
8/24/87,2,20.5,8.3
8/24/87,3,20.5,8.3
8/24/87,4,20.5,8.3
8/24/87,5,20.5,8.3
8/24/87,6,20.5,8.3
8/24/87,7,20.6,8.3
8/24/87,8,20.6,8.3
8/24/87,9,20.6,8.3
8/24/87,10,18.7,6
8/24/87,11,14.5,4.9
8/24/87,12,12.6,3.1
8/24/87,13,11.1,1.1
8/24/87,14,10.2,0.8
8/24/87,15,9.6,0.7
8/24/87,16,9.4,0.6
8/24/87,17,9.2,0.6
8/24/87,18,9.2,0.6
8/24/87,19,9.1,0.6
9/9/87,0,18.9,9
9/9/87,1,18.9,9
9/9/87,2,18.9,9
9/9/87,3,18.9,9
9/9/87,4,18.9,9
9/9/87,5,18.9,9
9/9/87,6,18.8,9
9/9/87,7,18.7,9
9/9/87,8,18.7,9
9/9/87,9,18.5,8.8
9/9/87,10,18.3,8.5
9/9/87,11,17.2,7.3
9/9/87,12,13.1,1.4
9/9/87,13,11.1,0.5
9/9/87,14,10.2,0.4
9/9/87,15,9.6,0.4
9/9/87,16,9.2,0.4
9/9/87,17,9.1,0.3
9/9/87,18,9.1,0.3
9/23/87,0,17.2,8.8
9/23/87,1,17.2,8.8
9/23/87,2,17.2,8.7
9/23/87,3,17.2,8.7
9/23/87,4,17.2,8.7
9/23/87,5,17.2,8.7
9/23/87,6,17.2,8.7
9/23/87,7,17.2,8.7
9/23/87,8,17.2,8.7
9/23/87,9,17.1,8.7
9/23/87,10,17.1,8.7
9/23/87,11,17.1,8.7
9/23/87,12,17.1,8.7
9/23/87,13,12.3,0.3
9/23/87,14,11.1,0.2
9/23/87,15,10.1,0.2
9/23/87,16,9.8,0.2
9/23/87,17,9.2,0.2
9/23/87,18,9.2,0.2
9/23/87,19,9.1,0.2
10/6/87,0,13.7,9
10/6/87,1,13.7,9
10/6/87,2,13.7,9
10/6/87,3,13.7,9
10/6/87,4,13.7,9
10/6/87,5,13.7,9
10/6/87,6,13.7,8.9
10/6/87,7,13.7,8.9
10/6/87,8,13.7,8.9
10/6/87,9,13.7,8.9
10/6/87,10,13.7,8.9
10/6/87,11,13.7,8.9
10/6/87,12,13.5,8.5
10/6/87,13,13.4,8.4
10/6/87,14,13.1,8
10/6/87,15,12.3,5.2
10/6/87,16,9.9,0.2
10/6/87,17,9.7,0.2
10/6/87,18,9.5,0.1
10/6/87,19,9.4,0.1
10/21/87,0,9.7,9.6
10/21/87,1,9.7,9.6
10/21/87,2,9.7,9.6
10/21/87,3,9.7,9.6
10/21/87,4,9.7,9.5
10/21/87,5,9.6,9.5
10/21/87,6,9.6,9.5
10/21/87,7,9.6,9.5
10/21/87,8,9.6,9.5
10/21/87,9,9.6,9.5
10/21/87,10,9.6,9.5
10/21/87,11,9.5,9.5
10/21/87,12,9.5,9.6
10/21/87,13,9.5,9.6
10/21/87,14,9.5,9.6
10/21/87,15,9.4,9.6
10/21/87,16,9.4,9.6
10/21/87,17,9.4,9.5
10/21/87,18,9.3,9.4
11/4/87,0,7.6,10.2
11/4/87,1,7.6,10.1
11/4/87,2,7.6,10.1
11/4/87,3,7.6,10
11/4/87,4,7.6,10.1
11/4/87,5,7.6,10.1
11/4/87,6,7.6,10.1
11/4/87,7,7.6,10.2
11/4/87,8,7.6,10.1
11/4/87,9,7.6,10.1
11/4/87,10,7.6,10.1
11/4/87,11,7.6,10.1
11/4/87,12,7.6,10.1
11/4/87,13,7.6,10.1
11/4/87,14,7.6,10.1
11/4/87,15,7.6,10.1
11/4/87,16,7.5,10.1
11/4/87,17,7.5,10.1
11/4/87,18,7.5,10.1
11/4/87,19,7.2,9.9
11/16/87,0,5.5,10.9
11/16/87,1,5.5,10.9
11/16/87,2,5.5,10.8
11/16/87,3,5.5,10.8
11/16/87,4,5.5,10.8
11/16/87,5,5.5,10.8
11/16/87,6,5.5,10.9
11/16/87,7,5.5,10.9
11/16/87,8,5.5,10.9
11/16/87,9,5.5,10.9
11/16/87,10,5.5,10.8
11/16/87,11,5.5,10.8
11/16/87,12,5.4,10.9
11/16/87,13,5.4,10.9
11/16/87,14,5.4,10.9
11/16/87,15,5.4,10.9
11/16/87,16,5.4,10.9
11/16/87,17,5.4,10.9
11/16/87,18,5.4,10.8
11/16/87,19,5.4,10.8
1/12/88,0,0.7,14
1/12/88,1,1.9,12.5
1/12/88,2,2.4,11.7
1/12/88,3,2.4,11.5
1/12/88,4,2.5,11
1/12/88,5,2.5,10.9
1/12/88,6,2.6,10.7
1/12/88,7,2.7,10.7
1/12/88,8,2.7,10.6
1/12/88,9,2.9,10.2
1/12/88,10,3,9.7
1/12/88,11,3.1,8.9
1/12/88,12,3.2,8.6
1/12/88,13,3.3,8
1/12/88,14,3.4,7.2
1/12/88,15,3.5,6.7
1/12/88,16,3.6,6
1/12/88,17,3.7,4.5
1/12/88,18,3.9,3
3/1/88,0,0.1,15.1
3/1/88,1,0.7,14.3
3/1/88,2,2.1,12.6
3/1/88,3,2.6,11.7
3/1/88,4,2.8,11.2
3/1/88,5,2.9,10.4
3/1/88,6,3,10.1
3/1/88,7,3.1,9.9
3/1/88,8,3.3,9.3
3/1/88,9,3.3,9
3/1/88,10,3.4,9
3/1/88,11,3.5,8.1
3/1/88,12,3.6,6.9
3/1/88,13,3.6,6.6
3/1/88,14,3.8,4.9
3/1/88,15,3.9,5.4
3/1/88,16,4,5
3/1/88,17,4.1,2.5
3/1/88,18,4.3,0.8
4/6/88,0,0.3,11.8
4/6/88,1,2.6,12.4
4/6/88,2,3.6,11.1
4/6/88,3,3.7,11
4/6/88,4,3.7,10.8
4/6/88,5,3.7,10.9
4/6/88,6,3.7,11.2
4/6/88,7,3.7,10.1
4/6/88,8,3.7,8.2
4/6/88,9,3.7,8.2
4/6/88,10,3.8,7
4/6/88,11,3.8,6.8
4/6/88,12,3.9,5.7
4/6/88,13,4,4.2
4/6/88,14,4.1,3.6
4/6/88,15,4.1,2.5
4/6/88,16,4.2,1.2
4/6/88,17,4.3,1
4/6/88,18,4.4,0.4
4/25/88,0,5.3,12.1
4/25/88,1,5.1,12.1
4/25/88,2,5.1,12.1
4/25/88,3,5.1,12.2
4/25/88,4,5.1,12.2
4/25/88,5,5.1,12.2
4/25/88,6,5.1,12.2
4/25/88,7,5.1,12.2
4/25/88,8,5,12.2
4/25/88,9,5,12.2
4/25/88,10,5,12.2
4/25/88,11,5,12.2
4/25/88,12,5,12.2
4/25/88,13,5,12.2
4/25/88,14,5,12.2
4/25/88,15,5,12.2
4/25/88,16,5,12.2
4/25/88,17,4.9,12.2
4/25/88,18,4.9,12.2
4/25/88,19,4.8,12.1
5/11/88,0,12.2,10.8
5/11/88,1,12.2,10.8
5/11/88,2,12.2,10.8
5/11/88,3,12.2,10.8
5/11/88,4,12.2,10.8
5/11/88,5,12.2,10.8
5/11/88,6,12.1,10.9
5/11/88,7,11.7,11.5
5/11/88,8,7.1,13.3
5/11/88,9,6.6,12.9
5/11/88,10,6.2,12.3
5/11/88,11,6.1,12.3
5/11/88,12,6,12.3
5/11/88,13,6,12.3
5/11/88,14,5.9,11.4
5/11/88,15,5.8,10.8
5/11/88,16,5.7,10.6
5/11/88,17,5.7,10.2
5/11/88,18,5.7,10.3
5/11/88,19,5.7,9.7
5/25/88,0,16.1,9.9
5/25/88,1,15.7,10
5/25/88,2,15.5,10
5/25/88,3,15.4,10
5/25/88,4,15.1,10.1
5/25/88,5,14.9,10.1
5/25/88,6,12.8,10.7
5/25/88,7,11.3,11.2
5/25/88,8,10.6,11.5
5/25/88,9,8.9,12.1
5/25/88,10,8.5,12
5/25/88,11,7.9,11.8
5/25/88,12,7.2,11.7
5/25/88,13,7,11.3
5/25/88,14,6.8,10.7
5/25/88,15,6.7,10.6
5/25/88,16,6.7,10.4
5/25/88,17,6.5,9.6
5/25/88,18,6.5,9.3
5/25/88,19,6.5,9
6/9/88,0,20.3,8.5
6/9/88,1,20.3,8.5
6/9/88,2,20.3,8.5
6/9/88,3,20.3,8.5
6/9/88,4,20.3,8.5
6/9/88,5,19.7,9.2
6/9/88,6,16.4,10.2
6/9/88,7,14,10.4
6/9/88,8,12.9,10.7
6/9/88,9,11.1,11.2
6/9/88,10,9.8,11.3
6/9/88,11,8.9,11.1
6/9/88,12,8.2,10.4
6/9/88,13,7.6,9.5
6/9/88,14,7.4,8.7
6/9/88,15,7.3,7.8
6/9/88,16,7.1,6.7
6/9/88,17,7.1,6
6/9/88,18,7,5.2
6/22/88,0,22.6,8.7
6/22/88,1,22.6,8.7
6/22/88,2,22.6,8.7
6/22/88,3,22.5,8.7
6/22/88,4,22.3,8.8
6/22/88,5,21.5,8.9
6/22/88,6,21.4,8.8
6/22/88,7,20.6,9.1
6/22/88,8,15.6,10.8
6/22/88,9,12.1,11.2
6/22/88,10,11.4,11.4
6/22/88,11,9.8,11.2
6/22/88,12,8.6,9.9
6/22/88,13,8.2,8.9
6/22/88,14,7.8,6.5
6/22/88,15,7.6,5.3
6/22/88,16,7.5,4.5
6/22/88,17,7.4,4
6/22/88,18,7.4,4
6/22/88,19,7.4,3.9
7/5/88,0,23,8.7
7/5/88,1,22.9,8.7
7/5/88,2,22.8,8.7
7/5/88,3,22.7,8.8
7/5/88,4,22.1,9
7/5/88,5,21.7,9.1
7/5/88,6,21.2,9.1
7/5/88,7,20.9,9.1
7/5/88,8,17.1,10.4
7/5/88,9,13.6,10.7
7/5/88,10,11.6,11.1
7/5/88,11,10.2,10.9
7/5/88,12,9.2,9.7
7/5/88,13,8.5,7.3
7/5/88,14,8.2,5.8
7/5/88,15,7.9,4.9
7/5/88,16,7.8,3.4
7/5/88,17,7.7,3.1
7/5/88,18,7.7,1.6
7/5/88,19,7.5,1.4
7/20/88,0,23.2,8.4
7/20/88,1,23.2,8.4
7/20/88,2,23.2,8.4
7/20/88,3,23.2,8.4
7/20/88,4,23.2,8.4
7/20/88,5,23.1,8.4
7/20/88,6,22.8,8.5
7/20/88,7,22.3,8.4
7/20/88,8,20.6,8.9
7/20/88,9,15.7,10.3
7/20/88,10,12.9,9.9
7/20/88,11,11.1,9.7
7/20/88,12,9.9,7.9
7/20/88,13,8.9,5.6
7/20/88,14,8.5,3.4
7/20/88,15,8.1,2
7/20/88,16,8,1.5
7/20/88,17,7.9,0.9
7/20/88,18,7.8,0.7
7/20/88,19,7.8,0.5
8/4/88,0,24.6,8
8/4/88,1,24.6,8
8/4/88,2,24.6,8
8/4/88,3,24.6,8
8/4/88,4,24.4,8.1
8/4/88,5,24.1,8.2
8/4/88,6,23.9,8.2
8/4/88,7,23.5,8.2
8/4/88,8,22,8.2
8/4/88,9,18,9.2
8/4/88,10,14.9,9.5
8/4/88,11,11.7,8.1
8/4/88,12,10.3,6.4
8/4/88,13,8.8,2.4
8/4/88,14,8.5,1.3
8/4/88,15,8.3,1
8/4/88,16,8.3,0.8
8/4/88,17,8.2,0.5
8/4/88,18,8.1,0.4
8/4/88,19,8,0.3
8/18/88,0,23.6,7.6
8/18/88,1,23.7,7.5
8/18/88,2,23.7,7.6
8/18/88,3,23.7,7.6
8/18/88,4,23.7,7.6
8/18/88,5,23.7,7.6
8/18/88,6,23.7,7.6
8/18/88,7,23.6,7.5
8/18/88,8,22.9,7.3
8/18/88,9,20.8,7
8/18/88,10,15.5,7.7
8/18/88,11,12,6.3
8/18/88,12,10.9,5.2
8/18/88,13,9.6,2.9
8/18/88,14,8.8,1.1
8/18/88,15,8.5,0.6
8/18/88,16,8.3,0.6
8/18/88,17,8.1,0.6
8/18/88,18,8.1,0.6
8/18/88,19,8,0.6
8/30/88,0,18.8,8.1
8/30/88,1,19.3,8.2
8/30/88,2,19.3,8.2
8/30/88,3,19.2,8.3
8/30/88,4,19.2,8.3
8/30/88,5,19.2,8.3
8/30/88,6,19.2,8.3
8/30/88,7,19.2,8.3
8/30/88,8,19.2,8.3
8/30/88,9,19.2,8.3
8/30/88,10,18.9,7.9
8/30/88,11,13.1,5.5
8/30/88,12,11.2,3.6
8/30/88,13,9.9,1.7
8/30/88,14,9.2,0.7
8/30/88,15,8.7,0.5
8/30/88,16,8.4,0.5
8/30/88,17,8.2,0.5
8/30/88,18,8.1,0.4
8/30/88,19,8.1,0.4
9/12/88,0,17.1,9
9/12/88,1,17.1,9
9/12/88,2,17.1,9
9/12/88,3,17.1,9
9/12/88,4,17.1,9
9/12/88,5,17,9
9/12/88,6,17,9
9/12/88,7,17,9
9/12/88,8,16.9,9
9/12/88,9,16.5,8.9
9/12/88,10,16.4,8.6
9/12/88,11,16.2,8.3
9/12/88,12,13.1,3.3
9/12/88,13,9.6,0.8
9/12/88,14,9,0.5
9/12/88,15,8.3,0.4
9/12/88,16,8.1,0.4
9/12/88,17,8,0.4
9/12/88,18,7.9,0.4
9/27/88,0,14.9,8
9/27/88,1,14.8,8
9/27/88,2,14.8,8
9/27/88,3,14.9,8
9/27/88,4,14.9,8
9/27/88,5,15,8
9/27/88,6,15,8
9/27/88,7,15,8
9/27/88,8,15,8
9/27/88,9,15.1,8
9/27/88,10,15.1,8
9/27/88,11,14.9,7.3
9/27/88,12,14.8,7.1
9/27/88,13,11.8,0.8
9/27/88,14,9.6,0.4
9/27/88,15,8.6,0.4
9/27/88,16,8.3,0.4
9/27/88,17,8.2,0.4
9/27/88,18,8.1,0.4
9/27/88,19,8.1,0.4
10/13/88,0,10.6,9.6
10/13/88,1,10.5,9.6
10/13/88,2,10.5,9.6
10/13/88,3,10.5,9.6
10/13/88,4,10.5,9.6
10/13/88,5,10.4,9.7
10/13/88,6,10.3,9.7
10/13/88,7,10.3,9.7
10/13/88,8,10.3,9.7
10/13/88,9,10.3,9.7
10/13/88,10,10.3,9.6
10/13/88,11,10.3,9.7
10/13/88,12,10.3,9.6
10/13/88,13,10.3,9.6
10/13/88,14,10.2,9.5
10/13/88,15,10.2,9.6
10/13/88,16,10.1,9.5
10/13/88,17,9.9,8.7
10/13/88,18,9.2,4.8
10/13/88,19,8.1,0.5
10/24/88,0,6.9,10
10/24/88,1,6.9,9.9
10/24/88,2,7,9.9
10/24/88,3,7,9.9
10/24/88,4,7,9.9
10/24/88,5,7,9.9
10/24/88,6,7.1,9.9
10/24/88,7,7,9.9
10/24/88,8,7,9.9
10/24/88,9,7,9.9
10/24/88,10,7,9.9
10/24/88,11,7.1,9.9
10/24/88,12,7.1,9.9
10/24/88,13,7.2,9.9
10/24/88,14,7.2,9.9
10/24/88,15,7.2,9.9
10/24/88,16,7.2,9.8
10/24/88,17,7.2,9.8
10/24/88,18,7.3,9.8
10/24/88,19,7.3,9.8
11/7/88,0,3.7,11.8
11/7/88,1,3.8,12.2
11/7/88,2,3.8,12.6
11/7/88,3,3.9,13
11/7/88,4,3.8,13.1
11/7/88,5,3.9,13.3
11/7/88,6,3.8,12.2
11/7/88,7,3.8,12.2
11/7/88,8,3.8,12.1
11/7/88,9,3.8,12.1
11/7/88,10,3.8,11.9
11/7/88,11,3.7,11.8
11/7/88,12,3.7,11.6
11/7/88,13,3.7,11.5
11/7/88,14,3.7,11.3
11/7/88,15,3.7,11.2
11/7/88,16,3.7,11
11/7/88,17,3.6,10.9
11/7/88,18,3.6,10.7
11/7/88,19,3.5,10.6
1/17/89,0,0.3,15.2
1/17/89,1,1,14.3
1/17/89,2,1.4,13.7
1/17/89,3,1.6,13.4
1/17/89,4,1.6,13.3
1/17/89,5,1.8,13.2
1/17/89,6,1.8,13
1/17/89,7,1.9,12.8
1/17/89,8,2,12.6
1/17/89,9,2.1,12.3
1/17/89,10,2.2,11.9
1/17/89,11,2.3,11.7
1/17/89,12,2.4,11.4
1/17/89,13,2.5,10.1
1/17/89,14,2.7,9.1
1/17/89,15,2.8,8.6
1/17/89,16,2.9,7.6
1/17/89,17,3,5.8
1/17/89,18,3.2,1.9
1/17/89,19,3.3,1
2/28/89,0,0.3,15
2/28/89,1,0.5,14.5
2/28/89,2,1.5,12.9
2/28/89,3,1.7,12.3
2/28/89,4,1.9,12.1
2/28/89,5,2,11.6
2/28/89,6,2.1,11.4
2/28/89,7,2.2,10.9
2/28/89,8,2.4,10.2
2/28/89,9,2.5,9.9
2/28/89,10,2.6,9.9
2/28/89,11,2.7,9.3
2/28/89,12,2.8,8.1
2/28/89,13,2.9,8.1
2/28/89,14,3,7
2/28/89,15,3.2,6.4
2/28/89,16,3.3,2.5
2/28/89,17,3.5,0.9
2/28/89,18,3.6,0.5
2/28/89,19,3.9,0.5
3/31/89,0,0.9,13.1
3/31/89,1,1.2,13
3/31/89,2,1.8,12.3
3/31/89,3,2,11.7
3/31/89,4,2.1,11
3/31/89,5,2.2,10.6
3/31/89,6,2.2,9.6
3/31/89,7,2.3,9.5
3/31/89,8,2.4,8.8
3/31/89,9,2.5,8.2
3/31/89,10,2.5,7.6
3/31/89,11,2.6,7
3/31/89,12,2.7,5.9
3/31/89,13,2.9,5.4
3/31/89,14,3,4.5
3/31/89,15,3.1,3.9
3/31/89,16,3.2,1.4
3/31/89,17,3.4,0.6
3/31/89,18,3.5,0.5
3/31/89,19,3.7,0.4
5/2/89,0,5,12.4
5/2/89,1,5,12.3
5/2/89,2,4.9,12.3
5/2/89,3,4.9,12.4
5/2/89,4,4.9,12.4
5/2/89,5,4.9,12.4
5/2/89,6,4.9,12.4
5/2/89,7,4.9,12.4
5/2/89,8,4.9,12.4
5/2/89,9,4.9,12.4
5/2/89,10,4.9,12.4
5/2/89,11,4.9,12.4
5/2/89,12,4.9,12.4
5/2/89,13,4.9,12.4
5/2/89,14,4.9,12.4
5/2/89,15,4.9,12.4
5/2/89,16,4.9,12.4
5/2/89,17,4.9,12.4
5/2/89,18,4.9,12.3
5/2/89,19,4.8,12.3
5/15/89,0,11.6,11.4
5/15/89,1,11.2,11.7
5/15/89,2,10.6,12.2
5/15/89,3,9.9,12.3
5/15/89,4,9.3,12.4
5/15/89,5,8.7,12.8
5/15/89,6,8.1,13
5/15/89,7,7.1,13.2
5/15/89,8,6.6,13.2
5/15/89,9,6.3,13.1
5/15/89,10,6,12.9
5/15/89,11,5.7,12.6
5/15/89,12,5.6,12.5
5/15/89,13,5.6,12.4
5/15/89,14,5.6,12.3
5/15/89,15,5.5,12
5/15/89,16,5.5,11.9
5/15/89,17,5.5,11.8
5/15/89,18,5.4,11.6
5/15/89,19,5.4,11.4
5/31/89,0,14.5,9.5
5/31/89,1,14.5,9.5
5/31/89,2,14.5,9.5
5/31/89,3,14.5,9.6
5/31/89,4,14.5,9.6
5/31/89,5,14.4,9.6
5/31/89,6,14.4,9.6
5/31/89,7,11.8,11.2
5/31/89,8,9.7,12.2
5/31/89,9,8.5,12.2
5/31/89,10,7.9,11.9
5/31/89,11,7.5,11.6
5/31/89,12,7.1,11.5
5/31/89,13,6.9,11.3
5/31/89,14,6.7,10.9
5/31/89,15,6.7,10.4
5/31/89,16,6.6,9.8
5/31/89,17,6.5,9.5
5/31/89,18,6.5,9.5
5/31/89,19,6.5,9.4
6/12/89,0,16.5,9.3
6/12/89,1,16.5,9.3
6/12/89,2,16.5,9.4
6/12/89,3,16.5,9.4
6/12/89,4,16.5,9.4
6/12/89,5,16.4,9.5
6/12/89,6,15.7,9.6
6/12/89,7,14.5,9.9
6/12/89,8,13.3,10.7
6/12/89,9,9.9,11.8
6/12/89,10,9,11.7
6/12/89,11,8.2,11.4
6/12/89,12,7.8,11.1
6/12/89,13,7.7,11
6/12/89,14,7.5,10.4
6/12/89,15,7.3,10.3
6/12/89,16,7.2,9.7
6/12/89,17,7.2,9.4
6/12/89,18,7.1,9.2
6/12/89,19,7,8.6
6/27/89,0,20,9.3
6/27/89,1,19.8,9.3
6/27/89,2,19.8,9.3
6/27/89,3,19.8,9.4
6/27/89,4,19.8,9.4
6/27/89,5,19.8,9.6
6/27/89,6,16.2,10.5
6/27/89,7,15.5,10.5
6/27/89,8,14.6,10.5
6/27/89,9,13.1,11
6/27/89,10,10.5,11.3
6/27/89,11,9.5,11.5
6/27/89,12,8.9,11.4
6/27/89,13,8,9.9
6/27/89,14,7.8,9.4
6/27/89,15,7.7,8.8
6/27/89,16,7.6,8.5
6/27/89,17,7.5,7.6
6/27/89,18,7.4,6.8
6/27/89,19,7.4,6
7/10/89,0,24.6,8.4
7/10/89,1,24.1,8.5
7/10/89,2,23.6,8.7
7/10/89,3,23.5,8.8
7/10/89,4,23.4,8.9
7/10/89,5,21.9,9.8
7/10/89,6,20.3,10.5
7/10/89,7,17.2,11.1
7/10/89,8,15.9,11.3
7/10/89,9,13.6,11.5
7/10/89,10,11.4,11.2
7/10/89,11,10.2,11.4
7/10/89,12,9.1,10.2
7/10/89,13,8.8,9.8
7/10/89,14,8.3,8.5
7/10/89,15,8.1,7.9
7/10/89,16,8,7.2
7/10/89,17,7.8,6.6
7/10/89,18,7.8,5.8
7/10/89,19,7.7,5.4
7/25/89,0,25.2,8.2
7/25/89,1,25.1,8.2
7/25/89,2,25.1,8.2
7/25/89,3,25.1,8.3
7/25/89,4,24.7,8.4
7/25/89,5,23.7,8.6
7/25/89,6,23.3,8.6
7/25/89,7,18.4,10.6
7/25/89,8,17.2,11
7/25/89,9,14.4,11.8
7/25/89,10,11.8,11.8
7/25/89,11,10.8,11.3
7/25/89,12,9.5,10.2
7/25/89,13,8.9,8.6
7/25/89,14,8.5,6.7
7/25/89,15,8,4.3
7/25/89,16,7.9,3.4
7/25/89,17,7.9,3.1
7/25/89,18,7.7,0.7
8/10/89,0,21.8,8.3
8/10/89,1,21.8,8.3
8/10/89,2,21.6,8.3
8/10/89,3,21.6,8.3
8/10/89,4,21.2,8.4
8/10/89,5,21,8.4
8/10/89,6,20.9,8.4
8/10/89,7,20.7,8.4
8/10/89,8,19.8,8.6
8/10/89,9,15.2,10.4
8/10/89,10,12.9,10.7
8/10/89,11,10.7,10.1
8/10/89,12,9.6,8.2
8/10/89,13,9,5.9
8/10/89,14,8.6,3.8
8/10/89,15,8.3,2.4
8/10/89,16,8.1,1.3
8/10/89,17,8.1,0.9
8/10/89,18,8,0.6
8/10/89,19,7.9,0.4
8/22/89,0,20.5,8.5
8/22/89,1,20.5,8.5
8/22/89,2,20.5,8.5
8/22/89,3,20.5,8.5
8/22/89,4,20.4,8.5
8/22/89,5,20.1,8.6
8/22/89,6,20,8.6
8/22/89,7,20,8.6
8/22/89,8,19.9,8.6
8/22/89,9,16.7,9.2
8/22/89,10,13.4,10
8/22/89,11,10.7,8.9
8/22/89,12,9.5,7.5
8/22/89,13,8.6,4.3
8/22/89,14,8.2,2.7
8/22/89,15,7.8,1.9
8/22/89,16,7.5,0.7
8/22/89,17,7.3,0.2
8/22/89,18,7.3,0.2
8/22/89,19,7.2,0.2
9/7/89,0,20.2,9.1
9/7/89,1,20.1,9.2
9/7/89,2,19.9,9.3
9/7/89,3,19.8,9.3
9/7/89,4,19.8,9.3
9/7/89,5,19.7,9.3
9/7/89,6,19.6,9.3
9/7/89,7,19.2,9.3
9/7/89,8,19.1,9.2
9/7/89,9,18.9,9.1
9/7/89,10,15.8,8.9
9/7/89,11,12.5,8
9/7/89,12,10.7,6.2
9/7/89,13,9.3,2.8
9/7/89,14,8.5,0.9
9/7/89,15,8.1,0.6
9/7/89,16,7.9,0.5
9/7/89,17,7.8,0.5
9/20/89,0,18,9.3
9/20/89,1,18,9.3
9/20/89,2,18,9.3
9/20/89,3,18,9.3
9/20/89,4,17.9,9.3
9/20/89,5,17.9,9.3
9/20/89,6,17.9,9.3
9/20/89,7,17.9,9.3
9/20/89,8,17.9,9.2
9/20/89,9,17.9,9.2
9/20/89,10,17.8,9.2
9/20/89,11,15.7,7.8
9/20/89,12,11.1,3.7
9/20/89,13,10,2.1
9/20/89,14,9.3,0.8
9/20/89,15,8.7,0.5
9/20/89,16,8.4,0.2
9/20/89,17,8.2,0.2
9/20/89,18,8.1,0.2
9/20/89,19,8.1,0.2
10/3/89,0,13.7,8.9
10/3/89,1,13.7,8.9
10/3/89,2,13.7,8.9
10/3/89,3,13.7,8.9
10/3/89,4,13.7,8.9
10/3/89,5,13.7,9
10/3/89,6,13.7,9
10/3/89,7,13.7,9
10/3/89,8,13.7,9
10/3/89,9,13.7,9
10/3/89,10,13.7,9
10/3/89,11,13.7,9
10/3/89,12,13.6,9
10/3/89,13,13.6,9
10/3/89,14,13.3,8.2
10/3/89,15,9.1,0.3
10/3/89,16,8.5,0.2
10/3/89,17,8.4,0.2
10/3/89,18,8.3,0.2
10/3/89,19,8.2,0.2
10/17/89,0,10.6,10
10/17/89,1,10.6,10
10/17/89,2,10.6,10
10/17/89,3,10.6,10
10/17/89,4,10.6,9.9
10/17/89,5,10.6,9.9
10/17/89,6,10.6,9.9
10/17/89,7,10.6,9.9
10/17/89,8,10.6,9.9
10/17/89,9,10.6,9.9
10/17/89,10,10.6,9.9
10/17/89,11,10.6,9.8
10/17/89,12,10.6,9.8
10/17/89,13,10.6,9.8
10/17/89,14,10.6,9.8
10/17/89,15,10.6,9.8
10/17/89,16,10.6,9.8
10/17/89,17,10.6,9.8
10/17/89,18,10.6,9.8
10/17/89,19,10.6,8.9
11/1/89,0,9.3,9.7
11/1/89,1,9.3,9.7
11/1/89,2,9.3,9.7
11/1/89,3,9.3,9.7
11/1/89,4,9.3,9.7
11/1/89,5,9.3,9.7
11/1/89,6,9.3,9.8
11/1/89,7,9.3,9.8
11/1/89,8,9.3,9.8
11/1/89,9,9.2,9.9
11/1/89,10,9.2,9.9
11/1/89,11,9.2,9.9
11/1/89,12,9.2,9.9
11/1/89,13,9.2,9.9
11/1/89,14,9.2,9.8
11/1/89,15,9.2,9.8
11/1/89,16,9.1,9.8
11/1/89,17,9.1,9.8
11/1/89,18,9.1,9.8
11/1/89,19,9,9.8
11/14/89,0,5.4,10
11/14/89,1,5.4,10.4
11/14/89,2,5.4,11.2
11/14/89,3,5.4,11.8
11/14/89,4,5.4,11.9
11/14/89,5,5.4,11.8
11/14/89,6,5.4,11.8
11/14/89,7,5.4,11.8
11/14/89,8,5.4,11.8
11/14/89,9,5.4,11.8
11/14/89,10,5.4,11.8
11/14/89,11,5.4,11.8
11/14/89,12,5.4,11.8
11/14/89,13,5.4,11.8
11/14/89,14,5.4,11.7
11/14/89,15,5.4,11.7
11/14/89,16,5.3,11.7
11/14/89,17,5.3,11.7
11/14/89,18,5.3,11.7
11/14/89,19,5.3,11.7
1/23/90,0,1,13.3
1/23/90,1,1.2,12.4
1/23/90,2,1.2,11.3
1/23/90,3,2.7,11
1/23/90,4,2.9,10.8
1/23/90,5,3,10.7
1/23/90,6,3.1,10.6
1/23/90,7,3.1,10.2
1/23/90,8,3.3,9.6
1/23/90,9,3.3,9.3
1/23/90,10,3.6,9
1/23/90,11,3.7,8.2
1/23/90,12,3.9,7.8
1/23/90,13,4,6.4
1/23/90,14,4,5.5
1/23/90,15,4.1,4.6
1/23/90,16,4.2,2.6
1/23/90,17,4.3,0.5
1/23/90,18,4.6,0.3
2/20/90,0,1,11.6
2/20/90,1,1.3,11.4
2/20/90,2,2.4,10.9
2/20/90,3,2.9,10.5
2/20/90,4,3,10.3
2/20/90,5,3.2,9.7
2/20/90,6,3.3,9.4
2/20/90,7,3.5,8.9
2/20/90,8,3.7,8.3
2/20/90,9,3.7,7.8
2/20/90,10,3.8,7.6
2/20/90,11,3.9,6.8
2/20/90,12,4,5.8
2/20/90,13,4.2,5.4
2/20/90,14,4.3,4.1
2/20/90,15,4.3,3.5
2/20/90,16,4.6,1.4
2/20/90,17,4.7,0
2/20/90,18,4.8,0
2/20/90,19,5,0
3/29/90,0,1.9,13.4
3/29/90,1,3.8,11.8
3/29/90,2,4,11.7
3/29/90,3,4.1,11.7
3/29/90,4,4.1,11.8
3/29/90,5,4,11.8
3/29/90,6,3.9,11.8
3/29/90,7,3.8,9.3
3/29/90,8,3.9,8.4
3/29/90,9,3.9,7.8
3/29/90,10,3.9,7.2
3/29/90,11,3.9,6.5
3/29/90,12,4,5.8
3/29/90,13,4,4.6
3/29/90,14,4.2,3
3/29/90,15,4.3,1.6
3/29/90,16,4.5,0.3
3/29/90,17,4.6,0.2
3/29/90,18,4.7,0.2
5/1/90,0,10,10.7
5/1/90,1,10,10.8
5/1/90,2,10,10.6
5/1/90,3,10,10.6
5/1/90,4,10,10.6
5/1/90,5,10,10.6
5/1/90,6,10,10.6
5/1/90,7,10,10.6
5/1/90,8,10,10.6
5/1/90,9,10,10.8
5/1/90,10,9.7,10.9
5/1/90,11,9.1,10.9
5/1/90,12,7.6,10.4
5/1/90,13,7.1,9.7
5/1/90,14,7,9.4
5/1/90,15,6.9,9.4
5/1/90,16,6.8,9.3
5/1/90,17,6.8,9.3
5/1/90,18,6.6,8.9
5/14/90,0,11.8,11.4
5/14/90,1,11.8,11.3
5/14/90,2,11.7,11.3
5/14/90,3,11.6,11.3
5/14/90,4,11.4,11.3
5/14/90,5,11.3,11.3
5/14/90,6,11.1,11.2
5/14/90,7,10.9,11.2
5/14/90,8,10.7,11.1
5/14/90,9,10.5,11
5/14/90,10,10.3,10.8
5/14/90,11,9.8,10.4
5/14/90,12,9.4,9.9
5/14/90,13,8.7,8.8
5/14/90,14,8.4,7.8
5/14/90,15,8.2,7.5
5/14/90,16,8.1,6.8
5/14/90,17,8,6
5/14/90,18,8,5.4
5/14/90,19,7.9,5.1
5/31/90,0,16.2,10.3
5/31/90,1,16.2,10.3
5/31/90,2,16.1,10.3
5/31/90,3,15.9,10.4
5/31/90,4,15.8,10.4
5/31/90,5,15.2,10.6
5/31/90,6,13.3,11.4
5/31/90,7,12.3,11.4
5/31/90,8,11.9,11.3
5/31/90,9,11.7,11.2
5/31/90,10,11.3,10.9
5/31/90,11,11,10.4
5/31/90,12,10,6.9
5/31/90,13,9.6,5.5
5/31/90,14,9.4,4.8
5/31/90,15,9,2.4
5/31/90,16,8.7,1.2
5/31/90,17,8.7,0.9
5/31/90,18,8.6,0.6
5/31/90,19,8.6,0.6
6/13/90,0,17,9.4
6/13/90,1,17,9.4
6/13/90,2,16.8,9.4
6/13/90,3,16.7,9.4
6/13/90,4,16.6,9.4
6/13/90,5,16.5,9.4
6/13/90,6,16.4,9.4
6/13/90,7,16.4,9.4
6/13/90,8,14.7,9.8
6/13/90,9,13.2,10
6/13/90,10,12.4,9.8
6/13/90,11,11.6,9.2
6/13/90,12,10.9,7.6
6/13/90,13,10.1,4.2
6/13/90,14,10,4
6/13/90,15,9.9,3.4
6/13/90,16,9.7,1.8
6/13/90,17,9.6,1.2
6/13/90,18,9.5,0.9
6/13/90,19,9.5,0.7
6/26/90,0,19.8,9.3
6/26/90,1,19.8,9.3
6/26/90,2,19.7,9.3
6/26/90,3,19.5,9.3
6/26/90,4,19.2,9.4
6/26/90,5,17.9,9.6
6/26/90,6,17.8,9.6
6/26/90,7,17.7,9.6
6/26/90,8,17.6,9.5
6/26/90,9,17.5,9.5
6/26/90,10,14.7,9.3
6/26/90,11,12.3,7.4
6/26/90,12,11.2,6.2
6/26/90,13,10.6,4
6/26/90,14,10.3,2.8
6/26/90,15,10,1.5
6/26/90,16,9.9,0.9
6/26/90,17,9.9,0.7
6/26/90,18,9.9,0.7
6/26/90,19,9.8,0.5
7/9/90,0,20.9,8.5
7/9/90,1,20.9,8.5
7/9/90,2,20.8,8.5
7/9/90,3,20.8,8.5
7/9/90,4,20.8,8.5
7/9/90,5,20.8,8.5
7/9/90,6,20.7,8.5
7/9/90,7,19.9,8.8
7/9/90,8,18.2,9.2
7/9/90,9,17.1,9.1
7/9/90,10,14.6,8.3
7/9/90,11,13.1,7.2
7/9/90,12,12.1,6.2
7/9/90,13,11,3.3
7/9/90,14,10.6,2
7/9/90,15,10.3,1.2
7/9/90,16,10.2,0.8
7/9/90,17,10.1,0.5
7/9/90,18,10,0.4
7/9/90,19,10,0.3
7/26/90,0,22.5,8.3
7/26/90,1,22.5,8.3
7/26/90,2,22.5,8.3
7/26/90,3,22.4,8.4
7/26/90,4,22.4,8.4
7/26/90,5,22.2,8.4
7/26/90,6,21.9,8.4
7/26/90,7,21.8,8.4
7/26/90,8,20.6,8.6
7/26/90,9,19.2,9
7/26/90,10,15.2,8.5
7/26/90,11,13.9,7.2
7/26/90,12,12.3,5.1
7/26/90,13,11.2,2.2
7/26/90,14,10.8,1
7/26/90,15,10.3,0.5
7/26/90,16,10.2,0.4
7/26/90,17,10.1,0.4
7/26/90,18,10.1,0.4
7/26/90,19,9.9,0.4
8/6/90,0,21.6,8.1
8/6/90,1,21.6,8.1
8/6/90,2,21.5,8.1
8/6/90,3,21.5,8.1
8/6/90,4,21.4,8.1
8/6/90,5,21.4,8.1
8/6/90,6,21.4,8.1
8/6/90,7,21.4,8.1
8/6/90,8,21.4,8.1
8/6/90,9,20.4,8.1
8/6/90,10,16,7.8
8/6/90,11,14.2,6.5
8/6/90,12,12.7,3.9
8/6/90,13,11.4,1.4
8/6/90,14,10.7,0.6
8/6/90,15,10.3,0.4
8/6/90,16,10.1,0.4
8/6/90,17,10,0.4
8/6/90,18,9.8,0.4
8/6/90,19,9.7,0.4
8/21/90,0,20.1,8.3
8/21/90,1,20.1,8.3
8/21/90,2,20.1,8.3
8/21/90,3,20.1,8.3
8/21/90,4,20.1,8.3
8/21/90,5,20.1,8.3
8/21/90,6,20.1,8.3
8/21/90,7,20.1,8.3
8/21/90,8,20.1,8.3
8/21/90,9,20.1,8.3
8/21/90,10,19.8,8.2
8/21/90,11,15.2,6
8/21/90,12,13,3.2
8/21/90,13,11.9,0.8
8/21/90,14,11.1,0.5
8/21/90,15,10.4,0.4
8/21/90,16,10.2,0.4
8/21/90,17,9.9,0.4
8/21/90,18,9.8,0.4
8/21/90,19,9.7,0.4
9/5/90,0,21,8.5
9/5/90,1,21,8.5
9/5/90,2,21,8.5
9/5/90,3,20.9,8.5
9/5/90,4,20.8,8.5
9/5/90,5,20.8,8.5
9/5/90,6,20.8,8.5
9/5/90,7,20.7,8.4
9/5/90,8,20.7,8.3
9/5/90,9,20.6,8.1
9/5/90,10,20.3,7.5
9/5/90,11,17.1,5.2
9/5/90,12,12.9,0.8
9/5/90,13,12.1,0.5
9/5/90,14,11.3,0.5
9/5/90,15,10.6,0.5
9/5/90,16,10,0.5
9/5/90,17,9.8,0.5
9/5/90,18,9.7,0.5
9/5/90,19,9.7,0.4
9/20/90,0,17,8.1
9/20/90,1,17,8.1
9/20/90,2,17,8.1
9/20/90,3,17,8.1
9/20/90,4,17,8.1
9/20/90,5,17,8
9/20/90,6,17,8
9/20/90,7,17,8
9/20/90,8,17,8
9/20/90,9,17,8
9/20/90,10,16.7,7.8
9/20/90,11,16.6,7.4
9/20/90,12,16.4,7
9/20/90,13,12.1,0.7
9/20/90,14,11.1,0.6
9/20/90,15,10.4,0.5
9/20/90,16,9.8,0.5
9/20/90,17,9.7,0.5
9/20/90,18,9.6,0.5
9/20/90,19,9.5,0.5
10/1/90,0,14.7,8.8
10/1/90,1,14.7,8.8
10/1/90,2,14.7,8.8
10/1/90,3,14.7,8.8
10/1/90,4,14.7,8.8
10/1/90,5,14.7,8.9
10/1/90,6,14.7,8.9
10/1/90,7,14.7,8.9
10/1/90,8,14.7,8.9
10/1/90,9,14.7,8.8
10/1/90,10,14.7,8.8
10/1/90,11,14.7,8.8
10/1/90,12,14.7,8.7
10/1/90,13,14.7,8
10/1/90,14,13.2,0.9
10/1/90,15,10.8,0.7
10/1/90,16,10.2,0.7
10/1/90,17,10.1,0.6
10/1/90,18,9.9,0.6
10/1/90,19,9.8,0.6
10/19/90,0,9.7,9.8
10/19/90,1,9.7,9.8
10/19/90,2,9.7,9.7
10/19/90,3,9.7,9.7
10/19/90,4,9.7,9.7
10/19/90,5,9.7,9.7
10/19/90,6,9.7,9.7
10/19/90,7,9.7,9.7
10/19/90,8,9.7,9.7
10/19/90,9,9.7,9.7
10/19/90,10,9.6,9.7
10/19/90,11,9.6,9.7
10/19/90,12,9.5,9.7
10/19/90,13,9.4,9.7
10/19/90,14,9.4,9.7
10/19/90,15,9.3,9.7
10/19/90,16,9.3,9.6
10/19/90,17,9.3,9.6
10/19/90,18,9.3,9.6
10/19/90,19,9.2,9.6
10/29/90,0,7.4,10.5
10/29/90,1,7.4,10.5
10/29/90,2,7.4,10.6
10/29/90,3,7.4,10.6
10/29/90,4,7.4,10.6
10/29/90,5,7.4,10.7
10/29/90,6,7.4,10.7
10/29/90,7,7.4,10.7
10/29/90,8,7.4,10.7
10/29/90,9,7.4,10.7
10/29/90,10,7.4,10.7
10/29/90,11,7.4,10.7
10/29/90,12,7.4,10.7
10/29/90,13,7.4,10.7
10/29/90,14,7.4,10.7
10/29/90,15,7.4,10.7
10/29/90,16,7.4,10.7
10/29/90,17,7.3,10.5
10/29/90,18,7.2,10.5
10/29/90,19,7.2,10.4
11/14/90,0,3.7,12
11/14/90,1,3.7,12
11/14/90,2,3.7,12
11/14/90,3,3.7,12
11/14/90,4,3.7,12
11/14/90,5,3.7,12
11/14/90,6,3.7,12
11/14/90,7,3.7,12
11/14/90,8,3.7,12
11/14/90,9,3.7,12
11/14/90,10,3.7,12
11/14/90,11,3.7,12
11/14/90,12,3.7,12
11/14/90,13,3.7,12
11/14/90,14,3.7,12
11/14/90,15,3.7,12
11/14/90,16,3.7,12
11/14/90,17,3.7,12
11/14/90,18,3.7,12
11/14/90,19,3.7,12
1/14/91,0,-0.8,15.9
1/14/91,1,0.2,13.9
1/14/91,2,0.7,13
1/14/91,3,0.9,12.6
1/14/91,4,1,12.5
1/14/91,5,1.1,12.3
1/14/91,6,1.1,12.2
1/14/91,7,1.3,12
1/14/91,8,1.3,11.9
1/14/91,9,1.5,11.6
1/14/91,10,1.5,11.4
1/14/91,11,1.7,11
1/14/91,12,1.8,10.5
1/14/91,13,2,9.5
1/14/91,14,2.1,8.1
1/14/91,15,2.4,7.6
1/14/91,16,2.4,7.2
1/14/91,17,2.7,4.5
1/14/91,18,2.8,1
1/14/91,19,3.1,0.7
2/21/91,0,-1,14.9
2/21/91,1,-0.4,14.1
2/21/91,2,0.3,13.4
2/21/91,3,0.5,12.9
2/21/91,4,0.7,12.5
2/21/91,5,0.7,12.4
2/21/91,6,0.8,11.9
2/21/91,7,0.9,11.6
2/21/91,8,1.1,11
2/21/91,9,1.2,10.7
2/21/91,10,1.3,10.3
2/21/91,11,1.4,9.7
2/21/91,12,1.6,9.1
2/21/91,13,1.7,8.8
2/21/91,14,1.8,7.4
2/21/91,15,1.9,7
2/21/91,16,2.2,2
2/21/91,17,2.4,0.9
2/21/91,18,2.7,0.7
2/21/91,19,2.9,0.7
3/26/91,0,0.7,13.8
3/26/91,1,1.9,9.3
3/26/91,2,2.7,8.1
3/26/91,3,2.8,7.5
3/26/91,4,2.9,7.7
3/26/91,5,2.9,7.2
3/26/91,6,3,7
3/26/91,7,3.1,6.6
3/26/91,8,3.2,9
3/26/91,9,3.3,8.9
3/26/91,10,3.3,5.8
3/26/91,11,3.5,5.5
3/26/91,12,3.7,4
3/26/91,13,3.7,3.8
3/26/91,14,3.8,3.7
3/26/91,15,3.9,2.4
3/26/91,16,4.1,0.8
3/26/91,17,4.2,0.5
3/26/91,18,4.3,0.3
3/26/91,19,,
5/6/91,0,7.9,11
5/6/91,1,7.8,10.9
5/6/91,2,7.9,10.8
5/6/91,3,7.8,10.8
5/6/91,4,7.9,11
5/6/91,5,7.9,11
5/6/91,6,7.9,10.9
5/6/91,7,7.9,11
5/6/91,8,7.9,11
5/6/91,9,7.9,10.9
5/6/91,10,7.9,11
5/6/91,11,7.9,11
5/6/91,12,8,11
5/6/91,13,8,11
5/6/91,14,8,10.9
5/6/91,15,7.9,10.8
5/6/91,16,,
5/6/91,17,,
5/6/91,18,,
5/6/91,19,,
5/20/91,0,15.6,10.7
5/20/91,1,15.5,10.8
5/20/91,2,15.2,11
5/20/91,3,14.9,11.1
5/20/91,4,13.9,11.4
5/20/91,5,13.4,11.7
5/20/91,6,12,12.5
5/20/91,7,10.3,13.1
5/20/91,8,9.1,13.1
5/20/91,9,8.7,12.9
5/20/91,10,8.5,12.7
5/20/91,11,8.3,12.4
5/20/91,12,8.2,12.1
5/20/91,13,8,11.8
5/20/91,14,8,11.4
5/20/91,15,7.9,11.3
5/20/91,16,7.9,11.2
5/20/91,17,7.8,10.7
5/20/91,18,7.8,10.6
5/20/91,19,7.8,10.2
6/5/91,0,20.9,8.8
6/5/91,1,20.8,8.9
6/5/91,2,20.4,9
6/5/91,3,20.3,9
6/5/91,4,20.2,9
6/5/91,5,17.3,10.2
6/5/91,6,14.1,11.2
6/5/91,7,12.3,11.8
6/5/91,8,11.2,11.4
6/5/91,9,10.2,11.6
6/5/91,10,9.5,11.4
6/5/91,11,9.1,11.5
6/5/91,12,8.9,11.1
6/5/91,13,8.6,10.4
6/5/91,14,8.5,10.2
6/5/91,15,8.4,9.9
6/5/91,16,8.3,9.7
6/5/91,17,8.1,8.5
6/5/91,18,8.1,8.1
6/5/91,19,8.1,7.6
6/17/91,0,22.5,8.8
6/17/91,1,22.5,8.9
6/17/91,2,22.3,8.9
6/17/91,3,22.1,9
6/17/91,4,21.9,8.9
6/17/91,5,21.6,9
6/17/91,6,17.8,10.7
6/17/91,7,14.3,11.4
6/17/91,8,12,11.4
6/17/91,9,11.1,11.5
6/17/91,10,10.2,11.4
6/17/91,11,9.7,11.1
6/17/91,12,9.3,10.8
6/17/91,13,9.1,10.1
6/17/91,14,8.8,9.6
6/17/91,15,8.6,8.5
6/17/91,16,8.5,8.2
6/17/91,17,8.4,7.2
6/17/91,18,8.4,6.8
6/17/91,19,8.4,6.7
7/1/91,0,21.7,8.1
7/1/91,1,21.8,8.1
7/1/91,2,21.8,8
7/1/91,3,21.8,8
7/1/91,4,21.8,8
7/1/91,5,21.8,8
7/1/91,6,21.8,8.1
7/1/91,7,17.2,9.8
7/1/91,8,13.7,10.2
7/1/91,9,12.4,9.9
7/1/91,10,11.4,10.1
7/1/91,11,10.7,9.8
7/1/91,12,10.1,9.3
7/1/91,13,9.5,8.4
7/1/91,14,9.1,7.4
7/1/91,15,9,6.6
7/1/91,16,8.8,5.8
7/1/91,17,8.8,5.6
7/1/91,18,8.8,5.5
7/1/91,19,8.7,5.1
7/15/91,0,23.1,8.5
7/15/91,1,23.1,8.5
7/15/91,2,23.1,8.5
7/15/91,3,23.1,8.5
7/15/91,4,23,8.6
7/15/91,5,22.9,8.6
7/15/91,6,22.7,8.7
7/15/91,7,21.1,9.2
7/15/91,8,16.6,10
7/15/91,9,13.7,10.2
7/15/91,10,12.1,10.3
7/15/91,11,11,9.5
7/15/91,12,10.4,8.9
7/15/91,13,9.7,7.3
7/15/91,14,9.4,6.4
7/15/91,15,9.2,5.6
7/15/91,16,9,4.5
7/15/91,17,8.9,3.6
7/15/91,18,8.9,2.9
7/15/91,19,8.8,2.7
7/29/91,0,21.1,8
7/29/91,1,21.1,8
7/29/91,2,21.2,7.9
7/29/91,3,21.2,7.9
7/29/91,4,21.3,7.9
7/29/91,5,21.3,7.9
7/29/91,6,21.3,7.9
7/29/91,7,21.3,7.9
7/29/91,8,20,8.7
7/29/91,9,15.1,9.6
7/29/91,10,13.5,10.1
7/29/91,11,11.8,9.2
7/29/91,12,10.7,7.9
7/29/91,13,10.1,6.6
7/29/91,14,9.7,5.1
7/29/91,15,9.4,3.8
7/29/91,16,9.1,2.6
7/29/91,17,9,1.7
7/29/91,18,9,1.2
7/29/91,19,8.9,0.7
8/14/91,0,23.1,8.7
8/14/91,1,23.1,8.7
8/14/91,2,23.1,8.8
8/14/91,3,23,8.8
8/14/91,4,22.2,9
8/14/91,5,22,9
8/14/91,6,21.9,9.1
8/14/91,7,21.7,9
8/14/91,8,19.9,9.1
8/14/91,9,17.6,10
8/14/91,10,13.9,10.5
8/14/91,11,12.3,9.9
8/14/91,12,11.3,7.9
8/14/91,13,10.3,5.6
8/14/91,14,9.8,3.8
8/14/91,15,9.5,2.5
8/14/91,16,9.1,0.9
8/14/91,17,9,0.4
8/14/91,18,9,0.3
8/14/91,19,8.9,0.3
8/27/91,0,22.1,8.7
8/27/91,1,22.1,8.7
8/27/91,2,22,8.7
8/27/91,3,22,8.7
8/27/91,4,22,8.7
8/27/91,5,21.9,8.7
8/27/91,6,21.9,8.7
8/27/91,7,21.9,8.7
8/27/91,8,21.8,8.7
8/27/91,9,20.4,8.8
8/27/91,10,14.2,10.4
8/27/91,11,13,9.3
8/27/91,12,11.5,6.7
8/27/91,13,10.7,4.7
8/27/91,14,9.9,2.8
8/27/91,15,9.4,0.9
8/27/91,16,9.2,0.2
8/27/91,17,9.1,0.1
8/27/91,18,9,0.1
8/27/91,19,8.9,0.1
9/9/91,0,20.1,8.2
9/9/91,1,20.1,8.2
9/9/91,2,20.1,8.2
9/9/91,3,20.1,8.2
9/9/91,4,20.1,8.2
9/9/91,5,20.1,8.2
9/9/91,6,20.1,8.2
9/9/91,7,20.1,8.2
9/9/91,8,20.1,8.2
9/9/91,9,20.1,8.2
9/9/91,10,17.6,8.2
9/9/91,11,13.4,7.7
9/9/91,12,11.5,5
9/9/91,13,10.6,2
9/9/91,14,9.9,0.7
9/9/91,15,9.6,0.2
9/9/91,16,9.3,0.1
9/9/91,17,9.2,0.1
9/9/91,18,9.1,0.1
9/9/91,19,9.1,0.1
9/24/91,0,14.5,8.5
9/24/91,1,14.5,8.5
9/24/91,2,14.5,8.5
9/24/91,3,14.5,8.5
9/24/91,4,14.5,8.5
9/24/91,5,14.5,8.5
9/24/91,6,14.5,8.5
9/24/91,7,14.5,8.5
9/24/91,8,14.5,8.5
9/24/91,9,14.5,8.5
9/24/91,10,14.5,8.4
9/24/91,11,14.5,8.4
9/24/91,12,14.2,8.1
9/24/91,13,13.7,6.2
9/24/91,14,10.5,0.2
9/24/91,15,9.8,0.2
9/24/91,16,9.6,0.2
9/24/91,17,9.3,0.2
9/24/91,18,9.3,0.2
9/24/91,19,9.2,0.2
10/7/91,0,11.3,
10/7/91,1,11.3,
10/7/91,2,11.3,
10/7/91,3,11.3,
10/7/91,4,11.3,
10/7/91,5,11.3,
10/7/91,6,11.3,
10/7/91,7,11.3,
10/7/91,8,11.3,
10/7/91,9,11.2,
10/7/91,10,11.2,
10/7/91,11,11.2,
10/7/91,12,11.2,
10/7/91,13,11.2,
10/7/91,14,11.2,
10/7/91,15,11,
10/7/91,16,11,
10/7/91,17,10.8,
10/7/91,18,10.5,
10/7/91,19,9.4,
10/29/91,0,8.9,11.3
10/29/91,1,8.8,11.5
10/29/91,2,8.5,11.6
10/29/91,3,8.4,11.6
10/29/91,4,8.4,11.7
10/29/91,5,8.4,11.7
10/29/91,6,8.4,11.7
10/29/91,7,8.3,11.7
10/29/91,8,8.3,11.7
10/29/91,9,8.3,11.7
10/29/91,10,8.3,11.6
10/29/91,11,8.3,11.6
10/29/91,12,8.3,11.6
10/29/91,13,8.3,11.6
10/29/91,14,8.3,11.6
10/29/91,15,8.3,11.6
10/29/91,16,8.3,11.5
10/29/91,17,8.3,11.5
10/29/91,18,8.3,11.5
10/29/91,19,8.3,11.5
1/13/92,0,0.6,13.9
1/13/92,1,1.2,12.8
1/13/92,2,1.5,12.2
1/13/92,3,1.6,12
1/13/92,4,1.7,11.9
1/13/92,5,1.8,11.8
1/13/92,6,1.9,11.7
1/13/92,7,2,11.6
1/13/92,8,2.1,11.2
1/13/92,9,2.2,10.9
1/13/92,10,2.3,10.6
1/13/92,11,2.4,10.6
1/13/92,12,2.5,9.6
1/13/92,13,2.6,8.2
1/13/92,14,2.8,7.7
1/13/92,15,2.9,6.1
1/13/92,16,3,5.9
1/13/92,17,3.3,2.1
1/13/92,18,3.4,0.6
2/25/92,0,0.2,13.3
2/25/92,1,0.6,12.9
2/25/92,2,1.5,11.7
2/25/92,3,1.8,11
2/25/92,4,2,10.8
2/25/92,5,2,10.7
2/25/92,6,2.1,10.4
2/25/92,7,2.2,10.2
2/25/92,8,2.3,9.7
2/25/92,9,2.6,8.8
2/25/92,10,2.8,8.6
2/25/92,11,2.8,8.6
2/25/92,12,2.9,7.7
2/25/92,13,3,6.4
2/25/92,14,3.2,5.1
2/25/92,15,3.3,4.4
2/25/92,16,3.5,2.4
2/25/92,17,3.8,0.7
2/25/92,18,3.9,0.5
2/25/92,19,4.1,0.1
3/27/92,0,0.2,16.3
3/27/92,1,1.6,13.9
3/27/92,2,2.2,13.3
3/27/92,3,2.3,12.8
3/27/92,4,2.5,11.3
3/27/92,5,2.5,10.9
3/27/92,6,2.5,10.6
3/27/92,7,2.6,10.4
3/27/92,8,2.7,9.4
3/27/92,9,2.8,8.2
3/27/92,10,3,7.1
3/27/92,11,3.1,7
3/27/92,12,3.2,5.2
3/27/92,13,3.3,4.7
3/27/92,14,3.5,4.6
3/27/92,15,3.6,4.6
3/27/92,16,3.8,1
3/27/92,17,4,0.2
3/27/92,18,4.1,0.2
3/27/92,19,4.4,0
5/5/92,0,6.2,11.3
5/5/92,1,6.1,11.4
5/5/92,2,6,11.5
5/5/92,3,6,11.5
5/5/92,4,6,11.5
5/5/92,5,6,11.5
5/5/92,6,5.9,11.6
5/5/92,7,5.9,11.6
5/5/92,8,5.9,11.6
5/5/92,9,5.9,11.6
5/5/92,10,5.9,11.6
5/5/92,11,5.9,11.6
5/5/92,12,5.8,11.6
5/5/92,13,5.8,11.6
5/5/92,14,5.8,11.5
5/5/92,15,5.8,11.5
5/5/92,16,5.8,11.5
5/5/92,17,5.8,11.5
5/5/92,18,5.7,11.4
5/5/92,19,5.7,11.4
5/20/92,0,14.3,11.4
5/20/92,1,14.1,11.5
5/20/92,2,13.8,11.6
5/20/92,3,13.7,11.6
5/20/92,4,13.6,11.6
5/20/92,5,13,11.8
5/20/92,6,12,12.4
5/20/92,7,11.4,12.5
5/20/92,8,9.9,13.4
5/20/92,9,9.1,13.3
5/20/92,10,8.7,13
5/20/92,11,8.2,11.9
5/20/92,12,8,11.4
5/20/92,13,7.8,11.3
5/20/92,14,7.7,11.1
5/20/92,15,7.5,10.3
5/20/92,16,7.4,9.9
5/20/92,17,7.4,9.5
5/20/92,18,7.3,9.1
5/20/92,19,7.3,8.9
6/3/92,0,19.5,9.5
6/3/92,1,19.2,9.4
6/3/92,2,19.1,9.4
6/3/92,3,18.8,9.4
6/3/92,4,16.5,9.9
6/3/92,5,16.2,9.9
6/3/92,6,15.1,10
6/3/92,7,13,11.1
6/3/92,8,11.4,11.5
6/3/92,9,10.3,11.3
6/3/92,10,9.6,11
6/3/92,11,9,10.8
6/3/92,12,8.6,10.3
6/3/92,13,8.4,10.1
6/3/92,14,8.1,9.1
6/3/92,15,7.9,7.7
6/3/92,16,7.8,6.9
6/3/92,17,7.7,6.1
6/3/92,18,7.7,5.6
6/3/92,19,7.6,5
6/18/92,0,18.8,8.6
6/18/92,1,18.8,8.6
6/18/92,2,18.8,8.6
6/18/92,3,18.8,8.6
6/18/92,4,18.8,8.6
6/18/92,5,18.8,8.6
6/18/92,6,18.6,8.7
6/18/92,7,18.5,8.9
6/18/92,8,13.8,10.8
6/18/92,9,12.5,11
6/18/92,10,11.6,10.8
6/18/92,11,9.9,10.1
6/18/92,12,9.6,9.9
6/18/92,13,9,8.8
6/18/92,14,8.4,6.7
6/18/92,15,8.3,5.1
6/18/92,16,8.1,4.4
6/18/92,17,8.1,4
6/18/92,18,8,3.5
6/18/92,19,8,2.8
7/8/92,0,18,9.4
7/8/92,1,17.9,9.5
7/8/92,2,17.8,9.5
7/8/92,3,17.3,9.6
7/8/92,4,17.1,9.6
7/8/92,5,16.3,9.7
7/8/92,6,16.3,9.7
7/8/92,7,16.2,9.7
7/8/92,8,16.1,9.6
7/8/92,9,16.1,9.6
7/8/92,10,15.8,9.5
7/8/92,11,11.4,9.3
7/8/92,12,10.3,8.3
7/8/92,13,9.2,6.5
7/8/92,14,8.8,4.7
7/8/92,15,8.5,3.3
7/8/92,16,8.3,1
7/8/92,17,8.2,1
7/8/92,18,8.2,0.8
7/8/92,19,8.2,0.3
7/14/92,0,19.7,9.2
7/14/92,1,19.1,9.3
7/14/92,2,18.8,9.3
7/14/92,3,18.6,9.3
7/14/92,4,18.4,9.3
7/14/92,5,17.9,9.7
7/14/92,6,17.1,9.9
7/14/92,7,16.7,9.8
7/14/92,8,16.3,9.5
7/14/92,9,15.9,8.9
7/14/92,10,14.2,9
7/14/92,11,11.8,8.7
7/14/92,12,10,7.5
7/14/92,13,9.2,5.4
7/14/92,14,8.7,3.7
7/14/92,15,8.5,2.3
7/14/92,16,8.4,1.3
7/14/92,17,8.3,0.8
7/14/92,18,8.3,0.7
7/14/92,19,8.2,0.5
7/30/92,0,21.2,8.6
7/30/92,1,20.5,8.6
7/30/92,2,20.4,8.7
7/30/92,3,20.2,8.7
7/30/92,4,20.1,8.7
7/30/92,5,20.1,8.7
7/30/92,6,20,8.7
7/30/92,7,19.2,9
7/30/92,8,17.7,9.4
7/30/92,9,16.7,9.1
7/30/92,10,15.4,8.8
7/30/92,11,12.5,8
7/30/92,12,11,6.8
7/30/92,13,9.7,4.6
7/30/92,14,9.2,2.5
7/30/92,15,8.9,2
7/30/92,16,8.6,0.7
7/30/92,17,8.5,0.4
7/30/92,18,8.5,0.4
7/30/92,19,8.4,0.2
8/12/92,0,20.7,8.6
8/12/92,1,20.7,8.7
8/12/92,2,20.7,8.7
8/12/92,3,20.7,8.7
8/12/92,4,20.7,8.7
8/12/92,5,20.7,8.7
8/12/92,6,20.7,8.7
8/12/92,7,20.7,8.8
8/12/92,8,19.5,9.1
8/12/92,9,17.3,9.3
8/12/92,10,15.4,9.2
8/12/92,11,12.8,8.1
8/12/92,12,11.6,6.6
8/12/92,13,10.3,3.7
8/12/92,14,9.5,1.6
8/12/92,15,9,0.4
8/12/92,16,8.8,0.1
8/12/92,17,8.7,0.1
8/12/92,18,8.6,0.1
8/12/92,19,8.6,0.1
8/25/92,0,20.3,8.4
8/25/92,1,20.3,8.4
8/25/92,2,20.3,8.4
8/25/92,3,20.3,8.4
8/25/92,4,20.3,8.4
8/25/92,5,20.3,8.4
8/25/92,6,20.3,8.4
8/25/92,7,20.3,8.4
8/25/92,8,20.2,8.3
8/25/92,9,18.5,8.1
8/25/92,10,14,8.2
8/25/92,11,12.1,5.3
8/25/92,12,11.2,4.6
8/25/92,13,10.4,1.9
8/25/92,14,9.6,0.5
8/25/92,15,9.2,0.3
8/25/92,16,8.9,0.1
8/25/92,17,8.8,0.1
8/25/92,18,8.7,0.1
8/25/92,19,8.7,0.1
9/9/92,0,17,8.4
9/9/92,1,17.1,8.4
9/9/92,2,17.2,8.4
9/9/92,3,17.2,8.3
9/9/92,4,17.2,8.3
9/9/92,5,17.2,8.3
9/9/92,6,17.2,8.3
9/9/92,7,17.2,8.3
9/9/92,8,17.2,8.3
9/9/92,9,17.2,8.3
9/9/92,10,17.2,8.3
9/9/92,11,17.1,8.3
9/9/92,12,15.7,6.7
9/9/92,13,11.1,1.8
9/9/92,14,9.9,0.2
9/9/92,15,9.2,0.1
9/9/92,16,8.9,0.1
9/9/92,17,8.8,0.1
9/9/92,18,8.7,0.1
9/9/92,19,8.6,0.1
9/23/92,0,15.1,9
9/23/92,1,15.2,8.9
9/23/92,2,15.2,8.9
9/23/92,3,15.2,8.9
9/23/92,4,15.2,8.9
9/23/92,5,15.2,8.9
9/23/92,6,15.2,8.9
9/23/92,7,15.2,8.9
9/23/92,8,15.1,8.9
9/23/92,9,15.1,8.9
9/23/92,10,15.1,8.9
9/23/92,11,15.1,8.9
9/23/92,12,15,8.7
9/23/92,13,14.6,8
9/23/92,14,11,0.3
9/23/92,15,9.5,0.2
9/23/92,16,9,0.1
9/23/92,17,8.8,0.1
9/23/92,18,8.8,0.1
9/23/92,19,8.7,0.1
10/7/92,0,13.9,9.3
10/7/92,1,13.9,9.3
10/7/92,2,13.8,9.2
10/7/92,3,13.8,9.2
10/7/92,4,13.7,9.2
10/7/92,5,13.7,9.2
10/7/92,6,13.7,9.2
10/7/92,7,13.7,9.2
10/7/92,8,13.7,9.1
10/7/92,9,13.7,9.1
10/7/92,10,13.7,9.1
10/7/92,11,13.7,9.1
10/7/92,12,13.7,9
10/7/92,13,13.6,8.6
10/7/92,14,13.5,7.9
10/7/92,15,12.8,5.6
10/7/92,16,12,3.1
10/7/92,17,10,0.3
10/7/92,18,9.4,0.2
10/7/92,19,9,0.2
10/19/92,0,9.2,9.9
10/19/92,1,9.3,9.9
10/19/92,2,9.2,10
10/19/92,3,9.3,10
10/19/92,4,9.3,10
10/19/92,5,9.3,10
10/19/92,6,9.2,10
10/19/92,7,9.2,10
10/19/92,8,9.2,10
10/19/92,9,9.2,10
10/19/92,10,9.2,10
10/19/92,11,9.2,10
10/19/92,12,9.2,10
10/19/92,13,9.2,10
10/19/92,14,9.2,10
10/19/92,15,9.1,10
10/19/92,16,9.1,10
10/19/92,17,9,10
10/19/92,18,9,10
10/19/92,19,9,10
11/11/92,0,5.2,11.7
11/11/92,1,5,11.9
11/11/92,2,4.9,11.9
11/11/92,3,4.9,11.9
11/11/92,4,4.9,11.9
11/11/92,5,4.9,12
11/11/92,6,4.9,12
11/11/92,7,4.9,12
11/11/92,8,4.8,12
11/11/92,9,4.8,12
11/11/92,10,4.8,12
11/11/92,11,4.8,12
11/11/92,12,4.8,12
11/11/92,13,4.8,12
11/11/92,14,4.8,12
11/11/92,15,4.8,12
11/11/92,16,4.8,12
11/11/92,17,4.8,12
11/11/92,18,4.7,12
11/11/92,19,4.7,12
1/6/93,0,0.9,14.4
1/6/93,1,1.4,13.7
1/6/93,2,2.1,13
1/6/93,3,2.3,12.5
1/6/93,4,2.5,12.2
1/6/93,5,2.6,12
1/6/93,6,2.7,11.9
1/6/93,7,2.8,11.7
1/6/93,8,2.9,11.6
1/6/93,9,3,11.5
1/6/93,10,3,11.4
1/6/93,11,3.2,10.9
1/6/93,12,3.3,10.3
1/6/93,13,3.4,9.4
1/6/93,14,3.5,8.6
1/6/93,15,3.6,7.2
1/6/93,16,3.8,6.1
1/6/93,17,3.9,3.8
1/6/93,18,4,0.7
1/6/93,19,4.1,0.3
2/22/93,0,0.1,15.2
2/22/93,1,1.4,13
2/22/93,2,2.4,11.6
2/22/93,3,2.6,11.2
2/22/93,4,2.8,11
2/22/93,5,2.9,10.7
2/22/93,6,3,10.5
2/22/93,7,3.1,10.1
2/22/93,8,3.2,9.7
2/22/93,9,3.4,9.4
2/22/93,10,3.5,9.3
2/22/93,11,3.6,8.8
2/22/93,12,3.7,8
2/22/93,13,3.8,6.2
2/22/93,14,3.9,4.6
2/22/93,15,4,4.5
2/22/93,16,4.2,1.4
2/22/93,17,4.3,0.5
2/22/93,18,4.3,0.3
2/22/93,19,4.5,0.3
3/24/93,0,0.1,16.6
3/24/93,1,1.2,14.7
3/24/93,2,2.6,12.9
3/24/93,3,2.9,11.8
3/24/93,4,3.1,11.2
3/24/93,5,3.2,10.8
3/24/93,6,3.2,10.4
3/24/93,7,3.3,10.2
3/24/93,8,3.4,9.5
3/24/93,9,3.5,8.8
3/24/93,10,3.6,9
3/24/93,11,3.7,8
3/24/93,12,3.8,6.7
3/24/93,13,3.9,4.3
3/24/93,14,4,3.9
3/24/93,15,4.2,3.7
3/24/93,16,4.3,0.7
3/24/93,17,4.3,0.2
3/24/93,18,4.4,0.2
3/24/93,19,4.6,0.2
5/5/93,0,7.4,10.8
5/5/93,1,6.8,11.3
5/5/93,2,5.1,12
5/5/93,3,4.9,12.2
5/5/93,4,4.8,12.3
5/5/93,5,4.7,12.3
5/5/93,6,4.6,12.3
5/5/93,7,4.5,12.2
5/5/93,8,4.4,12.2
5/5/93,9,4.4,12.1
5/5/93,10,4.4,12.1
5/5/93,11,4.3,12
5/5/93,12,4.3,11.8
5/5/93,13,4.4,11.7
5/5/93,14,4.3,11.6
5/5/93,15,4.4,11.2
5/5/93,16,4.4,10.3
5/5/93,17,4.4,10.1
5/5/93,18,4.4,5.5
5/5/93,19,4.4,4.8
5/18/93,0,11.7,11
5/18/93,1,11.7,11.1
5/18/93,2,11.7,11.1
5/18/93,3,11.6,11.1
5/18/93,4,11.6,11.1
5/18/93,5,11.5,11.2
5/18/93,6,10.7,11.4
5/18/93,7,10.4,11.7
5/18/93,8,8.2,12
5/18/93,9,7,10.9
5/18/93,10,6.5,10.5
5/18/93,11,6.3,10.5
5/18/93,12,6,10.2
5/18/93,13,5.9,10
5/18/93,14,5.8,9.9
5/18/93,15,5.6,9.3
5/18/93,16,5.4,8.9
5/18/93,17,5.4,8.5
5/18/93,18,5.4,8.5
6/2/93,0,12.7,9.8
6/2/93,1,12.7,9.8
6/2/93,2,12.6,9.9
6/2/93,3,12.6,9.9
6/2/93,4,12.6,9.9
6/2/93,5,12.5,9.9
6/2/93,6,12.5,9.9
6/2/93,7,12.4,10
6/2/93,8,12.4,10
6/2/93,9,12.2,10.1
6/2/93,10,8.6,10.1
6/2/93,11,8.3,10.2
6/2/93,12,6.6,9.4
6/2/93,13,6.3,8.5
6/2/93,14,6.1,7.8
6/2/93,15,6,7.3
6/2/93,16,5.9,6.9
6/2/93,17,5.9,6.9
6/2/93,18,5.9,6.9
6/15/93,0,17,9
6/15/93,1,17.1,9
6/15/93,2,17.1,9
6/15/93,3,17,9
6/15/93,4,16.8,9
6/15/93,5,15.7,9.3
6/15/93,6,15.4,9.5
6/15/93,7,14.8,9.5
6/15/93,8,13.2,9.8
6/15/93,9,11.7,9.8
6/15/93,10,10.7,9.9
6/15/93,11,8.7,9.9
6/15/93,12,7.7,9.2
6/15/93,13,7.1,8.5
6/15/93,14,7.1,8.2
6/15/93,15,6.9,7.8
6/15/93,16,6.7,7.3
6/15/93,17,6.5,6.7
6/15/93,18,6.5,6.5
6/15/93,19,6.4,3.5
6/28/93,0,18.3,8.9
6/28/93,1,18.3,8.8
6/28/93,2,18.3,8.9
6/28/93,3,18,9
6/28/93,4,17.9,9.1
6/28/93,5,17.9,9.2
6/28/93,6,17.8,9.1
6/28/93,7,17,9.7
6/28/93,8,15.3,10
6/28/93,9,13.4,10
6/28/93,10,11.7,9.8
6/28/93,11,10.2,9.5
6/28/93,12,8.7,8.8
6/28/93,13,7.7,8
6/28/93,14,7.3,6.9
6/28/93,15,7,6.2
6/28/93,16,6.9,5.6
6/28/93,17,6.9,5.4
6/28/93,18,6.8,5
6/28/93,19,6.7,1.8
7/14/93,0,20.8,8.5
7/14/93,1,20.8,8.4
7/14/93,2,20.4,8.5
7/14/93,3,20.2,8.6
7/14/93,4,20.1,8.6
7/14/93,5,20.1,8.6
7/14/93,6,20,8.6
7/14/93,7,19.8,8.6
7/14/93,8,19,8.8
7/14/93,9,17.1,9.2
7/14/93,10,14.1,9.5
7/14/93,11,11.1,9.3
7/14/93,12,9.4,8.6
7/14/93,13,8.4,7.4
7/14/93,14,7.7,5.8
7/14/93,15,7.3,4.3
7/14/93,16,7.2,3.5
7/14/93,17,7.1,2.9
7/14/93,18,7,2.5
7/14/93,19,7,2.4
7/28/93,0,21.5,8.1
7/28/93,1,21.5,8.1
7/28/93,2,21.6,8.1
7/28/93,3,21.6,8.1
7/28/93,4,21.6,8.1
7/28/93,5,21.5,8.1
7/28/93,6,21.5,8.1
7/28/93,7,21.5,8.1
7/28/93,8,21.4,8.1
7/28/93,9,20.1,8.5
7/28/93,10,16.5,8.9
7/28/93,11,12.4,9.2
7/28/93,12,10.8,8.7
7/28/93,13,9.3,7.5
7/28/93,14,8.1,4.6
7/28/93,15,7.7,3.1
7/28/93,16,7.4,1.9
7/28/93,17,7.3,1.3
7/28/93,18,7.2,0.9
7/28/93,19,7.1,0.4
8/12/93,0,22.5,8.9
8/12/93,1,22.5,9
8/12/93,2,22.5,9
8/12/93,3,21.3,9.3
8/12/93,4,21.1,9.3
8/12/93,5,20.8,9.3
8/12/93,6,20.6,9.2
8/12/93,7,20.4,9.2
8/12/93,8,20.2,9.2
8/12/93,9,19.5,8.6
8/12/93,10,16.4,7.6
8/12/93,11,12.3,7.8
8/12/93,12,10.4,7.1
8/12/93,13,9.2,5.1
8/12/93,14,8.1,2.4
8/12/93,15,7.6,1
8/12/93,16,7.5,0.7
8/12/93,17,7.3,0.6
8/12/93,18,7.2,0.7
8/12/93,19,7.2,0.6
8/26/93,0,23.4,8.3
8/26/93,1,23.4,8.4
8/26/93,2,23.3,8.4
8/26/93,3,23.1,8.5
8/26/93,4,22.7,8.6
8/26/93,5,22.3,8.6
8/26/93,6,22.2,8.6
8/26/93,7,21.9,8.5
8/26/93,8,21.8,8.5
8/26/93,9,19.6,7.1
8/26/93,10,17.3,6.4
8/26/93,11,13.7,6.2
8/26/93,12,10.5,4.6
8/26/93,13,9.4,2.9
8/26/93,14,8.3,0.6
8/26/93,15,7.9,0.5
8/26/93,16,7.7,0.5
8/26/93,17,7.5,0.4
8/26/93,18,7.4,0.4
8/26/93,19,7.3,0.4
9/8/93,0,18.7,8.2
9/8/93,1,18.8,8.2
9/8/93,2,18.8,8.2
9/8/93,3,18.8,8.2
9/8/93,4,18.8,8.2
9/8/93,5,18.8,8.2
9/8/93,6,18.8,8.2
9/8/93,7,18.7,8.2
9/8/93,8,18.7,8.2
9/8/93,9,18.6,8.1
9/8/93,10,18.5,8
9/8/93,11,14.6,4.8
9/8/93,12,11.3,3.8
9/8/93,13,9.8,1.8
9/8/93,14,8.6,0.6
9/8/93,15,8.1,0.7
9/8/93,16,7.7,0.5
9/8/93,17,7.5,0.5
9/8/93,18,7.4,0.4
9/8/93,19,7.4,0.4
9/21/93,0,15.2,8.4
9/21/93,1,15.2,8.3
9/21/93,2,15.2,8.3
9/21/93,3,15.2,8.3
9/21/93,4,15.2,8.3
9/21/93,5,15.2,8.3
9/21/93,6,15.2,8.3
9/21/93,7,15.2,8.3
9/21/93,8,15.2,8.3
9/21/93,9,15.2,8.3
9/21/93,10,15.2,8.3
9/21/93,11,15.2,8.2
9/21/93,12,14.5,6.4
9/21/93,13,10.7,0.4
9/21/93,14,9.2,0.3
9/21/93,15,8.1,0.3
9/21/93,16,7.8,0.3
9/21/93,17,7.6,0.3
9/21/93,18,7.4,0.3
9/21/93,19,7.4,0.3
10/4/93,0,11.4,9.4
10/4/93,1,11.4,9.4
10/4/93,2,11.4,9.4
10/4/93,3,11.4,9.3
10/4/93,4,11.4,9.3
10/4/93,5,11.4,9.3
10/4/93,6,11.4,9.3
10/4/93,7,11.4,9.3
10/4/93,8,11.4,9.3
10/4/93,9,11.4,9.3
10/4/93,10,11.4,9.3
10/4/93,11,11.4,9.3
10/4/93,12,11.4,9.2
10/4/93,13,11.4,9.1
10/4/93,14,11.4,9.2
10/4/93,15,11.3,9
10/4/93,16,9.5,2.7
10/4/93,17,8.2,0.3
10/4/93,18,7.6,0.2
10/4/93,19,7.7,0.2
10/19/93,0,9.7,8.8
10/19/93,1,9.7,8.8
10/19/93,2,9.6,8.8
10/19/93,3,9.4,8.9
10/19/93,4,9.3,8.9
10/19/93,5,9.3,8.8
10/19/93,6,9.3,8.8
10/19/93,7,9.3,8.8
10/19/93,8,9.3,8.8
10/19/93,9,9.2,8.7
10/19/93,10,9.2,8.7
10/19/93,11,9.2,8.7
10/19/93,12,9.2,8.7
10/19/93,13,9.2,8.7
10/19/93,14,9.2,8.7
10/19/93,15,9.2,8.6
10/19/93,16,9.2,8.4
10/19/93,17,9.2,8.2
10/19/93,18,9.1,8
10/19/93,19,9.1,7.9
11/10/93,0,3.9,11.1
11/10/93,1,3.8,11.1
11/10/93,2,3.9,11
11/10/93,3,3.9,11
11/10/93,4,3.9,11
11/10/93,5,3.8,11
11/10/93,6,3.8,11
11/10/93,7,3.8,11
11/10/93,8,3.8,11
11/10/93,9,3.8,11
11/10/93,10,3.8,11
11/10/93,11,3.8,11
11/10/93,12,3.8,10.9
11/10/93,13,3.8,10.9
11/10/93,14,3.7,10.9
11/10/93,15,3.7,10.9
11/10/93,16,3.7,11
11/10/93,17,3.7,10.9
11/10/93,18,3.7,10.9
11/10/93,19,3.7,10.9
1/11/94,0,0,15.1
1/11/94,1,0.8,13.4
1/11/94,2,1,12.8
1/11/94,3,1.1,12.2
1/11/94,4,1.1,12.2
1/11/94,5,1.2,12
1/11/94,6,1.5,12
1/11/94,7,1.7,11.9
1/11/94,8,1.9,11.6
1/11/94,9,1.9,11.4
1/11/94,10,2,10.9
1/11/94,11,2,10.4
1/11/94,12,2.1,9.8
1/11/94,13,2.1,9
1/11/94,14,2.2,8.3
1/11/94,15,2.4,7.6
1/11/94,16,2.6,7
1/11/94,17,2.8,5.1
1/11/94,18,3,2
1/11/94,19,3,0.5
2/24/94,0,0,14.9
2/24/94,1,1.6,12.2
2/24/94,2,1.9,11.9
2/24/94,3,2,11.8
2/24/94,4,2,11.8
2/24/94,5,2,11.2
2/24/94,6,2,10.9
2/24/94,7,2,10.5
2/24/94,8,2.2,10.2
2/24/94,9,2.3,9.2
2/24/94,10,2.4,9
2/24/94,11,2.5,8.6
2/24/94,12,2.6,7.7
2/24/94,13,2.7,6.6
2/24/94,14,2.8,5.5
2/24/94,15,3,5.3
2/24/94,16,3,2.1
2/24/94,17,3.1,0.3
2/24/94,18,3.3,0.2
2/24/94,19,3.6,0.2
3/30/94,0,0.2,12.2
3/30/94,1,2.1,12.4
3/30/94,2,3.5,11.6
3/30/94,3,3.7,11.5
3/30/94,4,3.7,11.4
3/30/94,5,3.7,11.4
3/30/94,6,3.7,11.4
3/30/94,7,3.7,11.4
3/30/94,8,3.7,11.4
3/30/94,9,3.7,11.4
3/30/94,10,3.7,11.3
3/30/94,11,3.7,9.2
3/30/94,12,3.6,6.6
3/30/94,13,3.6,5.7
3/30/94,14,3.6,4.6
3/30/94,15,3.6,3
3/30/94,16,3.7,0.4
3/30/94,17,3.7,0.2
3/30/94,18,3.9,0.2
3/30/94,19,4.1,0.1
5/6/94,0,7.2,12.5
5/6/94,1,7.2,12.4
5/6/94,2,7.1,12.5
5/6/94,3,7,12.5
5/6/94,4,6.9,12.5
5/6/94,5,6.9,12.5
5/6/94,6,6.8,12.5
5/6/94,7,6.8,12.5
5/6/94,8,6.8,12.5
5/6/94,9,6.8,12.4
5/6/94,10,6.8,12.4
5/6/94,11,6.8,12.4
5/6/94,12,6.8,12.4
5/6/94,13,6.8,12.3
5/6/94,14,6.8,12.3
5/6/94,15,6.8,12.3
5/6/94,16,6.8,12.3
5/6/94,17,6.8,12.4
5/6/94,18,6.8,12.4
5/6/94,19,6.8,12.4
5/16/94,0,10.4,10.9
5/16/94,1,10.3,10.9
5/16/94,2,10.1,11
5/16/94,3,9.9,11
5/16/94,4,9.8,11
5/16/94,5,9.8,11.1
5/16/94,6,9.8,11.1
5/16/94,7,9.7,11
5/16/94,8,9.6,11.1
5/16/94,9,9.5,11.1
5/16/94,10,9.4,11.1
5/16/94,11,8.8,10.9
5/16/94,12,8.7,11
5/16/94,13,8.7,11
5/16/94,14,8.5,11
5/16/94,15,8.4,10.9
5/16/94,16,8.3,10.8
5/16/94,17,8.2,10.5
5/16/94,18,8.2,10.2
5/16/94,19,8.1,9.9
6/1/94,0,16.3,9.2
6/1/94,1,16.3,9.2
6/1/94,2,16.2,9.3
6/1/94,3,16.1,9.4
6/1/94,4,16,9.5
6/1/94,5,15.8,9.5
6/1/94,6,15.6,9.6
6/1/94,7,14.5,10.5
6/1/94,8,13.3,10.9
6/1/94,9,11.6,11.1
6/1/94,10,11.2,11.1
6/1/94,11,10.3,10.8
6/1/94,12,9.9,10.4
6/1/94,13,9.2,9.6
6/1/94,14,9.1,9.1
6/1/94,15,9,9.1
6/1/94,16,8.9,8.9
6/1/94,17,8.9,8.8
6/1/94,18,8.8,8.6
6/1/94,19,8.8,8.3
6/13/94,0,20.5,8.2
6/13/94,1,20.5,8.6
6/13/94,2,20,8.7
6/13/94,3,20,8.9
6/13/94,4,19.9,9
6/13/94,5,19.8,9
6/13/94,6,19,9
6/13/94,7,17.1,9.5
6/13/94,8,15.5,9.6
6/13/94,9,13,10.2
6/13/94,10,11.5,10.2
6/13/94,11,11.2,10.3
6/13/94,12,11,10.3
6/13/94,13,10.5,10.1
6/13/94,14,10,9.9
6/13/94,15,9.9,9.1
6/13/94,16,9.2,8.2
6/13/94,17,9.2,7.3
6/13/94,18,9.1,6.5
6/13/94,19,9,6
6/29/94,0,22.1,8.4
6/29/94,1,22.1,8.3
6/29/94,2,22.1,8.3
6/29/94,3,22.1,8.3
6/29/94,4,22.1,8.3
6/29/94,5,22.1,8.2
6/29/94,6,20.5,8.8
6/29/94,7,18.9,9.3
6/29/94,8,16.5,9.6
6/29/94,9,14.9,9.8
6/29/94,10,13,9.7
6/29/94,11,11.9,8.6
6/29/94,12,11.1,8
6/29/94,13,10.5,7.1
6/29/94,14,10.1,6.2
6/29/94,15,10,5.3
6/29/94,16,9.9,4.5
6/29/94,17,9.8,4
6/29/94,18,9.5,3.8
6/29/94,19,9.5,2.4
7/13/94,0,22,8.3
7/13/94,1,21.9,8.4
7/13/94,2,21.5,8.5
7/13/94,3,21.5,8.4
7/13/94,4,21.5,8.4
7/13/94,5,21.5,8.2
7/13/94,6,21.5,8.2
7/13/94,7,21.5,8.2
7/13/94,8,18.9,9.8
7/13/94,9,16,9.6
7/13/94,10,14,9.3
7/13/94,11,12.6,8.8
7/13/94,12,11.9,8.5
7/13/94,13,11,6
7/13/94,14,10.2,4
7/13/94,15,10,3.3
7/13/94,16,10,3.1
7/13/94,17,10,2.2
7/13/94,18,9.9,2
7/13/94,19,9.9,1.6
7/25/94,0,22,8.4
7/25/94,1,22,8.4
7/25/94,2,22,8.4
7/25/94,3,22,8.3
7/25/94,4,22,8.3
7/25/94,5,22,8.1
7/25/94,6,22,8.1
7/25/94,7,22,8
7/25/94,8,20.6,8
7/25/94,9,17,9
7/25/94,10,15,9.3
7/25/94,11,13,8.7
7/25/94,12,11.7,7.2
7/25/94,13,11,5.1
7/25/94,14,10.1,4.9
7/25/94,15,10,4
7/25/94,16,9.8,1
7/25/94,17,9.5,0.7
7/25/94,18,9.2,0.7
7/25/94,19,9.2,0.4
8/10/94,0,20.5,8.3
8/10/94,1,20.5,8.4
8/10/94,2,20.5,8.4
8/10/94,3,20.5,8.4
8/10/94,4,20.5,8.4
8/10/94,5,20.5,8.4
8/10/94,6,20.5,8.4
8/10/94,7,20.5,8.4
8/10/94,8,20.4,8.4
8/10/94,9,20.1,8.2
8/10/94,10,15.9,9.2
8/10/94,11,13.2,8.1
8/10/94,12,12.1,6.6
8/10/94,13,11,3
8/10/94,14,10.5,1.3
8/10/94,15,10,1
8/10/94,16,9.9,0.5
8/10/94,17,9.5,0.3
8/10/94,18,9.4,0.3
8/10/94,19,9.1,0.3
8/26/94,0,21.8,9.1
8/26/94,1,21.8,9.1
8/26/94,2,21.6,9.1
8/26/94,3,21.4,9.1
8/26/94,4,21.3,9.1
8/26/94,5,20.9,9.1
8/26/94,6,20.8,9.1
8/26/94,7,20.5,9
8/26/94,8,20.2,8.8
8/26/94,9,19.8,8.6
8/26/94,10,17.7,8.3
8/26/94,11,15,7.2
8/26/94,12,13.5,6.4
8/26/94,13,11.6,2.1
8/26/94,14,10.9,0.6
8/26/94,15,10.2,0.3
8/26/94,16,9.9,0.2
8/26/94,17,9.8,0.2
8/26/94,18,9.6,0.2
8/26/94,19,9.4,0.2
9/6/94,0,18.3,8.7
9/6/94,1,18.3,8.6
9/6/94,2,18.3,8.6
9/6/94,3,18.2,8.6
9/6/94,4,18.2,8.6
9/6/94,5,18.2,8.6
9/6/94,6,18.2,8.7
9/6/94,7,18.2,8.6
9/6/94,8,18.2,8.6
9/6/94,9,18.2,8.6
9/6/94,10,18.2,8.5
9/6/94,11,16.2,6.3
9/6/94,12,14,4.4
9/6/94,13,11.4,0.9
9/6/94,14,10.8,0.5
9/6/94,15,10,0.3
9/6/94,16,9.7,0.3
9/6/94,17,9.5,0.3
9/6/94,18,9.2,0.3
9/6/94,19,9.1,0.3
9/19/94,0,19.6,8.7
9/19/94,1,19.6,8.7
9/19/94,2,19.7,8.7
9/19/94,3,19.8,8.7
9/19/94,4,19.8,8.7
9/19/94,5,19.7,8.7
9/19/94,6,19.7,8.7
9/19/94,7,19.7,8.7
9/19/94,8,19.2,8.5
9/19/94,9,18.7,8.2
9/19/94,10,18,7.6
9/19/94,11,17.3,6.6
9/19/94,12,15,3.6
9/19/94,13,12.3,0.7
9/19/94,14,11.2,0.2
9/19/94,15,10.5,0.2
9/19/94,16,10,0.1
9/19/94,17,9.9,0.1
9/19/94,18,9.8,0.1
9/19/94,19,9.8,0.1
10/5/94,0,14.8,8.5
10/5/94,1,14.8,8.4
10/5/94,2,14.8,8.4
10/5/94,3,14.7,8.4
10/5/94,4,14.6,8.3
10/5/94,5,14.6,8.3
10/5/94,6,14.6,8.3
10/5/94,7,14.6,8.3
10/5/94,8,14.6,8.3
10/5/94,9,14.5,8.2
10/5/94,10,14.5,8.2
10/5/94,11,14.5,8.2
10/5/94,12,14.5,8.2
10/5/94,13,14,7.7
10/5/94,14,11.6,0.2
10/5/94,15,10.2,0.1
10/5/94,16,9.9,0.1
10/5/94,17,9.7,0.1
10/5/94,18,9.7,0.1
10/18/94,0,13.1,9.6
10/18/94,1,13.1,9.6
10/18/94,2,13.1,9.6
10/18/94,3,13.1,9.5
10/18/94,4,13,9.5
10/18/94,5,13,9.5
10/18/94,6,13,9.5
10/18/94,7,13,9.5
10/18/94,8,13,9.5
10/18/94,9,12.9,9.3
10/18/94,10,12.9,9.3
10/18/94,11,12.9,9.2
10/18/94,12,12.8,9.2
10/18/94,13,12.7,8.9
10/18/94,14,12.6,8.4
10/18/94,15,12.4,6.7
10/18/94,16,12.1,5.6
10/18/94,17,11.3,1.4
10/18/94,18,9.9,0.2
10/18/94,19,9.7,0.2
11/3/94,0,9.1,10.2
11/3/94,1,9.1,10.2
11/3/94,2,9.1,10.2
11/3/94,3,9.1,10.2
11/3/94,4,9.1,10.2
11/3/94,5,9.1,10.2
11/3/94,6,9.1,10.1
11/3/94,7,9.1,10.1
11/3/94,8,9.1,10.1
11/3/94,9,9,10.1
11/3/94,10,9,10.1
11/3/94,11,9,10.1
11/3/94,12,9,10.1
11/3/94,13,9,10.1
11/3/94,14,9,10.1
11/3/94,15,9,10
11/3/94,16,9,10
11/3/94,17,8.8,10
11/3/94,18,8.7,10
11/3/94,19,8.6,9.9
11/14/94,0,7.4,10.4
11/14/94,1,7.5,10.4
11/14/94,2,7.5,10.4
11/14/94,3,7.5,10.4
11/14/94,4,7.4,10.4
11/14/94,5,7.4,10.4
11/14/94,6,7.4,10.4
11/14/94,7,7.4,10.4
11/14/94,8,7.4,10.4
11/14/94,9,7.4,10.3
11/14/94,10,7.4,10.4
11/14/94,11,7.4,10.4
11/14/94,12,7.4,10.3
11/14/94,13,7.4,10.3
11/14/94,14,7.4,10.3
11/14/94,15,7.4,10.3
11/14/94,16,7.4,10.3
11/14/94,17,7.4,10.2
11/14/94,18,7.4,10.2
11/14/94,19,7.4,10.2
1/11/95,0,0.2,17.2
1/11/95,1,2.3,13.2
1/11/95,2,2.4,13.1
1/11/95,3,2.4,13.1
1/11/95,4,2.4,13.1
1/11/95,5,2.4,12.9
1/11/95,6,2.4,12.4
1/11/95,7,2.5,12.5
1/11/95,8,2.6,12
1/11/95,9,2.7,11.6
1/11/95,10,2.9,11.3
1/11/95,11,2.9,11.3
1/11/95,12,3,10.9
1/11/95,13,3.1,9.6
1/11/95,14,3.2,10.2
1/11/95,15,3.3,7.7
1/11/95,16,3.5,8.6
1/11/95,17,3.6,8.5
1/11/95,18,3.7,4.4
1/11/95,19,3.8,2.1
2/21/95,0,0.6,14.5
2/21/95,1,1,14.3
2/21/95,2,2.3,12.4
2/21/95,3,2.6,11.9
2/21/95,4,2.7,11.3
2/21/95,5,2.8,11.1
2/21/95,6,2.9,10.8
2/21/95,7,3,10.3
2/21/95,8,3.1,9.7
2/21/95,9,3.2,9.4
2/21/95,10,3.3,8.8
2/21/95,11,3.4,8.2
2/21/95,12,3.5,7.3
2/21/95,13,3.6,6.7
2/21/95,14,3.7,6.2
2/21/95,15,3.8,5
2/21/95,16,3.9,5.1
2/21/95,17,3.9,4.4
2/21/95,18,4,2.9
2/21/95,19,4.1,2.7
3/23/95,0,0.2,10.1
3/23/95,1,3.2,11.1
3/23/95,2,3.6,10.6
3/23/95,3,3.6,9.8
3/23/95,4,3.6,9.4
3/23/95,5,3.6,8.8
3/23/95,6,3.7,8.3
3/23/95,7,3.7,7.4
3/23/95,8,3.7,6.7
3/23/95,9,3.6,6.1
3/23/95,10,3.8,5.7
3/23/95,11,3.8,4.9
3/23/95,12,3.8,4.4
3/23/95,13,3.8,4.1
3/23/95,14,3.9,3.7
3/23/95,15,4,2.9
3/23/95,16,4.1,2.3
3/23/95,17,4.2,1.5
3/23/95,18,4.3,0.9
5/3/95,0,7.3,13.2
5/3/95,1,7.1,13.2
5/3/95,2,6.9,13.1
5/3/95,3,6.7,13.1
5/3/95,4,6.6,13
5/3/95,5,6.3,13.2
5/3/95,6,5.6,12.9
5/3/95,7,5.6,12.8
5/3/95,8,5.5,12.5
5/3/95,9,5.4,12.3
5/3/95,10,5.3,12.2
5/3/95,11,5,11.6
5/3/95,12,4.9,11.4
5/3/95,13,4.9,11.1
5/3/95,14,4.8,10.9
5/3/95,15,4.8,10.9
5/3/95,16,4.8,10.9
5/3/95,17,4.8,10.5
5/3/95,18,4.8,10.3
5/3/95,19,4.8,10.4
5/16/95,0,10.3,11.8
5/16/95,1,10.3,11.6
5/16/95,2,10.2,11.6
5/16/95,3,10.2,11.6
5/16/95,4,10.2,11.6
5/16/95,5,10.1,11.6
5/16/95,6,10.1,11.7
5/16/95,7,10,11.7
5/16/95,8,9.9,11.8
5/16/95,9,8.7,12.1
5/16/95,10,8.1,12.5
5/16/95,11,8,12.1
5/16/95,12,7.7,12.1
5/16/95,13,7.4,11.8
5/16/95,14,7,11.6
5/16/95,15,6.6,11.1
5/16/95,16,6.2,10.6
5/16/95,17,6.1,10.2
5/16/95,18,6,9.8
5/16/95,19,5.9,9.5
5/30/95,0,13.6,10.2
5/30/95,1,13.1,10.4
5/30/95,2,12.8,10.5
5/30/95,3,12.7,10.6
5/30/95,4,12.6,10.8
5/30/95,5,12.3,10.7
5/30/95,6,12.2,10.6
5/30/95,7,11.9,10.3
5/30/95,8,11.7,10.1
5/30/95,9,11.4,9.5
5/30/95,10,9.7,9.7
5/30/95,11,9.4,9.2
5/30/95,12,8.1,9
5/30/95,13,7.3,8.1
5/30/95,14,6.9,6.8
5/30/95,15,6.7,6.3
5/30/95,16,6.6,5.7
5/30/95,17,6.5,5
5/30/95,18,6.5,4.8
5/30/95,19,6.5,4.5
6/13/95,0,17,9.4
6/13/95,1,17,9.5
6/13/95,2,16.9,9.5
6/13/95,3,16.9,9.5
6/13/95,4,16.8,9.6
6/13/95,5,16.8,9.6
6/13/95,6,15.2,10.1
6/13/95,7,14.1,10.4
6/13/95,8,13,10.4
6/13/95,9,12.1,10.3
6/13/95,10,11.3,10.1
6/13/95,11,10,9.9
6/13/95,12,8.9,9
6/13/95,13,7.8,7.3
6/13/95,14,7.5,6.7
6/13/95,15,7.3,6
6/13/95,16,7.2,5.3
6/13/95,17,7.1,4.4
6/13/95,18,7,4
6/13/95,19,7,3.7
6/26/95,0,25.2,8.1
6/26/95,1,25.2,8.1
6/26/95,2,25.3,8.2
6/26/95,3,24.8,8.4
6/26/95,4,22.5,9.6
6/26/95,5,19.5,9.8
6/26/95,6,17.7,9.9
6/26/95,7,16.3,9.8
6/26/95,8,14.5,9.7
6/26/95,9,13.2,9.3
6/26/95,10,11.9,9
6/26/95,11,10.3,8.5
6/26/95,12,9.3,7.9
6/26/95,13,8.5,6.6
6/26/95,14,8,5.9
6/26/95,15,7.8,4.6
6/26/95,16,7.6,4.1
6/26/95,17,7.5,3.3
6/26/95,18,7.5,3.2
6/26/95,19,7.4,2.7
7/10/95,0,20.4,8.7
7/10/95,1,20.4,8.8
7/10/95,2,20.4,8.8
7/10/95,3,20.3,8.8
7/10/95,4,20.2,8.8
7/10/95,5,20.2,8.8
7/10/95,6,20.2,8.8
7/10/95,7,19.9,8.8
7/10/95,8,15.2,10.6
7/10/95,9,13.8,10.3
7/10/95,10,12.8,9.1
7/10/95,11,11.1,8.8
7/10/95,12,9.5,7.6
7/10/95,13,8.8,6.3
7/10/95,14,8.2,4.8
7/10/95,15,7.9,3.4
7/10/95,16,7.8,2.8
7/10/95,17,7.7,2
7/10/95,18,7.6,1.6
7/10/95,19,7.6,1.3
7/25/95,0,23,8.2
7/25/95,1,23,8.2
7/25/95,2,23,8.3
7/25/95,3,22.9,8.3
7/25/95,4,22.8,8.4
7/25/95,5,22.2,8.5
7/25/95,6,21.9,8.6
7/25/95,7,20.9,9.1
7/25/95,8,18.2,10.2
7/25/95,9,15.5,10.8
7/25/95,10,13.2,10
7/25/95,11,12.1,9.1
7/25/95,12,10.4,7.3
7/25/95,13,9.4,5
7/25/95,14,8.7,3.8
7/25/95,15,8.3,2.6
7/25/95,16,8.1,2.2
7/25/95,17,8,1.8
7/25/95,18,8,1.6
7/25/95,19,8,1.6
8/8/95,0,24.3,7.9
8/8/95,1,24.3,7.9
8/8/95,2,24.2,7.9
8/8/95,3,24.1,7.9
8/8/95,4,24,8
8/8/95,5,24,8
8/8/95,6,23.9,8
8/8/95,7,23.7,8
8/8/95,8,20.4,9.8
8/8/95,9,16.1,9.8
8/8/95,10,14.1,10.1
8/8/95,11,12.3,8.8
8/8/95,12,10.6,6.8
8/8/95,13,9.4,4.4
8/8/95,14,8.7,2.2
8/8/95,15,8.3,1.4
8/8/95,16,8.1,0.9
8/8/95,17,7.9,0.4
8/8/95,18,7.9,0.4
8/8/95,19,7.8,0.3
8/23/95,0,23.6,8
8/23/95,1,23.6,8
8/23/95,2,23.5,8
8/23/95,3,23.3,8
8/23/95,4,23.3,8
8/23/95,5,23.3,8
8/23/95,6,23.3,8
8/23/95,7,23.3,8
8/23/95,8,23.2,8
8/23/95,9,17.4,9.4
8/23/95,10,14.9,9.6
8/23/95,11,12.5,7.5
8/23/95,12,11,6.2
8/23/95,13,9.8,3.7
8/23/95,14,8.9,1.7
8/23/95,15,8.5,1
8/23/95,16,8.2,0.4
8/23/95,17,8,0.3
8/23/95,18,7.9,0.3
8/23/95,19,7.8,0.3
9/7/95,0,21,7.9
9/7/95,1,21.1,7.8
9/7/95,2,21.1,7.8
9/7/95,3,21.2,7.8
9/7/95,4,21.2,7.8
9/7/95,5,21.1,7.8
9/7/95,6,21.1,7.8
9/7/95,7,21.1,7.7
9/7/95,8,21.1,7.7
9/7/95,9,20.8,7.7
9/7/95,10,16.2,7.8
9/7/95,11,13.2,6.9
9/7/95,12,10.8,4.2
9/7/95,13,9.5,1.9
9/7/95,14,8.7,0.9
9/7/95,15,8.4,0.6
9/7/95,16,8.3,0.5
9/7/95,17,8.2,0.5
9/7/95,18,8.1,0.4
9/7/95,19,8,0.4
9/20/95,0,16.7,8.4
9/20/95,1,16.7,8.4
9/20/95,2,16.7,8.3
9/20/95,3,16.7,8.3
9/20/95,4,16.7,8.3
9/20/95,5,16.8,8.3
9/20/95,6,16.8,8.3
9/20/95,7,16.8,8.3
9/20/95,8,16.8,8.3
9/20/95,9,16.7,8.3
9/20/95,10,16.7,8.2
9/20/95,11,16.6,7.7
9/20/95,12,11.9,3.6
9/20/95,13,10.2,1.2
9/20/95,14,9.2,0.3
9/20/95,15,8.6,0.1
9/20/95,16,8.3,0.1
9/20/95,17,8,0.1
9/20/95,18,7.9,0.1
9/20/95,19,7.9,0.1
10/3/95,0,14.2,9.2
10/3/95,1,14.2,9.2
10/3/95,2,14.2,9.2
10/3/95,3,14.2,9.2
10/3/95,4,14.2,9.2
10/3/95,5,14.2,9.2
10/3/95,6,14.2,9.2
10/3/95,7,14.2,9.2
10/3/95,8,14.2,9.2
10/3/95,9,14.1,9.1
10/3/95,10,14.1,9.1
10/3/95,11,14.1,9.1
10/3/95,12,14.1,9.1
10/3/95,13,12.6,5.2
10/3/95,14,9.2,0.2
10/3/95,15,8.8,0.2
10/3/95,16,8.3,0.2
10/3/95,17,8.2,0.2
10/3/95,18,8.2,0.2
10/3/95,19,8.1,0.1
10/16/95,0,11.7,9.4
10/16/95,1,11.7,9.4
10/16/95,2,11.8,9.4
10/16/95,3,11.8,9.4
10/16/95,4,11.8,9.4
10/16/95,5,11.8,9.4
10/16/95,6,11.7,9.4
10/16/95,7,11.7,9.4
10/16/95,8,11.7,9.4
10/16/95,9,11.7,9.4
10/16/95,10,11.7,9.3
10/16/95,11,11.7,9.3
10/16/95,12,11.7,9.4
10/16/95,13,11.7,9.3
10/16/95,14,11.6,9.4
10/16/95,15,11.6,9.4
10/16/95,16,11.6,9.3
10/16/95,17,8.7,0.3
10/16/95,18,8.3,0.3
10/16/95,19,8.2,0.3
10/30/95,0,8,9.1
10/30/95,1,8,9
10/30/95,2,8,8.9
10/30/95,3,8,8.9
10/30/95,4,8,8.9
10/30/95,5,8,8.9
10/30/95,6,8,8.9
10/30/95,7,8,8.9
10/30/95,8,8,8.9
10/30/95,9,8,9
10/30/95,10,8,8.9
10/30/95,11,8,8.9
10/30/95,12,8,8.9
10/30/95,13,7.9,8.9
10/30/95,14,7.9,8.9
10/30/95,15,7.9,8.9
10/30/95,16,7.9,8.9
10/30/95,17,7.9,8.9
10/30/95,18,7.9,8.9
10/30/95,19,7.9,8.9
12/18/95,0,-0.3,15.8
12/18/95,1,1.5,12.5
12/18/95,2,2.5,11.6
12/18/95,3,2.7,11.3
12/18/95,4,2.8,11.1
12/18/95,5,2.9,10.9
12/18/95,6,3,10.8
12/18/95,7,3.1,10.6
12/18/95,8,3.3,10.3
12/18/95,9,3.4,10.1
12/18/95,10,3.4,9.7
12/18/95,11,3.5,9.3
12/18/95,12,3.5,9.1
12/18/95,13,3.6,8.5
12/18/95,14,3.8,6.6
12/18/95,15,3.8,6
12/18/95,16,3.8,5.3
12/18/95,17,3.9,3.5
12/18/95,18,3.9,2.4
2/7/96,0,0.6,13
2/7/96,1,1.3,13
2/7/96,2,2.9,12.3
2/7/96,3,3.5,11.9
2/7/96,4,3.9,11.1
2/7/96,5,4.1,10.3
2/7/96,6,4.1,9.3
2/7/96,7,4.2,8.5
2/7/96,8,4.2,8.2
2/7/96,9,4.2,7.9
2/7/96,10,4.3,7.2
2/7/96,11,4.4,6.2
2/7/96,12,4.5,5.3
2/7/96,13,4.6,4.8
2/7/96,14,4.6,4.6
2/7/96,15,4.5,4.3
2/7/96,16,4.6,2.1
2/7/96,17,4.7,1
2/7/96,18,4.7,0.6
2/23/96,0,0.2,12.3
2/23/96,1,1.1,11.8
2/23/96,2,2.7,10.7
2/23/96,3,3.6,10
2/23/96,4,4,8.7
2/23/96,5,4.1,8.1
2/23/96,6,4.2,7.7
2/23/96,7,4.3,7.2
2/23/96,8,4.4,6.4
2/23/96,9,4.4,6.3
2/23/96,10,4.5,5.8
2/23/96,11,4.6,5.2
2/23/96,12,4.7,3.6
2/23/96,13,4.7,3.6
2/23/96,14,4.6,3
2/23/96,15,4.7,1.9
2/23/96,16,4.7,0.1
2/23/96,17,4.7,0.1
2/23/96,18,4.8,0.1
2/23/96,19,4.9,0.1
4/9/96,0,0.3,11.9
4/9/96,1,0.7,11.8
4/9/96,2,3.2,9.1
4/9/96,3,4,7.3
4/9/96,4,4.1,7.2
4/9/96,5,4.2,6.8
4/9/96,6,4.2,6.7
4/9/96,7,4.3,6.6
4/9/96,8,4.4,5
4/9/96,9,4.4,4.6
4/9/96,10,4.5,3.8
4/9/96,11,4.5,3.5
4/9/96,12,4.5,2.6
4/9/96,13,4.6,1.6
4/9/96,14,4.7,0.2
4/9/96,15,4.7,0.1
4/9/96,16,4.7,0.1
4/9/96,17,4.8,0.1
4/9/96,18,4.9,0.1
4/9/96,19,5.1,0.1
5/15/96,0,5.2,9.2
5/15/96,1,5.1,9.3
5/15/96,2,5.1,9.3
5/15/96,3,5,9.2
5/15/96,4,5,9.3
5/15/96,5,5,9.2
5/15/96,6,5,9.3
5/15/96,7,4.9,9.2
5/15/96,8,4.9,9.1
5/15/96,9,4.9,9.1
5/15/96,10,4.9,9.1
5/15/96,11,4.9,9.1
5/15/96,12,4.9,9.1
5/15/96,13,4.9,9
5/15/96,14,4.9,9
5/15/96,15,4.9,9
5/15/96,16,4.9,9
5/15/96,17,4.9,9
5/15/96,18,4.9,9
5/15/96,19,4.9,8.9
5/28/96,0,12.4,12.3
5/28/96,1,12.3,12.4
5/28/96,2,12.1,12.4
5/28/96,3,12,12.5
5/28/96,4,11.1,12.6
5/28/96,5,10.8,12.5
5/28/96,6,10.4,12.5
5/28/96,7,10.2,12.5
5/28/96,8,8.8,11.7
5/28/96,9,7.8,10.2
5/28/96,10,7.6,9.8
5/28/96,11,7.6,9.8
5/28/96,12,7.3,9.1
5/28/96,13,7.3,9.1
5/28/96,14,7.2,8.8
5/28/96,15,7.2,8.8
5/28/96,16,7.2,8.7
5/28/96,17,7.2,8.7
5/28/96,18,7.2,8.6
5/28/96,19,7.2,8.5
6/10/96,0,18.5,10
6/10/96,1,18.2,10.1
6/10/96,2,17.8,10.2
6/10/96,3,16.7,10.6
6/10/96,4,16.1,10.7
6/10/96,5,15.5,11.1
6/10/96,6,14.3,12
6/10/96,7,11.9,13.6
6/10/96,8,9.9,13.5
6/10/96,9,9,13.3
6/10/96,10,8.4,12.4
6/10/96,11,8,10.1
6/10/96,12,7.7,9
6/10/96,13,7.6,8.9
6/10/96,14,7.5,8.3
6/10/96,15,7.5,7.8
6/10/96,16,7.4,7.7
6/10/96,17,7.4,7.6
6/10/96,18,7.4,7.3
6/10/96,19,7.3,6.2
6/25/96,0,18.2,9
6/25/96,1,18.1,9
6/25/96,2,18,9
6/25/96,3,17.9,9.1
6/25/96,4,17.9,9
6/25/96,5,17.8,9
6/25/96,6,15.9,9.9
6/25/96,7,13.4,11
6/25/96,8,10.9,10.6
6/25/96,9,9.7,11.3
6/25/96,10,8.9,9.4
6/25/96,11,8.4,8.4
6/25/96,12,8,7.2
6/25/96,13,7.8,6
6/25/96,14,7.6,5.2
6/25/96,15,7.5,4.2
6/25/96,16,7.3,3.3
6/25/96,17,7.3,2.8
6/25/96,18,7.2,1.8
6/25/96,19,7.2,1.5
7/10/96,0,22,8.7
7/10/96,1,21.9,8.8
7/10/96,2,21.5,8.9
7/10/96,3,21.4,8.9
7/10/96,4,21.2,9
7/10/96,5,21.1,9
7/10/96,6,20.5,9.5
7/10/96,7,15.8,11.7
7/10/96,8,12.9,12.5
7/10/96,9,11,11.2
7/10/96,10,9.8,8.9
7/10/96,11,8.8,7.5
7/10/96,12,8.4,6.4
7/10/96,13,8,4.8
7/10/96,14,7.8,4.1
7/10/96,15,7.7,3
7/10/96,16,7.5,1.4
7/10/96,17,7.5,1.3
7/10/96,18,7.5,1
7/10/96,19,7.5,0.9
7/23/96,0,21.1,8.8
7/23/96,1,21.1,8.8
7/23/96,2,21.1,8.8
7/23/96,3,21.1,8.8
7/23/96,4,21.1,8.9
7/23/96,5,21,8.9
7/23/96,6,21,8.9
7/23/96,7,21,8.9
7/23/96,8,12.9,9.3
7/23/96,9,11.4,8.9
7/23/96,10,10.2,8
7/23/96,11,9.4,7.4
7/23/96,12,8.6,5.2
7/23/96,13,8.3,3.8
7/23/96,14,8.1,2.9
7/23/96,15,7.9,1.7
7/23/96,16,7.8,1.2
7/23/96,17,7.7,0.6
7/23/96,18,7.6,0.4
7/23/96,19,7.6,0.3
8/6/96,0,22.1,8.7
8/6/96,1,21.9,8.8
8/6/96,2,21.8,8.9
8/6/96,3,21.6,8.9
8/6/96,4,21.5,8.9
8/6/96,5,21.1,9.1
8/6/96,6,20.2,9.3
8/6/96,7,19.6,9.3
8/6/96,8,16.2,9.5
8/6/96,9,12.1,8.4
8/6/96,10,10.8,7.1
8/6/96,11,9.6,6
8/6/96,12,8.8,3.9
8/6/96,13,8.4,2.2
8/6/96,14,8.3,1.7
8/6/96,15,8.1,0.8
8/6/96,16,8,0.4
8/6/96,17,7.8,0.2
8/6/96,18,7.8,0.2
8/6/96,19,7.7,0.1
8/21/96,0,22.6,8.8
8/21/96,1,22.6,8.8
8/21/96,2,22.4,8.9
8/21/96,3,22.1,8.9
8/21/96,4,22,8.9
8/21/96,5,21.9,8.8
8/21/96,6,21.6,9
8/21/96,7,20.8,9.1
8/21/96,8,17.3,9.5
8/21/96,9,14.2,7.3
8/21/96,10,11.7,6
8/21/96,11,10.1,4.4
8/21/96,12,9.2,3
8/21/96,13,8.7,1.1
8/21/96,14,8.3,0.3
8/21/96,15,8.1,0.3
8/21/96,16,7.9,0.1
8/21/96,17,7.8,0.1
8/21/96,18,7.8,0.1
8/21/96,19,7.7,0.1
9/3/96,0,22.5,8.4
9/3/96,1,22.5,8.4
9/3/96,2,22.4,8.4
9/3/96,3,22.2,8.4
9/3/96,4,22.1,8.5
9/3/96,5,22.1,8.5
9/3/96,6,22.1,8.5
9/3/96,7,22,8.4
9/3/96,8,19.3,8.3
9/3/96,9,15.5,6.7
9/3/96,10,12.7,4.2
9/3/96,11,11.2,3.3
9/3/96,12,9.6,1.7
9/3/96,13,9,0.5
9/3/96,14,8.5,0.3
9/3/96,15,8.3,0.2
9/3/96,16,8.2,0.2
9/3/96,17,8,0.1
9/3/96,18,7.9,0.1
9/3/96,19,7.9,0.1
9/17/96,0,17.4,8.3
9/17/96,1,17.4,8.3
9/17/96,2,17.4,8.3
9/17/96,3,17.3,8.3
9/17/96,4,17.3,8.3
9/17/96,5,17.3,8.3
9/17/96,6,17.3,8.3
9/17/96,7,17.2,8.3
9/17/96,8,17.2,8.3
9/17/96,9,15.9,6.1
9/17/96,10,13.5,4.1
9/17/96,11,10.8,1.6
9/17/96,12,9.8,0.3
9/17/96,13,9.2,0.3
9/17/96,14,8.7,0.2
9/17/96,15,8.4,0.2
9/17/96,16,8.2,0.2
9/17/96,17,8.1,0.2
9/17/96,18,8,0.2
9/17/96,19,8,0.2
10/2/96,0,14,8.3
10/2/96,1,14.1,8.3
10/2/96,2,14.1,8.3
10/2/96,3,14.1,8.2
10/2/96,4,14.1,8.3
10/2/96,5,14.1,8.3
10/2/96,6,14.1,8.3
10/2/96,7,14.1,8.3
10/2/96,8,14.1,8.3
10/2/96,9,14.1,8.3
10/2/96,10,14.1,8.3
10/2/96,11,14.1,8.2
10/2/96,12,13,7
10/2/96,13,10.2,0.4
10/2/96,14,8.8,0.2
10/2/96,15,8.3,0.2
10/2/96,16,8.1,0.2
10/2/96,17,8.1,0.2
10/2/96,18,8.1,0.1
10/2/96,19,8,0.1
10/14/96,0,11.6,9.2
10/14/96,1,11.6,9.4
10/14/96,2,11.5,9.4
10/14/96,3,11.5,9.4
10/14/96,4,11.4,9.4
10/14/96,5,11.4,9.4
10/14/96,6,11.4,9.4
10/14/96,7,11.4,9.3
10/14/96,8,11.4,9.3
10/14/96,9,11.4,9.3
10/14/96,10,11.4,9.2
10/14/96,11,11.4,9.1
10/14/96,12,11.3,8.8
10/14/96,13,11.1,8.4
10/14/96,14,10.6,6.6
10/14/96,15,10.4,5.7
10/14/96,16,9.4,1.6
10/14/96,17,8.3,0.2
10/14/96,18,8.2,0.2
10/14/96,19,8.1,0.2
11/6/96,0,6.3,11.4
11/6/96,1,6.3,11.5
11/6/96,2,6.3,11.6
11/6/96,3,6.3,11.6
11/6/96,4,6.3,11.6
11/6/96,5,6.2,11.6
11/6/96,6,6.2,11.6
11/6/96,7,6.2,11.6
11/6/96,8,6.2,11.6
11/6/96,9,6.2,11.6
11/6/96,10,6.2,11.6
11/6/96,11,6.2,11.6
11/6/96,12,6.1,11.6
11/6/96,13,6.1,11.6
11/6/96,14,6.1,11.6
11/6/96,15,5.9,11.4
11/6/96,16,5.8,11.4
11/6/96,17,5.7,11.2
11/6/96,18,5.7,11.2
11/6/96,19,5.6,11.1
1/15/97,0,0.8,13.7
1/15/97,1,1.3,13.1
1/15/97,2,1.9,12.5
1/15/97,3,2.2,12.4
1/15/97,4,2.3,12.4
1/15/97,5,2.4,12.1
1/15/97,6,2.5,11.8
1/15/97,7,2.6,11.4
1/15/97,8,2.7,11.1
1/15/97,9,2.8,10.6
1/15/97,10,2.9,10.3
1/15/97,11,3,10.2
1/15/97,12,3.1,9.4
1/15/97,13,3.2,9
1/15/97,14,3.3,7.9
1/15/97,15,3.5,6.3
1/15/97,16,3.6,5.7
1/15/97,17,3.8,2
1/15/97,18,3.9,0.4
1/15/97,19,4.1,0.4
2/20/97,0,0.4,14.3
2/20/97,1,0.9,14
2/20/97,2,1.8,13.2
2/20/97,3,2.2,12.9
2/20/97,4,2.5,12.5
2/20/97,5,2.6,12.2
2/20/97,6,2.7,11.8
2/20/97,7,2.8,11.4
2/20/97,8,2.9,10.8
2/20/97,9,3.1,9.9
2/20/97,10,3.1,9.2
2/20/97,11,3.3,8.4
2/20/97,12,3.3,7.9
2/20/97,13,3.5,7.7
2/20/97,14,3.5,4.6
2/20/97,15,3.7,5.8
2/20/97,16,3.8,4.2
2/20/97,17,4,1
2/20/97,18,4.1,0.4
2/20/97,19,4.3,0.3
4/2/97,0,0.1,14
4/2/97,1,0.3,14.1
4/2/97,2,1.3,13.5
4/2/97,3,2.3,12.6
4/2/97,4,2.7,11.9
4/2/97,5,2.8,11.3
4/2/97,6,3,11
4/2/97,7,3.1,10.2
4/2/97,8,3.2,9.5
4/2/97,9,3.3,8.7
4/2/97,10,3.4,7.9
4/2/97,11,3.5,7
4/2/97,12,3.6,5.4
4/2/97,13,3.7,4.5
4/2/97,14,3.8,3.7
4/2/97,15,3.9,3.2
4/2/97,16,4.2,0.7
4/2/97,17,4.3,0.5
4/2/97,18,4.4,0.5
4/2/97,19,4.6,0.4
5/6/97,0,6.5,11.4
5/6/97,1,6.5,11.7
5/6/97,2,6.5,11.9
5/6/97,3,6.5,11.9
5/6/97,4,6.4,11.9
5/6/97,5,6.4,11.9
5/6/97,6,6.4,11.9
5/6/97,7,6.4,11.9
5/6/97,8,6.3,11.9
5/6/97,9,6.2,11.8
5/6/97,10,6.2,11.8
5/6/97,11,6.2,11.8
5/6/97,12,6.1,11.7
5/6/97,13,6.1,11.7
5/6/97,14,6.1,11.7
5/6/97,15,6.1,11.7
5/6/97,16,6,11.6
5/6/97,17,6,11.5
5/6/97,18,6,11.5
5/6/97,19,6,11.5
5/21/97,0,8.2,11.3
5/21/97,1,8.2,11.4
5/21/97,2,8.1,11.4
5/21/97,3,8.1,11.4
5/21/97,4,8,11.4
5/21/97,5,8,11.5
5/21/97,6,8,11.5
5/21/97,7,7.9,11.4
5/21/97,8,7.9,11.4
5/21/97,9,7.8,11.4
5/21/97,10,7.8,11.4
5/21/97,11,7.7,11.3
5/21/97,12,7.7,11.3
5/21/97,13,7.6,11.2
5/21/97,14,7.5,11.1
5/21/97,15,7.3,11
5/21/97,16,7.3,10.8
5/21/97,17,7.2,10.8
5/21/97,18,7.2,10.8
5/21/97,19,7.2,10.4
6/2/97,0,15.8,10.3
6/2/97,1,15.8,10.3
6/2/97,2,14.5,11
6/2/97,3,13.3,11.2
6/2/97,4,12.9,11.2
6/2/97,5,11.6,11.6
6/2/97,6,10.9,12
6/2/97,7,10.3,12.1
6/2/97,8,10,12.1
6/2/97,9,9.7,12
6/2/97,10,8.9,11.8
6/2/97,11,8.5,11.3
6/2/97,12,8.2,11
6/2/97,13,8.1,10.7
6/2/97,14,7.9,10.3
6/2/97,15,7.8,9.7
6/2/97,16,7.8,9.5
6/2/97,17,7.8,9.4
6/2/97,18,7.7,9.3
6/2/97,19,7.7,9.1
6/17/97,0,18,8.9
6/17/97,1,18,8.9
6/17/97,2,18,9
6/17/97,3,18,9
6/17/97,4,18,9.1
6/17/97,5,16.1,10.7
6/17/97,6,13,11.4
6/17/97,7,11.8,11.6
6/17/97,8,11.3,11.6
6/17/97,9,10.5,11.5
6/17/97,10,9.9,11
6/17/97,11,9.4,10.2
6/17/97,12,9,10.2
6/17/97,13,8.7,9.7
6/17/97,14,8.5,8.7
6/17/97,15,8.3,8.1
6/17/97,16,8.2,7.7
6/17/97,17,8.1,6.8
6/17/97,18,8,6.3
6/17/97,19,8,6.2
6/30/97,0,22.1,8.5
6/30/97,1,22.1,8.5
6/30/97,2,22,8.6
6/30/97,3,22,8.6
6/30/97,4,21.9,8.7
6/30/97,5,21.2,8.9
6/30/97,6,15.6,11.3
6/30/97,7,14.3,11.6
6/30/97,8,12.4,11.6
6/30/97,9,11.4,11
6/30/97,10,10.6,10.7
6/30/97,11,9.8,10.1
6/30/97,12,9,8.8
6/30/97,13,8.9,8
6/30/97,14,8.7,7.5
6/30/97,15,8.6,6.9
6/30/97,16,8.5,5.9
6/30/97,17,8.4,5.6
6/30/97,18,8.4,5.3
6/30/97,19,8.4,5.2
7/14/97,0,22.2,8.8
7/14/97,1,22.2,9
7/14/97,2,22.2,9.1
7/14/97,3,22.2,9.1
7/14/97,4,22.1,9.1
7/14/97,5,20.9,9.5
7/14/97,6,18.7,10.3
7/14/97,7,15.4,12
7/14/97,8,14.2,12.1
7/14/97,9,12,11.8
7/14/97,10,11.4,10.9
7/14/97,11,10.7,10.2
7/14/97,12,9.9,8.8
7/14/97,13,9.6,7.9
7/14/97,14,9.1,6.6
7/14/97,15,9,5.8
7/14/97,16,8.7,4.4
7/14/97,17,8.7,3.9
7/14/97,18,8.6,3.6
7/14/97,19,8.6,3.1
7/30/97,0,23.7,8.2
7/30/97,1,23.6,8.3
7/30/97,2,23.3,8.4
7/30/97,3,23.2,8.5
7/30/97,4,23.1,8.6
7/30/97,5,23,8.6
7/30/97,6,22.4,8.8
7/30/97,7,19.2,11
7/30/97,8,15.6,12.2
7/30/97,9,13.5,12
7/30/97,10,11.5,11.5
7/30/97,11,10.7,9.8
7/30/97,12,10,8.2
7/30/97,13,9.6,6.1
7/30/97,14,9.2,4.5
7/30/97,15,9.1,4
7/30/97,16,8.9,2.6
7/30/97,17,8.7,1.5
7/30/97,18,8.6,1.2
7/30/97,19,8.6,0.7
8/13/97,0,21.6,8.2
8/13/97,1,21.8,8.4
8/13/97,2,21.8,8.7
8/13/97,3,21.7,8.9
8/13/97,4,21.7,8.9
8/13/97,5,21.7,9
8/13/97,6,21.6,8.7
8/13/97,7,21.5,8.6
8/13/97,8,17.1,10.1
8/13/97,9,14.9,10.5
8/13/97,10,12.7,9.1
8/13/97,11,11.3,8.5
8/13/97,12,10.4,6.9
8/13/97,13,9.7,5.3
8/13/97,14,9.3,3.6
8/13/97,15,9,2.2
8/13/97,16,8.9,1.7
8/13/97,17,8.8,1
8/13/97,18,8.7,0.7
8/13/97,19,8.6,0.7
8/27/97,0,20.1,8.9
8/27/97,1,20,8.9
8/27/97,2,20,8.9
8/27/97,3,20,8.9
8/27/97,4,19.9,8.9
8/27/97,5,19.9,9
8/27/97,6,19.5,8.9
8/27/97,7,19.2,8.9
8/27/97,8,19,8.9
8/27/97,9,17.3,10.1
8/27/97,10,13.4,10.7
8/27/97,11,11.4,8.9
8/27/97,12,10.7,7.6
8/27/97,13,10.1,4.4
8/27/97,14,9.4,1.5
8/27/97,15,9.1,0.9
8/27/97,16,8.9,0.2
8/27/97,17,8.8,0.2
8/27/97,18,8.7,0.2
8/27/97,19,8.6,0.2
9/10/97,0,18.7,8.9
9/10/97,1,18.7,8.8
9/10/97,2,18.7,8.8
9/10/97,3,18.7,8.8
9/10/97,4,18.6,8.8
9/10/97,5,18.6,8.8
9/10/97,6,18.6,8.8
9/10/97,7,18.6,8.8
9/10/97,8,18.5,8.8
9/10/97,9,16.7,8.7
9/10/97,10,13.2,8.3
9/10/97,11,11.5,7.5
9/10/97,12,10.9,5.9
9/10/97,13,10.4,3.6
9/10/97,14,9.6,1.3
9/10/97,15,9.2,0.2
9/10/97,16,8.9,0.2
9/10/97,17,8.8,0.1
9/10/97,18,8.7,0.1
9/10/97,19,8.7,0.1
9/22/97,0,17.4,9
9/22/97,1,17.4,9
9/22/97,2,17.4,9
9/22/97,3,17.5,9
9/22/97,4,17.5,9
9/22/97,5,17.5,9
9/22/97,6,17.5,9
9/22/97,7,17.5,9
9/22/97,8,17.4,9
9/22/97,9,17.4,9
9/22/97,10,17.4,9
9/22/97,11,12.7,7.1
9/22/97,12,10.9,5.2
9/22/97,13,10.3,2.5
9/22/97,14,9.8,1.2
9/22/97,15,9.5,0.5
9/22/97,16,9.1,0.3
9/22/97,17,9,0.2
9/22/97,18,8.8,0.2
9/22/97,19,8.8,0.3
10/10/97,0,15.3,8.7
10/10/97,1,15.3,8.9
10/10/97,2,15.1,8.9
10/10/97,3,14.9,9
10/10/97,4,14.8,8.9
10/10/97,5,14.7,8.8
10/10/97,6,14.7,8.8
10/10/97,7,14.7,8.8
10/10/97,8,14.7,8.7
10/10/97,9,14.7,8.6
10/10/97,10,14.6,8.6
10/10/97,11,14.6,8.5
10/10/97,12,14.6,8.5
10/10/97,13,14.4,8.3
10/10/97,14,13.4,3.4
10/10/97,15,10.8,0.6
10/10/97,16,9.7,0.3
10/10/97,17,9.4,0.3
10/10/97,18,9.3,0.3
10/10/97,19,9.2,0.3
10/22/97,0,10.8,9.6
10/22/97,1,10.9,9.7
10/22/97,2,10.9,9.8
10/22/97,3,11,9.9
10/22/97,4,11,9.9
10/22/97,5,11,9.9
10/22/97,6,11,9.9
10/22/97,7,11,9.9
10/22/97,8,11,9.9
10/22/97,9,11,9.8
10/22/97,10,11,9.8
10/22/97,11,11,9.8
10/22/97,12,11,9.8
10/22/97,13,11,9.8
10/22/97,14,11,9.8
10/22/97,15,11,9.7
10/22/97,16,10.9,9.7
10/22/97,17,10.8,9.7
10/22/97,18,10.7,9.7
10/22/97,19,10.6,9.6
11/12/97,0,5.6,10.8
11/12/97,1,5.7,10.8
11/12/97,2,5.8,10.8
11/12/97,3,5.8,10.9
11/12/97,4,5.8,10.9
11/12/97,5,5.8,10.8
11/12/97,6,5.8,10.8
11/12/97,7,5.8,10.7
11/12/97,8,5.8,10.7
11/12/97,9,5.7,10.6
11/12/97,10,5.7,10.6
11/12/97,11,5.7,10.6
11/12/97,12,5.7,10.6
11/12/97,13,5.7,10.5
11/12/97,14,5.7,10.5
11/12/97,15,5.7,10.5
11/12/97,16,5.7,10.5
11/12/97,17,5.7,10.5
11/12/97,18,5.7,10.4
11/12/97,18.5,,
11/12/97,19,5.7,
1/15/98,0,0.5,16
1/15/98,1,1.9,13.1
1/15/98,2,2.7,11.9
1/15/98,3,2.8,11.9
1/15/98,4,2.9,11.1
1/15/98,5,3,11
1/15/98,6,3.1,10.9
1/15/98,7,3.2,10.8
1/15/98,8,3.3,10.7
1/15/98,9,3.4,10.2
1/15/98,10,3.4,9.7
1/15/98,11,3.5,8.8
1/15/98,12,3.6,7.8
1/15/98,13,3.7,7.2
1/15/98,14,3.8,6.1
1/15/98,15,3.9,6
1/15/98,16,4.1,5.1
1/15/98,17,4.1,2.7
1/15/98,18,4.2,0.4
1/15/98,19,4.3,0.3
2/19/98,0,0.5,13
2/19/98,1,1.5,12.3
2/19/98,2,2.6,11.5
2/19/98,3,2.9,10.7
2/19/98,4,3.1,10.4
2/19/98,5,3.2,9.8
2/19/98,6,3.3,9.4
2/19/98,7,3.4,8.7
2/19/98,8,3.5,8.2
2/19/98,9,3.6,7.5
2/19/98,10,3.7,6.8
2/19/98,11,3.7,6
2/19/98,12,3.8,4.9
2/19/98,13,3.9,4.4
2/19/98,14,4,3.5
2/19/98,15,4.2,3.2
2/19/98,16,4.3,0.6
2/19/98,17,4.4,0.6
2/19/98,18,4.5,0.3
2/19/98,19,4.7,0.3
3/19/98,0,0.3,16.1
3/19/98,1,2.3,13.1
3/19/98,2,3.4,11.3
3/19/98,3,3.6,11
3/19/98,4,3.6,10.8
3/19/98,5,3.7,9.8
3/19/98,6,3.8,9.7
3/19/98,7,3.9,10.3
3/19/98,8,3.9,9.4
3/19/98,9,3.9,7.8
3/19/98,10,4,7.7
3/19/98,11,4,7.2
3/19/98,12,4,4.9
3/19/98,13,4.1,3.8
3/19/98,14,4.3,3.7
3/19/98,15,4.4,2.6
3/19/98,16,4.5,0.4
3/19/98,17,4.5,0.3
3/19/98,18,4.7,0.2
3/19/98,19,4.8,0.2
4/23/98,0,9.9,11.8
4/23/98,1,9.8,11.9
4/23/98,2,9.6,12.2
4/23/98,3,9,12.3
4/23/98,4,8.5,12.5
4/23/98,5,7.7,12.6
4/23/98,6,7.2,12.6
4/23/98,7,7,12.4
4/23/98,8,6.8,12.1
4/23/98,9,6.8,12
4/23/98,10,6.8,11.9
4/23/98,11,6.7,11.8
4/23/98,12,6.7,11.7
4/23/98,13,6.7,11.6
4/23/98,14,6.6,11.6
4/23/98,15,6.6,11.5
4/23/98,16,6.6,11.3
4/23/98,17,6.6,11.2
4/23/98,18,6.6,11
4/23/98,19,6.5,9.6
5/4/98,0,13.8,10.6
5/4/98,1,13.2,11.1
5/4/98,2,13,11.4
5/4/98,3,13,11.5
5/4/98,4,12.7,11.6
5/4/98,5,11.5,12.1
5/4/98,6,9.6,12.3
5/4/98,7,9,12.4
5/4/98,8,8.6,12.4
5/4/98,9,8.4,11.8
5/4/98,10,8,11.7
5/4/98,11,7.9,11.5
5/4/98,12,7.8,11.3
5/4/98,13,7.5,10.6
5/4/98,14,7.3,10.3
5/4/98,15,7.3,10.1
5/4/98,16,7.2,9.8
5/4/98,17,7.2,9.7
5/4/98,18,7.1,9.2
5/18/98,0,17.9,9.6
5/18/98,1,17.8,10
5/18/98,2,17.6,10.1
5/18/98,3,17.5,10.1
5/18/98,4,17.4,10
5/18/98,5,17.1,9.9
5/18/98,6,16.5,9.8
5/18/98,7,15.7,9.7
5/18/98,8,11.9,10.5
5/18/98,9,9.7,9.8
5/18/98,10,9.2,9.3
5/18/98,11,9.1,8.9
5/18/98,12,8.6,8.6
5/18/98,13,8.3,8.1
5/18/98,14,8.2,7.9
5/18/98,15,8,7.5
5/18/98,16,7.8,7.3
5/18/98,17,7.8,7
5/18/98,18,7.8,6.8
6/2/98,0,17.5,9.1
6/2/98,1,17.6,9.1
6/2/98,2,17.6,9.2
6/2/98,3,17.6,9.2
6/2/98,4,17.6,9.2
6/2/98,5,17.6,9.3
6/2/98,6,17.5,9.3
6/2/98,7,17.5,9.3
6/2/98,8,12.9,11.3
6/2/98,9,12,11.7
6/2/98,10,10,10.9
6/2/98,11,9.8,10.8
6/2/98,12,9.5,10.6
6/2/98,13,9,10.1
6/2/98,14,8.8,9.5
6/2/98,15,8.6,8.8
6/2/98,16,8.4,8
6/2/98,17,8.3,7.2
6/2/98,18,8.2,7.1
6/2/98,19,,
6/18/98,0,20.3,9.6
6/18/98,1,20.2,9.7
6/18/98,2,20.2,9.8
6/18/98,3,20.2,9.8
6/18/98,4,19,10.7
6/18/98,5,17.5,10.8
6/18/98,6,17.1,10.8
6/18/98,7,16.7,10.8
6/18/98,8,16.2,10.7
6/18/98,9,16.1,10.7
6/18/98,10,14.2,11.2
6/18/98,11,11.7,11.4
6/18/98,12,10.3,10.5
6/18/98,13,9.6,9.8
6/18/98,14,8.9,8
6/18/98,15,8.7,7
6/18/98,16,8.4,5.8
6/18/98,17,8.4,5.2
6/18/98,18,8.3,4.4
6/18/98,19,,
6/30/98,0,22.1,8.4
6/30/98,1,22.1,8.5
6/30/98,2,22.1,8.5
6/30/98,3,22.1,8.6
6/30/98,4,22.1,8.6
6/30/98,5,22,8.7
6/30/98,6,19.8,10
6/30/98,7,18.2,10.4
6/30/98,8,17,10.4
6/30/98,9,15.4,10.4
6/30/98,10,13.4,10.6
6/30/98,11,11.5,9.9
6/30/98,12,9.8,7.6
6/30/98,13,9.4,6.8
6/30/98,14,9.2,6.1
6/30/98,15,9.1,5.9
6/30/98,16,9,5.5
6/30/98,17,8.8,4.7
6/30/98,18,8.7,3.8
6/30/98,19,8.6,3.5
7/13/98,0,23.7,8.6
7/13/98,1,23.7,8.6
7/13/98,2,23.7,8.6
7/13/98,3,23.7,8.6
7/13/98,4,23.7,8.6
7/13/98,5,23.4,8.7
7/13/98,6,22.6,9
7/13/98,7,21,9.9
7/13/98,8,17.8,11
7/13/98,9,15.3,11.1
7/13/98,10,13.6,11.2
7/13/98,11,11.8,10.4
7/13/98,12,10.1,8.8
7/13/98,13,9.4,6.5
7/13/98,14,9,4.8
7/13/98,15,8.7,3.5
7/13/98,16,8.7,3.3
7/13/98,17,8.6,2.8
7/13/98,18,8.5,2.1
7/28/98,0,22.4,8.8
7/28/98,1,22.4,8.8
7/28/98,2,22.4,8.8
7/28/98,3,22.4,8.8
7/28/98,4,22.4,8.8
7/28/98,5,22.4,8.8
7/28/98,6,22.4,8.8
7/28/98,7,22.4,8.8
7/28/98,8,22.4,8.8
7/28/98,9,16.7,11
7/28/98,10,14.5,10.3
7/28/98,11,12.7,9.8
7/28/98,12,11.3,8.3
7/28/98,13,10.2,6.6
7/28/98,14,9.5,4.2
7/28/98,15,9.1,2.5
7/28/98,16,8.9,1.6
7/28/98,17,8.7,1.1
7/28/98,18,8.7,0.9
8/11/98,0,23.4,8.3
8/11/98,1,23.2,8.3
8/11/98,2,23,8.5
8/11/98,3,22.9,8.5
8/11/98,4,22.8,8.6
8/11/98,5,22.8,8.5
8/11/98,6,22.7,8.4
8/11/98,7,22.4,8.3
8/11/98,8,22,8
8/11/98,9,19,8.7
8/11/98,10,15.8,8.7
8/11/98,11,12.8,7.3
8/11/98,12,11.4,6.1
8/11/98,13,10.3,4.6
8/11/98,14,9.5,2
8/11/98,15,9,0.8
8/11/98,16,8.7,0.4
8/11/98,17,8.6,0.4
8/11/98,18,8.5,0.3
8/11/98,19,8.5,0.3
8/24/98,0,22.5,9
8/24/98,1,22.5,9
8/24/98,2,22.5,9
8/24/98,3,22.5,9
8/24/98,4,22.4,9
8/24/98,5,22.4,9
8/24/98,6,22.4,9
8/24/98,7,22.4,9
8/24/98,8,22.3,8.8
8/24/98,9,20.9,8.9
8/24/98,10,17.4,9.2
8/24/98,11,13.6,8.2
8/24/98,12,11.8,6.4
8/24/98,13,10.5,3.1
8/24/98,14,9.6,1.5
8/24/98,15,9.1,0.2
8/24/98,16,8.8,0.2
8/24/98,17,8.7,0.2
8/24/98,18,8.6,0.2
8/24/98,19,8.5,0.2
9/8/98,0,20.6,7.8
9/8/98,1,20.7,7.8
9/8/98,2,20.7,7.9
9/8/98,3,20.7,7.9
9/8/98,4,20.7,7.9
9/8/98,5,20.7,7.9
9/8/98,6,20.7,7.9
9/8/98,7,20.7,7.8
9/8/98,8,20.7,7.8
9/8/98,9,20.7,7.8
9/8/98,10,19.6,7.4
9/8/98,11,14.3,6.5
9/8/98,12,11.9,4
9/8/98,13,10.4,1.4
9/8/98,14,9.9,0.6
9/8/98,15,8.9,0.2
9/8/98,16,8.7,0.2
9/8/98,17,8.6,0.2
9/8/98,18,8.6,0.2
9/8/98,19,8.6,0.2
9/21/98,0,19.9,8.1
9/21/98,1,20,8.1
9/21/98,2,20,8
9/21/98,3,20,8
9/21/98,4,20,8
9/21/98,5,20,8
9/21/98,6,20,8
9/21/98,7,19.9,8
9/21/98,8,19.9,8
9/21/98,9,19.9,8
9/21/98,10,19.8,7.9
9/21/98,11,17.3,5.8
9/21/98,12,12.8,3.5
9/21/98,13,11,1.1
9/21/98,14,10.1,0.2
9/21/98,15,9.5,0.2
9/21/98,16,9.1,0.2
9/21/98,17,8.9,0.2
9/21/98,18,8.8,0.2
9/21/98,19,8.7,0.2
10/5/98,0,14.7,8.4
10/5/98,1,14.7,8.4
10/5/98,2,14.7,8.4
10/5/98,3,14.8,8.3
10/5/98,4,14.8,8.3
10/5/98,5,14.8,8.3
10/5/98,6,14.8,8.3
10/5/98,7,14.8,8.3
10/5/98,8,14.8,8.3
10/5/98,9,14.8,8.3
10/5/98,10,14.8,8.3
10/5/98,11,14.8,8.3
10/5/98,12,14.6,7.7
10/5/98,13,14.3,6.8
10/5/98,14,10.4,0.3
10/5/98,15,9.5,0.2
10/5/98,16,9.2,0.1
10/5/98,17,8.9,0.1
10/5/98,18,8.8,0.1
10/5/98,19,8.8,0.1
10/20/98,0,11.4,8.8
10/20/98,1,11.5,8.7
10/20/98,2,11.5,8.7
10/20/98,3,11.5,8.7
10/20/98,4,11.5,8.7
10/20/98,5,11.5,8.6
10/20/98,6,11.5,8.6
10/20/98,7,11.5,8.6
10/20/98,8,11.5,8.6
10/20/98,9,11.5,8.6
10/20/98,10,11.5,8.6
10/20/98,11,11.5,8.6
10/20/98,12,11.5,8.6
10/20/98,13,11.5,8.6
10/20/98,14,11.5,8.6
10/20/98,15,11.5,8.6
10/20/98,16,11.5,8.6
10/20/98,17,11.5,8.6
10/20/98,18,11.5,8.6
10/20/98,19,11.5,8.6
11/2/98,0,10,8.9
11/2/98,1,10,9
11/2/98,2,10,9.1
11/2/98,3,10,9.1
11/2/98,4,10,9.1
11/2/98,5,10,9.1
11/2/98,6,10,9.1
11/2/98,7,10,9.1
11/2/98,8,10,9.1
11/2/98,9,10,9.1
11/2/98,10,10,9.1
11/2/98,11,10,9.1
11/2/98,12,10,9.1
11/2/98,13,10,9.1
11/2/98,14,10,9.1
11/2/98,15,10,9.1
11/2/98,16,10,9.1
11/2/98,17,10,9.1
11/2/98,18,10,9.1
11/2/98,19,10,9.1
1/15/99,0,0,14.6
1/15/99,1,0.7,12.4
1/15/99,2,1.4,12.1
1/15/99,3,1.6,12
1/15/99,4,1.7,11.8
1/15/99,5,1.7,11.7
1/15/99,6,1.8,11.6
1/15/99,7,1.9,11.5
1/15/99,8,1.9,11.3
1/15/99,9,2,11.2
1/15/99,10,2.1,11
1/15/99,11,2.2,10.8
1/15/99,12,2.3,10.6
1/15/99,13,2.4,10
1/15/99,14,2.5,9.3
1/15/99,15,2.7,8.8
1/15/99,16,2.8,8
1/15/99,17,2.9,7.3
1/15/99,18,3.1,4.5
1/15/99,19,3.2,0.3
2/24/99,0,0,12.3
2/24/99,1,0.4,12.4
2/24/99,2,1.4,11.8
2/24/99,3,1.7,11.4
2/24/99,4,1.8,11.3
2/24/99,5,2,11.1
2/24/99,6,2,10.9
2/24/99,7,2.2,10.7
2/24/99,8,2.3,10.4
2/24/99,9,2.4,10
2/24/99,10,2.5,9.8
2/24/99,11,2.6,8.9
2/24/99,12,2.7,8
2/24/99,13,2.9,7.7
2/24/99,14,3,6.2
2/24/99,15,3.1,4.6
2/24/99,16,3.3,2.1
2/24/99,17,3.4,0.4
2/24/99,18,3.5,0.2
3/24/99,0,0.1,12.5
3/24/99,1,1.1,12.1
3/24/99,2,1.8,11.5
3/24/99,3,2.1,11.1
3/24/99,4,2.2,10.9
3/24/99,5,2.3,10.5
3/24/99,6,2.3,10.3
3/24/99,7,2.4,10
3/24/99,8,2.5,9.6
3/24/99,9,2.7,9
3/24/99,10,2.8,8.5
3/24/99,11,2.9,7.8
3/24/99,12,3,6.8
3/24/99,13,3.1,6
3/24/99,14,3.3,6
3/24/99,15,3.4,5.8
3/24/99,16,3.5,0.7
3/24/99,17,3.6,0.4
3/24/99,18,3.9,0.2
5/3/99,0,13.1,11.6
5/3/99,1,13.1,11.5
5/3/99,2,12.9,11.6
5/3/99,3,12.2,12
5/3/99,4,9.2,13.3
5/3/99,5,8.3,13.6
5/3/99,6,7.2,13.8
5/3/99,7,6.3,13.7
5/3/99,8,6.1,13.7
5/3/99,9,6,13.7
5/3/99,10,5.9,13.6
5/3/99,11,5.7,13.3
5/3/99,12,5.5,12.9
5/3/99,13,5.6,12.8
5/3/99,14,5.3,12.4
5/3/99,15,5.2,12.3
5/3/99,16,5.2,12
5/3/99,17,5.2,11.7
5/3/99,18,5.1,11.6
5/18/99,0,13.6,10.2
5/18/99,1,13.5,10.3
5/18/99,2,13.5,10.4
5/18/99,3,13.4,10.4
5/18/99,4,13.4,10.4
5/18/99,5,13.4,10.5
5/18/99,6,13.3,10.5
5/18/99,7,12.2,10.6
5/18/99,8,10.1,11.1
5/18/99,9,9,11.5
5/18/99,10,7.4,11.9
5/18/99,11,6.9,11.9
5/18/99,12,6.3,11.2
5/18/99,13,6.1,10.9
5/18/99,14,5.9,10.4
5/18/99,15,5.9,10
5/18/99,16,5.7,9.5
5/18/99,17,5.7,8.9
5/18/99,18,5.6,8.8
6/1/99,0,16.1,9.4
6/1/99,1,16.1,9.5
6/1/99,2,16.1,9.5
6/1/99,3,16.1,9.5
6/1/99,4,16,9.6
6/1/99,5,15.3,9.8
6/1/99,6,14.4,10
6/1/99,7,13.7,10
6/1/99,8,12.9,10.2
6/1/99,9,11.9,10.3
6/1/99,10,10.6,10.4
6/1/99,11,8.9,10.4
6/1/99,12,7.3,9.6
6/1/99,13,7,9.3
6/1/99,14,6.8,8.9
6/1/99,15,6.6,8.4
6/1/99,16,6.5,8.2
6/1/99,17,6.4,7.9
6/1/99,18,6.4,7.6
6/1/99,19,6.3,7.5
6/15/99,0,18.9,9.2
6/15/99,1,18.8,9.3
6/15/99,2,18.8,9.3
6/15/99,3,18.8,9.3
6/15/99,4,18.8,9.3
6/15/99,5,18.8,9.3
6/15/99,6,18.7,9.3
6/15/99,7,15.7,10.5
6/15/99,8,14.5,10.7
6/15/99,9,12.1,10.4
6/15/99,10,10.9,10.6
6/15/99,11,9.5,10.3
6/15/99,12,7.9,8.7
6/15/99,13,7.1,7.6
6/15/99,14,6.9,7.4
6/15/99,15,6.7,6.8
6/15/99,16,6.6,6.3
6/15/99,17,6.5,5.9
6/15/99,18,6.4,5.3
6/15/99,19,6.4,4.9
6/28/99,0,21.5,8.3
6/28/99,1,21.6,8.3
6/28/99,2,21.6,8.4
6/28/99,3,21.6,8.4
6/28/99,4,21.5,8.4
6/28/99,5,21.1,8.7
6/28/99,6,20.4,8.9
6/28/99,7,18.4,9.6
6/28/99,8,15.3,10.6
6/28/99,9,13,10.8
6/28/99,10,11.3,10.6
6/28/99,11,9.8,10.3
6/28/99,12,8.2,8.6
6/28/99,13,7.6,7.1
6/28/99,14,7.3,6.4
6/28/99,15,6.9,5.2
6/28/99,16,6.9,4.7
6/28/99,17,6.9,4.6
6/28/99,18,6.8,4.1
6/28/99,19,6.8,3.7
7/13/99,0,21.1,8.3
7/13/99,1,21.1,8.2
7/13/99,2,21.1,8.3
7/13/99,3,21.1,8.3
7/13/99,4,21.1,8.4
7/13/99,5,21,8.4
7/13/99,6,20.9,8.4
7/13/99,7,20.8,8.4
7/13/99,8,20.5,8.4
7/13/99,9,15.1,10
7/13/99,10,12.7,10
7/13/99,11,11.1,9.8
7/13/99,12,8.9,7.2
7/13/99,13,8.5,5.3
7/13/99,14,8.5,4.6
7/13/99,15,7.8,3.1
7/13/99,16,7.7,2.5
7/13/99,17,7.6,2.3
7/13/99,18,7.6,2
7/27/99,0,25.2,7.9
7/27/99,1,25.2,7.9
7/27/99,2,25.2,8
7/27/99,3,25.1,8
7/27/99,4,25.1,8
7/27/99,5,25,8
7/27/99,6,22.9,8.5
7/27/99,7,21.5,8.6
7/27/99,8,20.2,8.8
7/27/99,9,16.6,9
7/27/99,10,13.6,9.1
7/27/99,11,11.5,9.4
7/27/99,12,9.5,7.2
7/27/99,13,8.8,4.4
7/27/99,14,8,3
7/27/99,15,7.7,1.8
7/27/99,16,7.4,1.3
7/27/99,17,7.4,1.1
7/27/99,18,7.4,1
7/27/99,19,7.4,1
8/12/99,0,21.6,8
8/12/99,1,21.5,8
8/12/99,2,21.6,8
8/12/99,3,21.5,8
8/12/99,4,21.5,8
8/12/99,5,21.5,8.1
8/12/99,6,21.5,8.1
8/12/99,7,21.5,8.1
8/12/99,8,21.5,8.1
8/12/99,9,18.5,7.9
8/12/99,10,14.4,8.6
8/12/99,11,12,7.4
8/12/99,12,10.4,6.2
8/12/99,13,9.1,4
8/12/99,14,8.2,2.2
8/12/99,15,7.9,1.7
8/12/99,16,7.7,1.2
8/12/99,17,7.6,1
8/12/99,18,7.5,0.9
8/12/99,19,7.5,0.7
8/27/99,0,22.6,8.7
8/27/99,1,22.6,8.7
8/27/99,2,22.5,8.8
8/27/99,3,22.4,8.8
8/27/99,4,21.7,9.1
8/27/99,5,21.3,9.1
8/27/99,6,21.2,9
8/27/99,7,21.1,9
8/27/99,8,21,8.8
8/27/99,9,19.3,7.5
8/27/99,10,16.6,7.3
8/27/99,11,12.5,6.2
8/27/99,12,10.9,5
8/27/99,13,9.6,2.7
8/27/99,14,8.5,1.2
8/27/99,15,8.3,0.9
8/27/99,16,7.8,0.5
8/27/99,17,7.8,0.5
8/27/99,18,7.7,0.5
8/27/99,19,7.7,0.5
9/7/99,0,21.2,8
9/7/99,1,21.3,8
9/7/99,2,21.3,7.9
9/7/99,3,21.3,7.9
9/7/99,4,21.3,7.9
9/7/99,5,21.3,7.8
9/7/99,6,21.2,7.8
9/7/99,7,21.1,7.8
9/7/99,8,21.1,7.8
9/7/99,9,20.4,7
9/7/99,10,17.6,6.3
9/7/99,11,13.4,5.3
9/7/99,12,10.9,3.6
9/7/99,13,9.5,1.6
9/7/99,14,8.7,0.4
9/7/99,15,8.3,0.1
9/7/99,16,7.9,0.1
9/7/99,17,7.8,0.1
9/7/99,18,7.7,0.1
9/7/99,19,7.7,0.1
9/23/99,0,16.2,9.1
9/23/99,1,16.2,9
9/23/99,2,16.1,9
9/23/99,3,16.1,9
9/23/99,4,16.1,9
9/23/99,5,16,8.9
9/23/99,6,16,9
9/23/99,7,16,8.9
9/23/99,8,16,9
9/23/99,9,15.6,8.6
9/23/99,10,15.4,8.4
9/23/99,11,15.3,8.3
9/23/99,12,15.3,8.2
9/23/99,13,10.2,1.1
9/23/99,14,9.3,0.2
9/23/99,15,8.7,0.2
9/23/99,16,8.4,0.1
9/23/99,17,8.3,0.2
9/23/99,18,8.2,0.1
9/23/99,19,8.1,0.1
10/4/99,0,12.7,9.3
10/4/99,1,12.8,9.2
10/4/99,2,12.8,9.2
10/4/99,3,12.8,9.1
10/4/99,4,12.8,9.1
10/4/99,5,12.8,9.1
10/4/99,6,12.8,9.1
10/4/99,7,12.8,9.1
10/4/99,8,12.8,9.1
10/4/99,9,12.8,9.1
10/4/99,10,12.8,9.1
10/4/99,11,12.8,9.1
10/4/99,12,12.8,9.1
10/4/99,13,12.8,9.1
10/4/99,14,11.4,5.7
10/4/99,15,8.2,0.3
10/4/99,16,8,0.3
10/4/99,17,7.9,2.2
10/4/99,18,7.8,2.2
10/4/99,19,7.7,2.2
10/21/99,0,9.7,10
10/21/99,1,9.6,9.9
10/21/99,2,9.6,9.9
10/21/99,3,9.6,9.9
10/21/99,4,9.6,9.9
10/21/99,5,9.6,9.8
10/21/99,6,9.6,9.8
10/21/99,7,9.6,9.8
10/21/99,8,9.6,9.8
10/21/99,9,9.6,10.2
10/21/99,10,9.6,10.1
10/21/99,11,9.6,10.1
10/21/99,12,9.6,10.1
10/21/99,13,9.6,10.1
10/21/99,14,9.6,10.1
10/21/99,15,9.6,10.3
10/21/99,16,9.6,10.3
10/21/99,17,9.6,10.2
10/21/99,18,9.6,10.2
10/21/99,19,9.6,10.2
11/11/99,0,6.6,11.8
11/11/99,1,6.6,12.1
11/11/99,2,6.6,12.2
11/11/99,3,6.5,12.4
11/11/99,4,6.5,12.5
11/11/99,5,6.5,12.6
11/11/99,6,6.5,12.7
11/11/99,7,6.5,12.7
11/11/99,8,6.5,12.8
11/11/99,9,6.5,12.8
11/11/99,10,6.5,12.7
11/11/99,11,6.5,12.7
11/11/99,12,6.5,12.7
11/11/99,13,6.5,12.6
11/11/99,14,6.5,12.6
11/11/99,15,6.5,12.5
11/11/99,16,6.5,12.4
11/11/99,17,6.5,12.4
11/11/99,18,6.5,12.3
1/24/00,0,0.4,16
1/24/00,1,1.4,14.4
1/24/00,2,2.4,13.2
1/24/00,3,2.6,12.7
1/24/00,4,2.8,12.4
1/24/00,5,2.9,12.3
1/24/00,6,3,12.1
1/24/00,7,3,12
1/24/00,8,3.1,11.7
1/24/00,9,3.2,11.4
1/24/00,10,3.3,11.1
1/24/00,11,3.4,10.4
1/24/00,12,3.5,9.3
1/24/00,13,3.6,9
1/24/00,14,3.7,8.1
1/24/00,15,3.8,7.4
1/24/00,16,3.9,5.8
1/24/00,17,4,3.3
1/24/00,18,4.1,0.8
1/24/00,19,4.2,0.5
2/23/00,0,0.4,14
2/23/00,1,1.3,13.1
2/23/00,2,2.3,12.2
2/23/00,3,2.7,11.6
2/23/00,4,2.9,11.3
2/23/00,5,3.1,11
2/23/00,6,3.2,10.6
2/23/00,7,3.2,10.4
2/23/00,8,3.4,9.9
2/23/00,9,3.4,9.4
2/23/00,10,3.6,8.7
2/23/00,11,3.7,8.5
2/23/00,12,3.8,8.4
2/23/00,13,3.8,7.3
2/23/00,14,3.9,5
2/23/00,15,4,5.1
2/23/00,16,4.2,2.8
2/23/00,17,4.3,0.4
2/23/00,18,4.4,0.2
2/23/00,19,4.5,0.1
4/5/00,0,4.6,12.3
4/5/00,1,4.5,12.6
4/5/00,2,4.5,12.6
4/5/00,3,4.4,12.6
4/5/00,4,4.4,12.6
4/5/00,5,4.4,12.6
4/5/00,6,4.4,12.5
4/5/00,7,4.4,12.4
4/5/00,8,4.3,12.6
4/5/00,9,4.3,12.6
4/5/00,10,4.3,12.6
4/5/00,11,4.3,12.6
4/5/00,12,4.3,12.6
4/5/00,13,4.3,12.6
4/5/00,14,4.3,12.6
4/5/00,15,4.3,12.6
4/5/00,16,4.3,12.6
4/5/00,17,4.3,12.7
4/5/00,18,4.3,12.4
4/5/00,19,4.3,12.6
4/18/00,0,4.6,12.9
4/18/00,1,4.6,13
4/18/00,2,4.5,13.1
4/18/00,3,4.4,13.2
4/18/00,4,4.4,13.1
4/18/00,5,4.4,13.2
4/18/00,6,4.4,13.1
4/18/00,7,4.3,13.2
4/18/00,8,4.3,13.1
4/18/00,9,4.3,13.1
4/18/00,10,4.4,13.1
4/18/00,11,4.3,13.1
4/18/00,12,4.3,13.1
4/18/00,13,4.3,13.1
4/18/00,14,4.3,13.1
4/18/00,15,4.3,13.1
4/18/00,16,4.3,13.1
4/18/00,17,4.3,13.1
4/18/00,18,4.3,13
4/18/00,19,4.3,13
5/2/00,0,11.5,11.4
5/2/00,1,10.4,12
5/2/00,2,10,12.1
5/2/00,3,9.7,12.2
5/2/00,4,9.4,12.3
5/2/00,5,8.9,12.5
5/2/00,6,8.2,12.7
5/2/00,7,7.6,12.8
5/2/00,8,6.8,13.1
5/2/00,9,6.4,13.1
5/2/00,10,6.1,13.2
5/2/00,11,6,13.2
5/2/00,12,5.8,13.2
5/2/00,13,5.7,13
5/2/00,14,5.5,12.9
5/2/00,15,5.4,12.8
5/2/00,16,5.4,12.8
5/2/00,17,5.4,12.8
5/2/00,18,5.4,12.8
5/2/00,19,5.4,12.8
5/15/00,0,13,10.6
5/15/00,1,12.9,10.7
5/15/00,2,12.8,10.8
5/15/00,3,12.6,10.8
5/15/00,4,12.3,10.9
5/15/00,5,12.2,11
5/15/00,6,12.1,11
5/15/00,7,12,11
5/15/00,8,11.6,11.3
5/15/00,9,10.6,12.1
5/15/00,10,8.7,12.3
5/15/00,11,8.1,12.2
5/15/00,12,7.6,12.2
5/15/00,13,7.5,12
5/15/00,14,7.3,11.9
5/15/00,15,7.1,11.6
5/15/00,16,7,11.4
5/15/00,17,6.9,10.9
5/15/00,18,6.9,10.8
5/15/00,19,6.9,10.8
5/30/00,0,15.7,10.2
5/30/00,1,15.6,10.3
5/30/00,2,15.5,10.4
5/30/00,3,15.5,10.4
5/30/00,4,15.4,10.4
5/30/00,5,15.2,10.5
5/30/00,6,14.8,10.6
5/30/00,7,14.4,10.8
5/30/00,8,13.8,10.9
5/30/00,9,12.6,11.4
5/30/00,10,11.2,11.9
5/30/00,11,9.4,12
5/30/00,12,8.4,11.4
5/30/00,13,8.3,11.2
5/30/00,14,8,10.7
5/30/00,15,7.9,10.6
5/30/00,16,7.7,9.9
5/30/00,17,7.6,9.5
5/30/00,18,7.6,9.5
5/30/00,19,7.5,9.2
6/15/00,0,18.6,8.9
6/15/00,1,18.6,8.9
6/15/00,2,18.6,8.9
6/15/00,3,18.6,8.9
6/15/00,4,18.6,8.9
6/15/00,5,18.6,8.9
6/15/00,6,18.5,9
6/15/00,7,18.4,8.9
6/15/00,8,17.1,9.2
6/15/00,9,14.3,9.8
6/15/00,10,13,10.2
6/15/00,11,11.7,10.4
6/15/00,12,9.5,9.7
6/15/00,13,8.8,9.1
6/15/00,14,8.5,8.6
6/15/00,15,8.4,8.5
6/15/00,16,8.3,8
6/15/00,17,8.2,7.5
6/15/00,18,8.1,7.2
6/15/00,19,8.1,7.2
6/26/00,0,19.1,8.9
6/26/00,1,19.1,8.9
6/26/00,2,19.1,8.9
6/26/00,3,19,8.9
6/26/00,4,19,9
6/26/00,5,18.8,9
6/26/00,6,18.7,9.1
6/26/00,7,18.4,9
6/26/00,8,18.1,9
6/26/00,9,17.5,9
6/26/00,10,14.3,9.3
6/26/00,11,10.6,9.2
6/26/00,12,10.1,8.5
6/26/00,13,9.1,7.9
6/26/00,14,8.7,7
6/26/00,15,8.6,6.6
6/26/00,16,8.4,5.8
6/26/00,17,8.4,5
6/26/00,18,8.3,4.2
6/26/00,19,8.3,4.1
7/10/00,0,23.3,9
7/10/00,1,22.2,9.2
7/10/00,2,21.9,9.4
7/10/00,3,21.3,9.5
7/10/00,4,21,9.5
7/10/00,5,20.7,9.6
7/10/00,6,20.6,9.5
7/10/00,7,20.4,9.2
7/10/00,8,19.6,9.1
7/10/00,9,18.8,8.9
7/10/00,10,16.4,9.3
7/10/00,11,13.2,8.6
7/10/00,12,11.2,7.8
7/10/00,13,9.9,6.2
7/10/00,14,9.3,5.3
7/10/00,15,9,4.6
7/10/00,16,8.8,3.5
7/10/00,17,8.6,2.7
7/10/00,18,8.6,2.6
7/10/00,19,8.6,2.3
7/24/00,0,21.6,9.1
7/24/00,1,21.6,9.2
7/24/00,2,21.6,9.3
7/24/00,3,21.5,9.4
7/24/00,4,21.5,9.4
7/24/00,5,21.4,9.4
7/24/00,6,21.4,9.5
7/24/00,7,21.4,9.4
7/24/00,8,20.8,9.4
7/24/00,9,20.5,9.3
7/24/00,10,16.3,9.1
7/24/00,11,14.1,8.6
7/24/00,12,12.2,7.4
7/24/00,13,10.8,5.7
7/24/00,14,9.7,3.7
7/24/00,15,9.1,2
7/24/00,16,8.8,1.2
7/24/00,17,8.7,0.7
7/24/00,18,8.6,0.5
7/24/00,19,8.5,0.4
8/7/00,0,22.4,8.1
8/7/00,1,22.4,8.1
8/7/00,2,22.3,8.2
8/7/00,3,22.3,8.2
8/7/00,4,22.3,8.2
8/7/00,5,22.3,8.2
8/7/00,6,22.2,8.2
8/7/00,7,22.1,8.1
8/7/00,8,21.5,7.9
8/7/00,9,20.5,7.5
8/7/00,10,18.5,7.1
8/7/00,11,16,6.9
8/7/00,12,12.6,5.5
8/7/00,13,11,2.9
8/7/00,14,10,1.4
8/7/00,15,9.3,0.5
8/7/00,16,9.1,0.5
8/7/00,17,8.8,0.5
8/7/00,18,8.7,0.5
8/7/00,19,8.6,0.5
8/24/00,0,21.9,8.3
8/24/00,1,21.7,8.3
8/24/00,2,21.7,8.3
8/24/00,3,21.6,8.3
8/24/00,4,21.6,8.3
8/24/00,5,21.6,8.3
8/24/00,6,21.5,8.3
8/24/00,7,21.3,8.2
8/24/00,8,21.3,8
8/24/00,9,21.1,7.9
8/24/00,10,20.3,7.2
8/24/00,11,17.7,5.7
8/24/00,12,14.2,4.3
8/24/00,13,11.6,1.5
8/24/00,14,10.7,0.1
8/24/00,15,9.9,0.1
8/24/00,16,9.2,0.1
8/24/00,17,9,0.1
8/24/00,18,8.8,0.1
8/24/00,19,8.7,0.1
9/7/00,0,19.5,8.3
9/7/00,1,19.5,8.3
9/7/00,2,19.5,8.3
9/7/00,3,19.5,8.3
9/7/00,4,19.5,8.3
9/7/00,5,19.5,8.3
9/7/00,6,19.5,8.3
9/7/00,7,19.5,8.3
9/7/00,8,19.4,8.4
9/7/00,9,19.3,8.4
9/7/00,10,19.3,8.3
9/7/00,11,19.2,8.1
9/7/00,12,14,3
9/7/00,13,12.4,1.1
9/7/00,14,10.6,0.2
9/7/00,15,9.8,0.1
9/7/00,16,9.4,0.1
9/7/00,17,9.3,0.1
9/7/00,18,9,0.1
9/7/00,19,8.8,0.1
9/20/00,0,17.5,8.3
9/20/00,1,17.5,8.3
9/20/00,2,17.5,8.2
9/20/00,3,17.5,8.2
9/20/00,4,17.5,8.2
9/20/00,5,17.5,8.2
9/20/00,6,17.5,8.2
9/20/00,7,17.5,8.2
9/20/00,8,17.5,8.2
9/20/00,9,17.5,8.2
9/20/00,10,17.5,8.2
9/20/00,11,17.5,8.2
9/20/00,12,17.5,8.2
9/20/00,13,12.5,0.5
9/20/00,14,10.5,0.2
9/20/00,15,9.7,0.2
9/20/00,16,9.3,0.2
9/20/00,17,9.1,0.2
9/20/00,18,8.9,0.2
9/20/00,19,8.8,0.2
10/3/00,0,15,8.8
10/3/00,1,15,8.8
10/3/00,2,15,8.8
10/3/00,3,14.9,8.9
10/3/00,4,14.9,8.9
10/3/00,5,14.9,8.9
10/3/00,6,14.9,8.9
10/3/00,7,14.9,8.9
10/3/00,8,14.9,8.8
10/3/00,9,14.9,8.8
10/3/00,10,14.9,8.8
10/3/00,11,14.9,8.8
10/3/00,12,14.8,8.5
10/3/00,13,14.7,8.2
10/3/00,14,14.4,7.4
10/3/00,15,13.1,3.8
10/3/00,16,9.5,0.2
10/3/00,17,9,0.1
10/3/00,18,8.8,0.1
10/3/00,19,8.7,0.1
10/16/00,0,12.4,9.4
10/16/00,1,12.2,9.7
10/16/00,2,12,9.7
10/16/00,3,12,9.7
10/16/00,4,12,9.7
10/16/00,5,11.9,9.6
10/16/00,6,11.9,9.6
10/16/00,7,11.9,9.6
10/16/00,8,11.9,9.5
10/16/00,9,11.8,9.4
10/16/00,10,11.8,9.4
10/16/00,11,11.7,8.8
10/16/00,12,11.7,8.5
10/16/00,13,11.6,8
10/16/00,14,11.5,7.9
10/16/00,15,11.4,7.5
10/16/00,16,11.3,7.1
10/16/00,17,11.3,7
10/16/00,18,11.3,6.8
10/16/00,19,11.1,5.4
11/1/00,0,11.1,10.2
11/1/00,1,11.1,10.2
11/1/00,2,11,10.3
11/1/00,3,11,10.4
11/1/00,4,11,10.5
11/1/00,5,11,10.5
11/1/00,6,11,10.5
11/1/00,7,11,10.5
11/1/00,8,11,10.5
11/1/00,9,11,10.4
11/1/00,10,11,10.4
11/1/00,11,11,10.4
11/1/00,12,10.9,10.4
11/1/00,13,10.8,10.2
11/1/00,14,10.7,10.1
11/1/00,15,10.6,9.9
11/1/00,16,10.6,9.7
11/1/00,17,10.6,9.7
11/1/00,18,10.6,9.7
11/1/00,19,10.5,9.6
11/14/00,0,7.2,10.6
11/14/00,1,7.2,10.8
11/14/00,2,7.2,11.1
11/14/00,3,7.2,11.2
11/14/00,4,7.2,11.3
11/14/00,5,7.2,11.2
11/14/00,6,7.2,11.2
11/14/00,7,7.2,11
11/14/00,8,7.2,11
11/14/00,9,7.2,10.9
11/14/00,10,7.2,10.9
11/14/00,11,7.2,10.9
11/14/00,12,7.2,10.9
11/14/00,13,7.2,10.7
11/14/00,14,7.2,10.7
11/14/00,15,7.2,10.7
11/14/00,16,7.2,10.7
11/14/00,17,7.2,10.7
11/14/00,18,7.2,10.7
11/14/00,19,7.2,10.6
1/18/01,0,0.8,14.3
1/18/01,1,1.5,13.7
1/18/01,2,2.4,12.5
1/18/01,3,2.8,12.3
1/18/01,4,3,12
1/18/01,5,3.2,11.8
1/18/01,6,3.3,11.6
1/18/01,7,3.4,11.4
1/18/01,8,3.5,10.9
1/18/01,9,3.6,10.6
1/18/01,10,3.8,10.2
1/18/01,11,3.9,9.5
1/18/01,12,4.1,8.2
1/18/01,13,4.1,8
1/18/01,14,4.2,7.1
1/18/01,15,4.3,6.5
1/18/01,16,4.3,6
1/18/01,17,4.4,2.2
1/18/01,18,4.5,1
1/18/01,19,4.6,0.4
2/23/01,0,0.3,15.1
2/23/01,1,1.2,14
2/23/01,2,2.3,12.5
2/23/01,3,2.9,11.7
2/23/01,4,3.2,11.5
2/23/01,5,3.4,11.2
2/23/01,6,3.5,10.9
2/23/01,7,3.7,10.2
2/23/01,8,3.9,9.8
2/23/01,9,4,9.7
2/23/01,10,4.1,8.6
2/23/01,11,4.2,7.9
2/23/01,12,4.3,7.2
2/23/01,13,4.4,5.4
2/23/01,14,4.5,5
2/23/01,15,4.5,4.9
2/23/01,16,4.6,1.1
2/23/01,17,4.6,0.6
2/23/01,18,4.6,0.6
2/23/01,19,4.7,0.4
4/6/01,0,0.9,13.5
4/6/01,1,2.1,12.9
4/6/01,2,3.1,11.8
4/6/01,3,3.5,10.9
4/6/01,4,3.7,10.1
4/6/01,5,3.8,9.6
4/6/01,6,3.9,9.2
4/6/01,7,4,8.6
4/6/01,8,4.1,8
4/6/01,9,4.3,6.7
4/6/01,10,4.3,6.2
4/6/01,11,4.3,6.2
4/6/01,12,4.4,4.8
4/6/01,13,4.5,3.6
4/6/01,14,4.6,2.5
4/6/01,15,4.7,0.5
4/6/01,16,4.7,0.2
4/6/01,17,4.7,0.2
4/6/01,18,4.8,0.2
4/6/01,19,5,0.2
5/4/01,0,11.3,11.4
5/4/01,1,11.2,11.6
5/4/01,2,10.7,11.7
5/4/01,3,9.8,12
5/4/01,4,9.6,12
5/4/01,5,9.4,12
5/4/01,6,9.3,12
5/4/01,7,9.2,11.9
5/4/01,8,8.9,11.8
5/4/01,9,8.8,11.8
5/4/01,10,8.7,11.7
5/4/01,11,8.6,11.6
5/4/01,12,8.5,11.5
5/4/01,13,8.4,11.5
5/4/01,14,8.4,11.4
5/4/01,15,8.3,11.3
5/4/01,16,8.1,11.2
5/4/01,17,8,10.7
5/4/01,18,7.9,10.7
5/4/01,19,7.9,10.6
5/15/01,0,14,11.5
5/15/01,1,13.9,11.6
5/15/01,2,13.7,11.6
5/15/01,3,13.6,11.6
5/15/01,4,13.3,11.6
5/15/01,5,13.2,11.7
5/15/01,6,12.9,11.8
5/15/01,7,12.6,11.8
5/15/01,8,12.3,11.9
5/15/01,9,12.2,12
5/15/01,10,11.2,11.9
5/15/01,11,10.7,11.7
5/15/01,12,10.2,11.3
5/15/01,13,9.9,10.8
5/15/01,14,9.4,10.5
5/15/01,15,9.3,10.3
5/15/01,16,9.1,9.9
5/15/01,17,9.1,9.7
5/15/01,18,9,9.6
5/15/01,19,9,9.3
5/31/01,0,16.2,10.3
5/31/01,1,15.9,10.4
5/31/01,2,15.6,10.4
5/31/01,3,15.4,10.5
5/31/01,4,15.4,10.5
5/31/01,5,15.2,10.5
5/31/01,6,14.7,10.4
5/31/01,7,14.6,10.4
5/31/01,8,14.4,10.5
5/31/01,9,13.7,10.7
5/31/01,10,12.8,11.2
5/31/01,11,11,9.9
5/31/01,12,10.6,9.7
5/31/01,13,10.4,9.2
5/31/01,14,10,8.5
5/31/01,15,9.7,7.7
5/31/01,16,9.5,7
5/31/01,17,9.4,6.1
5/31/01,18,9.3,5.6
5/31/01,19,9.3,5.2
5/31/01,20,,
6/12/01,0,21.2,9.7
6/12/01,1,19.5,10.1
6/12/01,2,19.3,10.2
6/12/01,3,18.6,10.5
6/12/01,4,17.4,10.8
6/12/01,5,16.2,11.3
6/12/01,6,15.6,11.4
6/12/01,7,15.3,11.1
6/12/01,8,14.8,11
6/12/01,9,14.3,10.8
6/12/01,10,13.6,10.8
6/12/01,11,12.5,10.6
6/12/01,12,10.9,9
6/12/01,13,10.7,8.8
6/12/01,14,10.3,7.9
6/12/01,15,10.1,7.5
6/12/01,16,9.8,6.2
6/12/01,17,9.6,5.6
6/12/01,18,9.6,5.2
6/12/01,19,9.6,5.2
6/27/01,0,22.6,9.1
6/27/01,1,22.3,9.2
6/27/01,2,22.1,9.3
6/27/01,3,21.7,9.4
6/27/01,4,21.6,9.5
6/27/01,5,20.9,9.7
6/27/01,6,20.6,9.8
6/27/01,7,19.5,10.1
6/27/01,8,16.2,10.7
6/27/01,9,15.4,10.7
6/27/01,10,14.2,9.9
6/27/01,11,12.7,9
6/27/01,12,12,8.1
6/27/01,13,11.3,7
6/27/01,14,11.1,6.6
6/27/01,15,10.9,6.1
6/27/01,16,10.6,5
6/27/01,17,10.5,4.8
6/27/01,18,10.5,4.5
6/27/01,19,10.4,4
7/10/01,0,22.3,8.8
7/10/01,1,22.3,9
7/10/01,2,22.3,9.1
7/10/01,3,22.2,9.2
7/10/01,4,21.6,9.5
7/10/01,5,21.4,9.5
7/10/01,6,21.1,9.5
7/10/01,7,20.6,9.5
7/10/01,8,18.8,10.4
7/10/01,9,17,10.4
7/10/01,10,15,10.3
7/10/01,11,13.9,9.8
7/10/01,12,12.7,7.9
7/10/01,13,12,6.5
7/10/01,14,11.4,4.8
7/10/01,15,10.9,3.4
7/10/01,16,10.7,2.1
7/10/01,17,10.5,1.3
7/10/01,18,10.4,0.8
7/10/01,19,10.4,0.6
7/25/01,0,24.4,8.4
7/25/01,1,24.4,8.5
7/25/01,2,24.4,8.5
7/25/01,3,24.4,8.5
7/25/01,4,24.4,8.5
7/25/01,5,24.3,8.6
7/25/01,6,23,9.3
7/25/01,7,22.3,9.5
7/25/01,8,20.8,9.7
7/25/01,9,17.7,10.8
7/25/01,10,16.1,10.7
7/25/01,11,14.7,9.7
7/25/01,12,13.7,8.4
7/25/01,13,12.6,5.7
7/25/01,14,11.9,3.3
7/25/01,15,11.2,1.3
7/25/01,16,11,0.5
7/25/01,17,10.8,0.3
7/25/01,18,10.8,0.1
7/25/01,19,10.7,0.1
8/7/01,0,26.4,8
8/7/01,1,26.3,7.9
8/7/01,2,26,8.1
8/7/01,3,25.5,8.2
8/7/01,4,25,8.3
8/7/01,5,24.7,8.5
8/7/01,6,23.9,8.5
8/7/01,7,23.3,8.3
8/7/01,8,21.5,8.4
8/7/01,9,19.5,9.7
8/7/01,10,17.2,9.6
8/7/01,11,14.8,8.2
8/7/01,12,13.6,5.6
8/7/01,13,12.6,3.7
8/7/01,14,11.8,1.1
8/7/01,15,11.3,0.2
8/7/01,16,11,0.1
8/7/01,17,10.8,0.1
8/7/01,18,10.7,0.2
8/7/01,19,10.6,0.3
8/21/01,0,22.3,8.4
8/21/01,1,22.3,8.7
8/21/01,2,22.2,8.9
8/21/01,3,22.2,8.9
8/21/01,4,21.9,9.1
8/21/01,5,21.9,9
8/21/01,6,21.8,8.9
8/21/01,7,21.7,8.8
8/21/01,8,21.6,8.8
8/21/01,9,21.2,9
8/21/01,10,18.5,9.7
8/21/01,11,15.3,8.1
8/21/01,12,13.6,5.4
8/21/01,13,12.5,2.4
8/21/01,14,11.7,0.4
8/21/01,15,11.3,0.3
8/21/01,16,11,0.3
8/21/01,17,10.7,0.2
8/21/01,18,10.7,0.2
8/21/01,19,10.6,0.2
9/4/01,0,21,8
9/4/01,1,21,7.5
9/4/01,2,20.9,7.8
9/4/01,3,20.9,7.6
9/4/01,4,20.8,8
9/4/01,5,20.8,7.5
9/4/01,6,20.8,8.8
9/4/01,7,20.8,8.8
9/4/01,8,20.8,8.8
9/4/01,9,20.6,8.8
9/4/01,10,20.1,8.6
9/4/01,11,18,7.8
9/4/01,12,14.4,4.9
9/4/01,13,13.1,2
9/4/01,14,12,0.3
9/4/01,15,11.5,0.2
9/4/01,16,11,0.2
9/4/01,17,10.8,0.2
9/4/01,18,10.7,0.2
9/4/01,19,10.6,0.2
9/17/01,0,18.3,8.4
9/17/01,1,18.3,8.3
9/17/01,2,18.4,8.6
9/17/01,3,18.4,8.7
9/17/01,4,18.5,8.7
9/17/01,5,18.5,8.7
9/17/01,6,18.5,8.7
9/17/01,7,18.5,8.7
9/17/01,8,18.5,8.7
9/17/01,9,18.5,8.6
9/17/01,10,18.4,8.5
9/17/01,11,18.3,8.1
9/17/01,12,15.1,3.5
9/17/01,13,12.9,0.4
9/17/01,14,11.9,0.1
9/17/01,15,11.3,0.1
9/17/01,16,10.8,0.1
9/17/01,17,10.5,0.1
9/17/01,18,10.4,0.1
9/17/01,19,10.4,0.1
10/1/01,0,15.8,9.6
10/1/01,1,15.7,9.3
10/1/01,2,15.3,9.3
10/1/01,3,15.2,9.3
10/1/01,4,15.2,9.3
10/1/01,5,15.1,9.2
10/1/01,6,15.1,9.2
10/1/01,7,14.9,9.1
10/1/01,8,14.9,9.1
10/1/01,9,14.8,9.1
10/1/01,10,14.8,9
10/1/01,11,14.7,8.9
10/1/01,12,14.6,8.9
10/1/01,13,14.6,8.8
10/1/01,14,12.6,0.3
10/1/01,15,11.1,0.1
10/1/01,16,10.7,0
10/1/01,17,10.3,0
10/1/01,18,10.2,0
10/1/01,19,10.2,0
10/16/01,0,11.9,9
10/16/01,1,12,9
10/16/01,2,12,9
10/16/01,3,12,8.9
10/16/01,4,12,8.9
10/16/01,5,12,8.9
10/16/01,6,12,8.9
10/16/01,7,12.1,8.8
10/16/01,8,12.1,8.8
10/16/01,9,12.1,8.8
10/16/01,10,12.1,8.8
10/16/01,11,12.1,8.8
10/16/01,12,12.1,8.8
10/16/01,13,12.1,8.8
10/16/01,14,12.1,8.8
10/16/01,15,12.1,8.8
10/16/01,16,12.1,8.8
10/16/01,17,12.1,8.8
10/16/01,18,12.1,8.8
10/16/01,19,12,8.8
10/31/01,0,8.5,11.2
10/31/01,1,8.5,11.2
10/31/01,2,8.5,11.3
10/31/01,3,8.4,11.3
10/31/01,4,8.4,11.3
10/31/01,5,8.4,11.3
10/31/01,6,8.3,11.1
10/31/01,7,8.2,11.1
10/31/01,8,8.2,11
10/31/01,9,8.2,11
10/31/01,10,8.2,10.9
10/31/01,11,8.2,10.9
10/31/01,12,8.2,10.8
10/31/01,13,8.2,10.8
10/31/01,14,8.1,10.7
10/31/01,15,8.1,10.7
10/31/01,16,8.1,10.7
10/31/01,17,8.1,10.7
10/31/01,18,8.1,10.7
10/31/01,19,8.1,10.7
11/12/01,0,7.6,10.4
11/12/01,1,7.5,10.7
11/12/01,2,7.2,10.8
11/12/01,3,7.2,10.8
11/12/01,4,7.1,10.9
11/12/01,5,7.1,10.9
11/12/01,6,7,10.9
11/12/01,7,7,10.9
11/12/01,8,7,10.9
11/12/01,9,7,10.9
11/12/01,10,7,10.9
11/12/01,11,7,10.9
11/12/01,12,6.9,10.9
11/12/01,13,6.9,10.9
11/12/01,14,6.9,10.9
11/12/01,15,6.9,10.9
11/12/01,16,6.9,10.9
11/12/01,17,6.8,10.9
11/12/01,18,6.8,10.9
11/12/01,19,6.8,10.9
1/22/02,0,0.5,16.3
1/22/02,1,1.1,14.7
1/22/02,2,1.2,14.3
1/22/02,3,1.2,14.2
1/22/02,4,1.3,13.9
1/22/02,5,1.3,13.8
1/22/02,6,1.4,13.8
1/22/02,7,1.5,13.6
1/22/02,8,1.6,13.4
1/22/02,9,1.7,13.3
1/22/02,10,1.8,13.2
1/22/02,11,1.9,13.1
1/22/02,12,1.9,12.9
1/22/02,13,2,12.2
1/22/02,14,2.2,11.1
1/22/02,15,2.4,10.3
1/22/02,16,2.5,9.5
1/22/02,17,2.7,5.9
1/22/02,18,3,4.7
1/22/02,19,3.1,2.3
2/26/02,0,0.3,15.7
2/26/02,1,0.8,15.2
2/26/02,2,1.4,14.2
2/26/02,3,1.6,14.1
2/26/02,4,1.7,14.1
2/26/02,5,1.7,13.8
2/26/02,6,1.8,13.8
2/26/02,7,2,13.5
2/26/02,8,2.1,13.2
2/26/02,9,2.2,12.5
2/26/02,10,2.3,12.6
2/26/02,11,2.4,11.5
2/26/02,12,2.5,11.4
2/26/02,13,2.6,10.3
2/26/02,14,2.8,9.1
2/26/02,15,2.9,8.3
2/26/02,16,3,7.2
2/26/02,17,3.1,7
4/16/02,0,1.2,12.8
4/16/02,1,2.4,13
4/16/02,2,2.5,12.9
4/16/02,3,2.5,12.9
4/16/02,4,2.5,12.9
4/16/02,5,2.5,12.5
4/16/02,6,2.6,11.4
4/16/02,7,2.6,11.4
4/16/02,8,2.7,10.5
4/16/02,9,2.8,10.2
4/16/02,10,2.9,10
4/16/02,11,2.9,9.3
4/16/02,12,3.1,10.1
4/16/02,13,3.1,7.7
4/16/02,14,3.3,6.6
4/16/02,15,3.4,5.6
4/16/02,16,3.5,2.4
4/16/02,17,3.7,0.6
4/16/02,18,3.9,0.4
4/16/02,19,4.2,0.4
4/24/02,0,4.8,11.8
4/24/02,1,4.7,12.4
4/24/02,2,4.6,12.7
4/24/02,3,4.4,12.7
4/24/02,4,4.4,12.6
4/24/02,5,4.3,12.5
4/24/02,6,4.3,12.4
4/24/02,7,4.3,12.3
4/24/02,8,4.3,12.3
4/24/02,9,4.3,12.2
4/24/02,10,4.3,12.1
4/24/02,11,4.3,12.1
4/24/02,12,4.3,12
4/24/02,13,4.2,11.9
4/24/02,14,4.2,11.8
4/24/02,15,4.2,11.8
4/24/02,16,4.2,11.7
4/24/02,17,4.2,11.7
4/24/02,18,4.2,11.6
4/24/02,19,4.2,11.6
5/6/02,0,7,12.3
5/6/02,1,6.9,12.4
5/6/02,2,6.6,12.4
5/6/02,3,6.4,12.4
5/6/02,4,6.2,12.4
5/6/02,5,6.1,12.5
5/6/02,6,6.1,12.5
5/6/02,7,6.1,12.5
5/6/02,8,5.9,12.4
5/6/02,9,5.9,12.4
5/6/02,10,5.9,12.4
5/6/02,11,5.8,12.4
5/6/02,12,5.8,12.4
5/6/02,13,5.8,12.4
5/6/02,14,5.8,12.4
5/6/02,15,5.8,12.4
5/6/02,16,5.8,12.4
5/6/02,17,5.8,12.4
5/6/02,18,5.8,12.4
5/6/02,19,5.8,12.4
5/20/02,0,9.2,12.8
5/20/02,1,8.8,13.3
5/20/02,2,8.7,13.3
5/20/02,3,8.3,13.3
5/20/02,4,8.2,13.3
5/20/02,5,8.1,13.3
5/20/02,6,8.1,13.3
5/20/02,7,8.1,13.3
5/20/02,8,8,13.3
5/20/02,9,8,13.2
5/20/02,10,8,13.1
5/20/02,11,8,13.1
5/20/02,12,8,13
5/20/02,13,7.9,12.9
5/20/02,14,7.9,12.8
5/20/02,15,7.8,12.6
5/20/02,16,7.8,12.4
5/20/02,17,7.7,12.2
5/20/02,18,7.6,11.6
5/20/02,19,7.6,11.5
6/3/02,0,15.2,10.2
6/3/02,1,15.2,10.2
6/3/02,2,15.2,10.2
6/3/02,3,15.2,10.3
6/3/02,4,15.1,10.3
6/3/02,5,13.5,11.3
6/3/02,6,12.7,11.7
6/3/02,7,12.1,11.6
6/3/02,8,11.5,11.7
6/3/02,9,11.3,11.6
6/3/02,10,11.1,11.6
6/3/02,11,10.9,11.5
6/3/02,12,10.6,11.4
6/3/02,13,10.5,11.2
6/3/02,14,10.4,11.3
6/3/02,15,10.3,11
6/3/02,16,10.2,10.9
6/3/02,17,10.1,10.8
6/3/02,18,10.1,10.7
6/3/02,19,10.1,10.5
6/18/02,0,18.1,9.8
6/18/02,1,18.1,9.8
6/18/02,2,18.1,9.8
6/18/02,3,18.1,9.8
6/18/02,4,17.9,9.9
6/18/02,5,17.7,10
6/18/02,6,17.5,10.1
6/18/02,7,14.8,11.2
6/18/02,8,13.2,11.5
6/18/02,9,12.4,11.1
6/18/02,10,11.8,10.9
6/18/02,11,11.5,10.7
6/18/02,12,11.1,10.4
6/18/02,13,10.9,9.9
6/18/02,14,10.7,9
6/18/02,15,10.5,8.3
6/18/02,16,10.3,7.4
6/18/02,17,10.3,7
6/18/02,18,10.1,5.7
6/18/02,19,10.1,5.6
7/3/02,0,25.8,8.2
7/3/02,1,25.4,8.4
7/3/02,2,24.8,8.4
7/3/02,3,24.7,8.4
7/3/02,4,24.3,8.7
7/3/02,5,23.9,8.8
7/3/02,6,19.9,10.3
7/3/02,7,17.3,10.9
7/3/02,8,15.9,11.2
7/3/02,9,13.8,11
7/3/02,10,12.9,11
7/3/02,11,12.2,10.3
7/3/02,12,11.5,9.7
7/3/02,13,11.2,8.6
7/3/02,14,11,7.6
7/3/02,15,10.7,5.7
7/3/02,16,10.5,5.1
7/3/02,17,10.5,4.4
7/3/02,18,10.4,3.8
7/3/02,19,10.4,3.6
7/15/02,0,24.9,8.2
7/15/02,1,24.9,8.3
7/15/02,2,24.9,8.4
7/15/02,3,24.9,8.4
7/15/02,4,24.9,8.3
7/15/02,5,24.7,8.3
7/15/02,6,23.5,8.8
7/15/02,7,19,10.9
7/15/02,8,17,11.3
7/15/02,9,14.6,10.7
7/15/02,10,13.4,11.5
7/15/02,11,12.7,11.3
7/15/02,12,11.8,9.4
7/15/02,13,11.2,6.9
7/15/02,14,10.9,5
7/15/02,15,10.7,3.9
7/15/02,16,10.5,2.3
7/15/02,17,10.4,1.7
7/15/02,18,10.3,1.1
7/15/02,19,10.2,0.4
7/30/02,0,25.3,8.4
7/30/02,1,25.2,8.5
7/30/02,2,25.1,8.6
7/30/02,3,25,8.7
7/30/02,4,25,8.8
7/30/02,5,24.9,8.9
7/30/02,6,24.7,8.9
7/30/02,7,24.4,9.2
7/30/02,8,17.1,12
7/30/02,9,15.5,12.4
7/30/02,10,14.6,12.5
7/30/02,11,13.8,12.3
7/30/02,12,12.7,9.3
7/30/02,13,11.7,7.1
7/30/02,14,11.1,3.3
7/30/02,15,10.9,2.5
7/30/02,16,10.8,2
7/30/02,17,10.6,0.9
7/30/02,18,10.5,0.5
7/30/02,19,10.4,0.2
7/30/02,20,,
8/12/02,0,23.3,8.1
8/12/02,1,23.3,8.1
8/12/02,2,23.3,8.1
8/12/02,3,23.3,8.1
8/12/02,4,23.3,8.1
8/12/02,5,23.3,8.2
8/12/02,6,23.3,8.2
8/12/02,7,23.2,8.2
8/12/02,8,22,8.8
8/12/02,9,17,11.2
8/12/02,10,14.8,11.2
8/12/02,11,13.9,10.2
8/12/02,12,12.5,7.9
8/12/02,13,12,5.8
8/12/02,14,11.2,2
8/12/02,15,11,1
8/12/02,16,10.8,0.4
8/12/02,17,10.6,0.2
8/12/02,18,10.5,0.1
8/12/02,19,10.5,0.1
8/28/02,0,21.5,9.2
8/28/02,1,21.6,9.3
8/28/02,2,21.6,9.3
8/28/02,3,21.6,9.2
8/28/02,4,21.6,9.2
8/28/02,5,21.6,9.2
8/28/02,6,21.5,9.2
8/28/02,7,21.1,9.3
8/28/02,8,20.9,9
8/28/02,9,20.4,8.7
8/28/02,10,17.5,9.8
8/28/02,11,14.5,9
8/28/02,12,13.1,5.8
8/28/02,13,12.3,3.5
8/28/02,14,11.8,1.1
8/28/02,15,11.2,0.2
8/28/02,16,11,0.1
8/28/02,17,10.7,0.1
8/28/02,18,10.6,0.1
8/28/02,19,10.5,0.1
9/9/02,0,22.3,8.6
9/9/02,1,22.4,8.7
9/9/02,2,22.1,8.8
9/9/02,3,22,8.9
9/9/02,4,22,8.9
9/9/02,5,22,9
9/9/02,6,21.9,9
9/9/02,7,21.9,9
9/9/02,8,21.2,8.9
9/9/02,9,21,8.8
9/9/02,10,20.9,8.8
9/9/02,11,15.6,8.4
9/9/02,12,13.4,4.8
9/9/02,13,12.4,2.1
9/9/02,14,11.7,0.2
9/9/02,15,11.3,0.1
9/9/02,16,11,0.1
9/9/02,17,10.9,0.1
9/9/02,18,10.7,0.1
9/9/02,19,10.5,0.1
9/23/02,0,18.5,8.4
9/23/02,1,18.5,8.5
9/23/02,2,18.5,8.5
9/23/02,3,18.5,8.5
9/23/02,4,18.5,8.5
9/23/02,5,18.4,8.5
9/23/02,6,18.4,8.5
9/23/02,7,18.4,8.6
9/23/02,8,18.4,8.6
9/23/02,9,18.4,8.6
9/23/02,10,18.4,8.5
9/23/02,11,18.1,8
9/23/02,12,14.4,3.2
9/23/02,13,12.6,0.3
9/23/02,14,11.9,0.2
9/23/02,15,11.6,0.2
9/23/02,16,11.3,0.1
9/23/02,17,10.9,0.1
9/23/02,18,10.8,0.1
9/23/02,19,10.7,0.1
10/7/02,0,13.8,8.7
10/7/02,1,13.9,8.9
10/7/02,2,13.9,9.1
10/7/02,3,13.9,9.3
10/7/02,4,14,9.3
10/7/02,5,14,9.1
10/7/02,6,14,9.1
10/7/02,7,14,8.9
10/7/02,8,14,8.7
10/7/02,9,14,8.5
10/7/02,10,14,8.4
10/7/02,11,14,8.3
10/7/02,12,13.9,8.2
10/7/02,13,13.8,7.4
10/7/02,14,12.4,2
10/7/02,15,11.6,0.4
10/7/02,16,10.9,0.4
10/7/02,17,10.7,0.4
10/7/02,18,10.6,0.4
10/7/02,19,10.5,0.3
10/21/02,0,9.5,10
10/21/02,1,9.5,9.9
10/21/02,2,9.5,9.9
10/21/02,3,9.5,10.1
10/21/02,4,9.5,10.3
10/21/02,5,9.5,10.4
10/21/02,6,9.4,10.5
10/21/02,7,9.4,10.4
10/21/02,8,9.4,10.4
10/21/02,9,9.4,10.4
10/21/02,10,9.4,10.4
10/21/02,11,9.4,10.4
10/21/02,12,9.4,10.4
10/21/02,13,9.4,10.4
10/21/02,14,9.4,10.3
10/21/02,15,9.4,10.3
10/21/02,16,9.4,10.2
10/21/02,17,9.4,10.2
10/21/02,18,9.4,10.1
10/21/02,19,9.4,10.1
11/5/02,0,5.8,11.2
11/5/02,1,5.7,11.2
11/5/02,2,5.7,11.3
11/5/02,3,5.6,11.3
11/5/02,4,5.6,11.4
11/5/02,5,5.6,11.4
11/5/02,6,5.6,11.4
11/5/02,7,5.6,11.4
11/5/02,8,5.5,11.4
11/5/02,9,5.5,11.4
11/5/02,10,5.5,11.4
11/5/02,11,5.5,11.4
11/5/02,12,5.5,11.5
11/5/02,13,5.5,11.5
11/5/02,14,5.5,11.5
11/5/02,15,5.5,11.4
11/5/02,16,5.5,11.4
11/5/02,17,5.4,11.4
11/5/02,18,5.4,11.4
11/5/02,19,5.3,11.4
1/30/03,0,1.2,16.5
1/30/03,1,2.4,14.2
1/30/03,2,3.4,12.7
1/30/03,3,3.4,12.6
1/30/03,4,3.4,12.3
1/30/03,5,3.5,11.6
1/30/03,6,3.6,11.5
1/30/03,7,3.7,11.3
1/30/03,8,3.7,10.2
1/30/03,9,3.8,10.7
1/30/03,10,3.9,11.4
1/30/03,11,3.9,11.4
1/30/03,12,3.9,11.3
1/30/03,13,4.1,10
1/30/03,14,4.1,9.3
1/30/03,15,4.3,8.6
1/30/03,16,4.3,6.4
1/30/03,17,4.4,0.6
1/30/03,18,4.6,0.3
2/21/03,0,0.4,16.1
2/21/03,1,0.9,15.2
2/21/03,2,3,12.8
2/21/03,3,3.2,12.5
2/21/03,4,3.4,12.3
2/21/03,5,3.5,11.6
2/21/03,6,3.6,11.2
2/21/03,7,3.7,11.1
2/21/03,8,3.8,10.7
2/21/03,9,3.9,10.6
2/21/03,10,4,10.6
2/21/03,11,4.2,9.7
2/21/03,12,4.3,8.8
2/21/03,13,4.4,7.2
2/21/03,14,4.5,6.5
2/21/03,15,4.3,7.4
2/21/03,16,4.3,7.1
2/21/03,17,4.6,1.7
2/21/03,18,4.6,1.6
2/21/03,19,4.6,1.7
4/1/03,0,3.2,11.4
4/1/03,1,4,11.7
4/1/03,2,4.1,11.7
4/1/03,3,4.2,11.7
4/1/03,4,4.3,11.7
4/1/03,5,4.3,11.7
4/1/03,6,4.3,11.6
4/1/03,7,4.4,11
4/1/03,8,4.5,9.6
4/1/03,9,4.4,8
4/1/03,10,4.4,7.2
4/1/03,11,4.5,6.9
4/1/03,12,4.5,6.1
4/1/03,13,4.5,5.5
4/1/03,14,4.6,4.9
4/1/03,15,4.6,4.9
4/1/03,16,4.6,4.1
4/1/03,17,4.7,1
4/1/03,18,4.8,0.6
4/1/03,19,4.9,0.3
4/30/03,0,7.9,11.1
4/30/03,1,7.7,11.2
4/30/03,2,7.4,11.3
4/30/03,3,7.3,11.3
4/30/03,4,7,11.2
4/30/03,5,6.8,11.1
4/30/03,6,6.7,11
4/30/03,7,6.6,10.9
4/30/03,8,6.5,10.8
4/30/03,9,6.2,10.6
4/30/03,10,6.2,10.6
4/30/03,11,6.1,10.6
4/30/03,12,6.1,10.5
4/30/03,13,6.1,10.5
4/30/03,14,6,10.4
4/30/03,15,6,10.3
4/30/03,16,5.9,10.3
4/30/03,17,5.9,10.3
4/30/03,18,5.9,10.3
4/30/03,19,5.9,10.3
5/15/03,0,11.5,11.4
5/15/03,1,11.3,11.6
5/15/03,2,10.6,11.8
5/15/03,3,10.5,11.8
5/15/03,4,10.2,11.9
5/15/03,5,9.9,11.8
5/15/03,6,9.3,11.7
5/15/03,7,9.2,11.6
5/15/03,8,9.2,11.6
5/15/03,9,9,11.3
5/15/03,10,8.9,11.3
5/15/03,11,8.8,11.3
5/15/03,12,8.7,11.2
5/15/03,13,8.7,11.1
5/15/03,14,8.2,10.5
5/15/03,15,8.1,10.2
5/15/03,16,7.8,9.7
5/15/03,17,7.3,8.3
5/15/03,18,7.1,8
5/15/03,19,7,7.3
5/30/03,0,16.3,9.7
5/30/03,1,16.3,9.7
5/30/03,2,16,9.7
5/30/03,3,15.9,9.7
5/30/03,4,15.7,9.7
5/30/03,5,15.4,9.9
5/30/03,6,12.5,11
5/30/03,7,11.2,11.5
5/30/03,8,10.2,11.5
5/30/03,9,9.7,11
5/30/03,10,9.3,10.7
5/30/03,11,9.1,10.4
5/30/03,12,9,10
5/30/03,13,8.8,9.4
5/30/03,14,8.6,9
5/30/03,15,8.5,8.5
5/30/03,16,8.3,7.8
5/30/03,17,8.2,7.2
5/30/03,18,8.2,6.9
5/30/03,19,8.1,5.9
6/9/03,0,16.7,9.3
6/9/03,1,16.5,9.3
6/9/03,2,16.4,9.4
6/9/03,3,16.4,9.4
6/9/03,4,16.4,9.5
6/9/03,5,15.8,9.9
6/9/03,6,15.4,9.9
6/9/03,7,13.4,10.9
6/9/03,8,11.4,11.6
6/9/03,9,10.6,11.4
6/9/03,10,9.9,11.4
6/9/03,11,9.6,10.9
6/9/03,12,9.4,10.4
6/9/03,13,9.1,9.7
6/9/03,14,8.7,8.5
6/9/03,15,8.6,7.7
6/9/03,16,8.4,6.9
6/9/03,17,8.3,6.2
6/9/03,18,8.3,5.7
6/9/03,19,8.2,5.1
6/25/03,0,22.6,8.8
6/25/03,1,22.6,8.8
6/25/03,2,22.5,8.8
6/25/03,3,22.5,8.9
6/25/03,4,22.5,8.9
6/25/03,5,22.4,9
6/25/03,6,18,10.5
6/25/03,7,15.8,11.3
6/25/03,8,13.8,12.1
6/25/03,9,12.2,12.3
6/25/03,10,11,11.9
6/25/03,11,10.1,10.7
6/25/03,12,9.6,9.4
6/25/03,13,9.3,8.3
6/25/03,14,9.1,7.7
6/25/03,15,8.9,6.7
6/25/03,16,8.7,5
6/25/03,17,8.6,4.1
6/25/03,18,8.6,3.7
6/25/03,19,8.5,3.6
7/9/03,0,22.2,8.5
7/9/03,1,22.2,8.5
7/9/03,2,22.2,8.5
7/9/03,3,22.2,8.5
7/9/03,4,22.2,8.5
7/9/03,5,21.6,8.6
7/9/03,6,20.2,9.7
7/9/03,7,17.7,11
7/9/03,8,14.7,12.2
7/9/03,9,12.7,12.4
7/9/03,10,11.6,11.9
7/9/03,11,10.7,10.1
7/9/03,12,10,8.8
7/9/03,13,9.4,6.2
7/9/03,14,9.2,5.6
7/9/03,15,9.2,5.2
7/9/03,16,9,4.2
7/9/03,17,8.8,3
7/9/03,18,8.8,2.8
7/9/03,19,8.8,2.5
7/23/03,0,22.1,8.7
7/23/03,1,22,8.7
7/23/03,2,21.5,8.7
7/23/03,3,21.5,8.7
7/23/03,4,21.4,8.7
7/23/03,5,21.4,8.8
7/23/03,6,21.3,8.8
7/23/03,7,21.1,8.9
7/23/03,8,18.2,11.1
7/23/03,9,14.7,12.5
7/23/03,10,13.1,12.4
7/23/03,11,11.9,11.8
7/23/03,12,10.9,8.9
7/23/03,13,10,6.5
7/23/03,14,9.7,5
7/23/03,15,9.4,3
7/23/03,16,9.1,1.5
7/23/03,17,9,1.1
7/23/03,18,9,0.8
7/23/03,19,9,0.7
8/6/03,0,23.1,8.6
8/6/03,1,23.1,8.6
8/6/03,2,23.1,8.6
8/6/03,3,23.1,8.6
8/6/03,4,23.1,8.6
8/6/03,5,23,8.7
8/6/03,6,22.7,8.7
8/6/03,7,22.3,8.8
8/6/03,8,20.2,10.1
8/6/03,9,16.7,12.2
8/6/03,10,13.6,12.3
8/6/03,11,12.2,10.4
8/6/03,12,10.8,7.6
8/6/03,13,10.3,5.2
8/6/03,14,10.1,4
8/6/03,15,9.6,1.9
8/6/03,16,9.4,1
8/6/03,17,9.3,0.4
8/6/03,18,9.1,0.2
8/6/03,19,9.1,0.2
8/19/03,0,25.3,8.1
8/19/03,1,24.8,8.2
8/19/03,2,24.7,8.3
8/19/03,3,24.6,8.3
8/19/03,4,24.6,8.3
8/19/03,5,24.6,8.3
8/19/03,6,24.3,8.4
8/19/03,7,23.3,8.7
8/19/03,8,21.5,10
8/19/03,9,17.6,12.1
8/19/03,10,14.5,11.8
8/19/03,11,13,10.9
8/19/03,12,11.8,8.7
8/19/03,13,10.9,4.9
8/19/03,14,10.2,2.2
8/19/03,15,9.8,0.9
8/19/03,16,9.5,0.3
8/19/03,17,9.2,0.2
8/19/03,18,9.1,0.1
8/19/03,19,9.1,0.1
9/2/03,0,21.9,8.4
9/2/03,1,21.9,8.4
9/2/03,2,21.8,8.4
9/2/03,3,21.8,8.5
9/2/03,4,21.8,8.5
9/2/03,5,21.8,8.6
9/2/03,6,21.7,8.6
9/2/03,7,21.7,8.6
9/2/03,8,21.7,8.5
9/2/03,9,21.4,8.6
9/2/03,10,15.4,11.4
9/2/03,11,13.5,9.5
9/2/03,12,12.1,7.6
9/2/03,13,11,2.7
9/2/03,14,10.3,0.8
9/2/03,15,9.8,0.2
9/2/03,16,9.6,0.2
9/2/03,17,9.5,0.2
9/2/03,18,9.4,0.1
9/2/03,19,9.3,0.1
9/17/03,0,20.2,8.6
9/17/03,1,20.2,8.6
9/17/03,2,20.2,8.6
9/17/03,3,20.1,8.6
9/17/03,4,20,8.6
9/17/03,5,20,8.6
9/17/03,6,19.9,8.5
9/17/03,7,19.9,8.5
9/17/03,8,19.8,8.5
9/17/03,9,19.7,8.5
9/17/03,10,19.2,8.6
9/17/03,11,14.3,9.4
9/17/03,12,12.1,6.6
9/17/03,13,11.5,3.6
9/17/03,14,10.5,0.4
9/17/03,15,10.1,0.2
9/17/03,16,9.6,0.1
9/17/03,17,9.4,0.1
9/17/03,18,9.3,0.1
9/17/03,19,9.2,0.1
10/2/03,0,13,8.7
10/2/03,1,13,8.7
10/2/03,2,13,8.7
10/2/03,3,12.9,8.8
10/2/03,4,12.9,8.8
10/2/03,5,12.9,8.8
10/2/03,6,12.9,8.8
10/2/03,7,12.9,8.8
10/2/03,8,12.8,8.9
10/2/03,9,12.8,8.9
10/2/03,10,12.8,8.9
10/2/03,11,12.8,8.9
10/2/03,12,12.7,9
10/2/03,13,12.6,9
10/2/03,14,12.4,8.7
10/2/03,15,10.3,0.3
10/2/03,16,9.9,0.2
10/2/03,17,9.7,0.2
10/2/03,18,9.5,0.2
10/2/03,19,9.5,0.1
10/13/03,0,13,9.6
10/13/03,1,13,9.6
10/13/03,2,13,9.6
10/13/03,3,13,9.7
10/13/03,4,13,9.7
10/13/03,5,13,9.7
10/13/03,6,12.9,9.7
10/13/03,7,12.9,9.7
10/13/03,8,12.9,9.7
10/13/03,9,12.9,9.7
10/13/03,10,12.9,9.7
10/13/03,11,12.7,9.6
10/13/03,12,12.6,9
10/13/03,13,12.1,8.3
10/13/03,14,12,8.1
10/13/03,15,11.6,7.1
10/13/03,16,11.4,4.8
10/13/03,17,11.2,4.3
10/13/03,18,11.2,4.3
10/13/03,19,11.2,4.3
10/29/03,0,9.8,9.6
10/29/03,1,9.7,9.7
10/29/03,2,9.4,9.8
10/29/03,3,9.4,9.8
10/29/03,4,9.3,9.9
10/29/03,5,9.3,9.9
10/29/03,6,9.3,9.9
10/29/03,7,9.3,9.9
10/29/03,8,9.3,10
10/29/03,9,9.3,10
10/29/03,10,9.3,10
10/29/03,11,9.3,10
10/29/03,12,9.3,10
10/29/03,13,9.2,10
10/29/03,14,9.2,10
10/29/03,15,9.2,9.9
10/29/03,16,9.1,9.9
10/29/03,17,9.1,9.9
10/29/03,18,9,9.8
10/29/03,19,9,9.6
11/10/03,0,5,12
11/10/03,1,5,12.3
11/10/03,2,4.8,12.6
11/10/03,3,4.8,13
11/10/03,4,4.8,13.3
11/10/03,5,4.8,13
11/10/03,6,4.8,13.1
11/10/03,7,4.8,13.2
11/10/03,8,4.8,13.2
11/10/03,9,4.8,13.3
11/10/03,10,4.7,13.3
11/10/03,11,4.7,13.3
11/10/03,12,4.8,12.6
11/10/03,13,4.8,12.6
11/10/03,14,4.8,12.6
11/10/03,15,4.8,12.7
11/10/03,16,4.8,12.7
11/10/03,17,4.8,12.7
11/10/03,18,4.7,12.7
11/10/03,19,4.7,12.8
1/26/04,0,0.4,15.8
1/26/04,1,0.9,15.1
1/26/04,2,1.6,13.4
1/26/04,3,1.9,12.9
1/26/04,4,2,12.8
1/26/04,5,2.1,12.5
1/26/04,6,2.2,12.5
1/26/04,7,2.2,12.4
1/26/04,8,2.3,12
1/26/04,9,2.4,11.8
1/26/04,10,2.6,11.8
1/26/04,11,2.6,11
1/26/04,12,2.7,10.5
1/26/04,13,2.8,8.7
1/26/04,14,3,8.1
1/26/04,15,3.2,6.9
1/26/04,16,3.3,4.4
1/26/04,17,3.5,1.3
1/26/04,18,3.6,0.3
1/26/04,19,3.8,0.2
3/2/04,0,0.4,14.4
3/2/04,1,0.9,14.1
3/2/04,2,1.7,13.2
3/2/04,3,2,12.8
3/2/04,4,2.1,12.7
3/2/04,5,2.3,12.5
3/2/04,6,2.4,12.1
3/2/04,7,2.5,11.7
3/2/04,8,2.7,11.3
3/2/04,9,2.8,10.9
3/2/04,10,2.9,10.3
3/2/04,11,3,9.9
3/2/04,12,3,9.4
3/2/04,13,3.2,7.9
3/2/04,14,3.3,6.2
3/2/04,15,3.5,4.6
3/2/04,16,3.7,1.1
3/2/04,17,3.8,0.4
3/2/04,18,3.9,0.2
3/2/04,19,4.2,0.2
4/5/04,0,0.6,13.3
4/5/04,1,2.3,13.5
4/5/04,2,2.7,13.1
4/5/04,3,2.8,12.7
4/5/04,4,2.8,12.5
4/5/04,5,2.9,12.3
4/5/04,6,2.9,11.7
4/5/04,7,3,11
4/5/04,8,3.1,10.5
4/5/04,9,3.2,9.9
4/5/04,10,3.2,8.4
4/5/04,11,3.3,5.8
4/5/04,12,3.4,5.2
4/5/04,13,3.5,5.6
4/5/04,14,3.6,4.7
4/5/04,15,3.7,3.2
4/5/04,16,3.8,1
4/5/04,17,4,0.3
4/5/04,18,4.2,0.3
4/5/04,19,4.4,0.2
4/29/04,0,6.8,11.9
4/29/04,1,6.8,12
4/29/04,2,6.5,12
4/29/04,3,6.3,12.2
4/29/04,4,6.3,12.2
4/29/04,5,6,12.2
4/29/04,6,6,12.3
4/29/04,7,6,12.3
4/29/04,8,5.9,12.2
4/29/04,9,5.9,12.2
4/29/04,10,5.9,12.2
4/29/04,11,5.9,12.2
4/29/04,12,5.9,12.2
4/29/04,13,5.9,12.2
4/29/04,14,5.9,12.2
4/29/04,15,5.9,12.2
4/29/04,16,5.9,12.2
4/29/04,17,5.9,12.2
4/29/04,18,5.9,12.2
4/29/04,19,5.8,12.2
5/11/04,0,10.3,12.5
5/11/04,1,10.3,12.6
5/11/04,2,10.3,12.6
5/11/04,3,10.2,12.6
5/11/04,4,10.2,12.6
5/11/04,5,10.1,12.6
5/11/04,6,9.8,12.8
5/11/04,7,8.9,13.1
5/11/04,8,8.5,13.1
5/11/04,9,8.4,13.1
5/11/04,10,8.2,13.1
5/11/04,11,7.8,12.8
5/11/04,12,7.8,12.8
5/11/04,13,7.7,12.7
5/11/04,14,7.6,12.4
5/11/04,15,7.5,12.1
5/11/04,16,7.4,11.2
5/11/04,17,7.3,10.9
5/11/04,18,7.3,10.4
5/11/04,19,7.3,10.2
5/25/04,0,11.8,10.7
5/25/04,1,11.8,10.7
5/25/04,2,11.8,10.7
5/25/04,3,11.8,10.7
5/25/04,4,11.8,10.7
5/25/04,5,11.8,10.7
5/25/04,6,11.8,10.7
5/25/04,7,11.8,10.7
5/25/04,8,11.7,10.7
5/25/04,9,11.7,10.7
5/25/04,10,11.5,11
5/25/04,11,10.4,11.1
5/25/04,12,9.3,10.8
5/25/04,13,8.3,9.5
5/25/04,14,8,9
5/25/04,15,8,8.7
5/25/04,16,7.9,8.3
5/25/04,17,7.9,7.8
5/25/04,18,7.9,7.6
5/25/04,19,7.8,7
6/8/04,0,18.2,10.3
6/8/04,1,17.7,10.4
6/8/04,2,17.4,10.5
6/8/04,3,17.4,10.5
6/8/04,4,17.3,10.4
6/8/04,5,16.6,10.6
6/8/04,6,16.4,10.6
6/8/04,7,15.3,10.7
6/8/04,8,14.3,10.9
6/8/04,9,13.8,11
6/8/04,10,13.2,10.9
6/8/04,11,12.7,10.9
6/8/04,12,11.5,10.6
6/8/04,13,9.9,9.4
6/8/04,14,9.2,8.7
6/8/04,15,8.7,7.6
6/8/04,16,8.6,7.2
6/8/04,17,8.5,7.1
6/8/04,18,8.5,7
6/8/04,19,8.4,6.5
6/22/04,0,18.3,9.6
6/22/04,1,18.3,9.7
6/22/04,2,18.3,9.8
6/22/04,3,18.2,9.8
6/22/04,4,18.2,9.7
6/22/04,5,18.2,9.7
6/22/04,6,18.2,9.7
6/22/04,7,18.2,9.6
6/22/04,8,18.1,9.6
6/22/04,9,15.4,10.3
6/22/04,10,14.7,10.3
6/22/04,11,12.8,9.9
6/22/04,12,11.6,9.3
6/22/04,13,10.9,8.6
6/22/04,14,9.6,6.7
6/22/04,15,9.2,5.5
6/22/04,16,9,4.8
6/22/04,17,8.9,4.5
6/22/04,18,8.8,3.8
6/22/04,19,8.8,3.8
7/7/04,0,18.4,8.7
7/7/04,1,18.4,8.7
7/7/04,2,18.5,8.7
7/7/04,3,18.5,8.7
7/7/04,4,18.5,8.7
7/7/04,5,18.5,8.8
7/7/04,6,18.5,8.8
7/7/04,7,18.5,8.8
7/7/04,8,18.3,8.8
7/7/04,9,17.2,8.5
7/7/04,10,16.3,8.8
7/7/04,11,14.2,8.5
7/7/04,12,12.6,8.1
7/7/04,13,11,6.2
7/7/04,14,10.1,4.8
7/7/04,15,9.7,3.9
7/7/04,16,9.3,2.3
7/7/04,17,9.2,1.7
7/7/04,18,9.2,1.5
7/7/04,19,9.2,1.5
7/19/04,0,21.7,8.6
7/19/04,1,21.7,8.7
7/19/04,2,21.7,8.7
7/19/04,3,21.6,8.7
7/19/04,4,21.5,8.7
7/19/04,5,21.4,8.8
7/19/04,6,20,9.5
7/19/04,7,19.5,9.7
7/19/04,8,19,9.7
7/19/04,9,18,9.6
7/19/04,10,17,9.5
7/19/04,11,15.2,9.1
7/19/04,12,12.8,7.7
7/19/04,13,11.4,5.9
7/19/04,14,10.3,3.9
7/19/04,15,9.9,2.7
7/19/04,16,9.6,1.8
7/19/04,17,9.4,1.3
7/19/04,18,9.3,0.9
7/19/04,19,9.3,0.8
8/3/04,0,22.9,8.7
8/3/04,1,22.9,8.9
8/3/04,2,22.9,9
8/3/04,3,22.8,9
8/3/04,4,22.5,9.1
8/3/04,5,22.4,9.1
8/3/04,6,22.3,9
8/3/04,7,22.1,9.1
8/3/04,8,20.7,10.2
8/3/04,9,19,10.2
8/3/04,10,17.5,10.1
8/3/04,11,16,9.6
8/3/04,12,13.7,7.9
8/3/04,13,12,5.8
8/3/04,14,10.7,2.5
8/3/04,15,10,1.3
8/3/04,16,9.7,0.5
8/3/04,17,9.6,0.3
8/3/04,18,9.5,0.2
8/3/04,19,9.5,0.1
8/17/04,0,19.4,9.3
8/17/04,1,19.4,11.1
8/17/04,2,19.4,9.1
8/17/04,3,19.4,8.5
8/17/04,4,19.4,8
8/17/04,5,19.4,7.6
8/17/04,6,19.4,7.3
8/17/04,7,19.4,7.1
8/17/04,8,19.4,6.9
8/17/04,9,19.3,6.7
8/17/04,10,19.3,6.5
8/17/04,11,17.7,6.2
8/17/04,12,14.8,6.1
8/17/04,13,13.1,5
8/17/04,14,11.2,2.6
8/17/04,15,10.3,1.1
8/17/04,16,9.9,0.7
8/17/04,17,9.7,0.7
8/17/04,18,9.6,0.7
8/17/04,19,9.6,0.7
8/30/04,0,18.8,9.1
8/30/04,1,18.8,9.1
8/30/04,2,18.7,9.1
8/30/04,3,18.7,9.1
8/30/04,4,18.7,9.1
8/30/04,5,18.7,9.1
8/30/04,6,18.7,9.1
8/30/04,7,18.7,9.1
8/30/04,8,18.7,9
8/30/04,9,18.6,9
8/30/04,10,18.4,8.8
8/30/04,11,18.3,8.5
8/30/04,12,16.3,6.8
8/30/04,13,12.5,2.7
8/30/04,14,11.3,1.3
8/30/04,15,10.4,0.3
8/30/04,16,10.1,0.2
8/30/04,17,9.8,0.2
8/30/04,18,9.7,0.2
8/30/04,19,9.6,0.2
9/13/04,0,20,9
9/13/04,1,20,9.1
9/13/04,2,19.9,9.1
9/13/04,3,19.9,9.1
9/13/04,4,19.8,9.1
9/13/04,5,19.7,9.1
9/13/04,6,19.7,9.1
9/13/04,7,19.7,9.1
9/13/04,8,19.7,9.1
9/13/04,9,19.6,9.1
9/13/04,10,19.6,9.1
9/13/04,11,18.8,8.5
9/13/04,12,15.9,4.5
9/13/04,13,14.5,2.8
9/13/04,14,11.7,0.5
9/13/04,15,10.5,0.2
9/13/04,16,10.3,0.2
9/13/04,17,9.9,0.1
9/13/04,18,9.7,0.1
9/13/04,19,9.7,0.1
9/28/04,0,17.8,8.5
9/28/04,1,17.8,8.4
9/28/04,2,17.8,8.4
9/28/04,3,17.8,8.4
9/28/04,4,17.8,8.4
9/28/04,5,17.8,8.4
9/28/04,6,17.8,8.4
9/28/04,7,17.8,8.4
9/28/04,8,17.8,8.4
9/28/04,9,17.7,8.4
9/28/04,10,17.7,8.3
9/28/04,11,17.7,8.3
9/28/04,12,17.7,8.3
9/28/04,13,17.6,8.1
9/28/04,14,15.4,2.4
9/28/04,15,11.4,0.1
9/28/04,16,10.4,0.1
9/28/04,17,10.1,0.1
9/28/04,18,9.9,0.1
9/28/04,19,9.8,0.1
10/12/04,0,14.5,9.4
10/12/04,1,14.2,9.4
10/12/04,2,14,9.5
10/12/04,3,14,9.4
10/12/04,4,13.9,9.4
10/12/04,5,13.9,9.4
10/12/04,6,13.9,9.3
10/12/04,7,13.9,9.3
10/12/04,8,13.8,9.3
10/12/04,9,13.8,9.3
10/12/04,10,13.8,9.3
10/12/04,11,13.8,9.4
10/12/04,12,13.8,9.4
10/12/04,13,13.8,9.3
10/12/04,14,13.7,8.9
10/12/04,15,13.7,8.7
10/12/04,16,13.6,8.2
10/12/04,17,13.5,7.5
10/12/04,18,11.3,0.2
10/12/04,19,9.9,0.1
10/27/04,0,10.3,9.5
10/27/04,1,10.3,9.4
10/27/04,2,10.3,9.4
10/27/04,3,10.3,9.4
10/27/04,4,10.3,9.4
10/27/04,5,10.3,9.4
10/27/04,6,10.3,9.4
10/27/04,7,10.3,9.4
10/27/04,8,10.3,9.4
10/27/04,9,10.3,9.4
10/27/04,10,10.3,9.4
10/27/04,11,10.3,9.4
10/27/04,12,10.3,9.4
10/27/04,13,10.3,9.4
10/27/04,14,10.3,9.4
10/27/04,15,10.3,9.4
10/27/04,16,10.3,9.4
10/27/04,17,10.3,9.4
10/27/04,18,10.3,9.4
10/27/04,19,10.3,9.4
11/8/04,0,8.1,10.7
11/8/04,1,8.1,10.6
11/8/04,2,8.1,10.6
11/8/04,3,8.1,10.6
11/8/04,4,8.1,10.6
11/8/04,5,8.1,10.6
11/8/04,6,8.1,10.6
11/8/04,7,8.1,10.6
11/8/04,8,8.1,10.5
11/8/04,9,8.1,10.5
11/8/04,10,8.1,10.5
11/8/04,11,8.1,10.5
11/8/04,12,8.1,10.5
11/8/04,13,8.1,10.5
11/8/04,14,8.1,10.5
11/8/04,15,8.1,10.5
11/8/04,16,8.1,10.5
11/8/04,17,8.1,10.5
11/8/04,18,8.1,10.5
11/8/04,19,8.1,10.5
1/11/05,0,0.4,15.9
1/11/05,1,0.9,14.9
1/11/05,2,1.1,14.4
1/11/05,3,1.1,14.1
1/11/05,4,1.2,13.6
1/11/05,5,1.3,13.4
1/11/05,6,1.3,13.4
1/11/05,7,1.4,13.7
1/11/05,8,1.5,13.2
1/11/05,9,1.6,13
1/11/05,10,1.7,13.2
1/11/05,11,1.8,12.6
1/11/05,12,1.9,12.2
1/11/05,13,2,12.1
1/11/05,14,2.2,11
1/11/05,15,2.3,10.5
1/11/05,16,2.5,9.7
1/11/05,17,2.6,7
1/11/05,18,2.9,5.3
1/11/05,19,3,0.4
2/24/05,0,0.5,15.8
2/24/05,1,0.9,15.2
2/24/05,2,1.5,13.7
2/24/05,3,1.6,13.3
2/24/05,4,1.7,13.2
2/24/05,5,1.7,13.2
2/24/05,6,1.8,13
2/24/05,7,1.9,12.9
2/24/05,8,2.1,12.1
2/24/05,9,2.2,11.8
2/24/05,10,2.3,11.3
2/24/05,11,2.4,10.3
2/24/05,12,2.5,9.3
2/24/05,13,2.7,8
2/24/05,14,2.9,6.9
2/24/05,15,3,5.5
2/24/05,16,3.2,3.9
2/24/05,17,3.4,0.5
2/24/05,18,3.6,0.2
2/24/05,19,3.7,0.1
4/4/05,0,0.8,12.1
4/4/05,1,2.4,12.5
4/4/05,2,2.7,12.5
4/4/05,3,2.8,12.4
4/4/05,4,2.8,12.4
4/4/05,5,2.8,12.4
4/4/05,6,2.8,12.3
4/4/05,7,2.8,12.3
4/4/05,8,2.8,12.2
4/4/05,9,2.8,10.7
4/4/05,10,2.9,9.4
4/4/05,11,3,7.7
4/4/05,12,3.1,5.3
4/4/05,13,3.2,4.1
4/4/05,14,3.3,2.1
4/4/05,15,3.4,2.1
4/4/05,16,3.6,0.3
4/4/05,17,3.8,0.1
4/4/05,18,3.9,0.1
4/4/05,19,4.2,0.1
4/22/05,0,7.8,12.8
4/22/05,1,7.8,12.8
4/22/05,2,7.7,12.8
4/22/05,3,7.5,12.8
4/22/05,4,7.4,12.9
4/22/05,5,7.3,12.9
4/22/05,6,7.1,13
4/22/05,7,7,12.9
4/22/05,8,7,12.9
4/22/05,9,7,12.8
4/22/05,10,6.5,12.4
4/22/05,11,6,12.2
4/22/05,12,5.9,12.1
4/22/05,13,5.8,12
4/22/05,14,5.8,11.8
4/22/05,15,5.7,11.8
4/22/05,16,5.7,11.8
4/22/05,17,5.7,11.8
4/22/05,18,5.7,11.7
4/22/05,19,5.7,11.7
5/5/05,0,7.7,13.1
5/5/05,1,7.6,13
5/5/05,2,7.6,13
5/5/05,3,7.6,13.1
5/5/05,4,7.5,13.1
5/5/05,5,7.5,13.1
5/5/05,6,7.4,13.1
5/5/05,7,7.4,13.1
5/5/05,8,7.3,13.1
5/5/05,9,7.3,13.1
5/5/05,10,7.3,13.1
5/5/05,11,7.3,13.1
5/5/05,12,7.3,13.1
5/5/05,13,7.3,13.1
5/5/05,14,7.2,13.1
5/5/05,15,7.2,13.1
5/5/05,16,7.1,13
5/5/05,17,7.1,12.9
5/5/05,18,7.1,12.9
5/5/05,19,6.8,12.7
5/16/05,0,9.8,11.2
5/16/05,1,9.5,11.3
5/16/05,2,9.3,11.3
5/16/05,3,9.3,11.3
5/16/05,4,9.2,11.3
5/16/05,5,9.2,11.3
5/16/05,6,9.2,11.3
5/16/05,7,9.2,11.3
5/16/05,8,9.2,11.3
5/16/05,9,9.2,11.3
5/16/05,10,9.2,11.3
5/16/05,11,8.8,11.2
5/16/05,12,8.4,11.2
5/16/05,13,8,10.8
5/16/05,14,7.9,10.8
5/16/05,15,7.8,10.4
5/16/05,16,7.7,9.9
5/16/05,17,7.7,9.6
5/16/05,18,7.6,9.4
5/16/05,19,7.6,8.4
5/31/05,0,16.7,10.5
5/31/05,1,15.9,10.6
5/31/05,2,15.6,10.7
5/31/05,3,15.4,10.8
5/31/05,4,14.9,10.9
5/31/05,5,14.3,11.1
5/31/05,6,13.7,11.3
5/31/05,7,12.5,11.7
5/31/05,8,11.7,11.7
5/31/05,9,11.3,11.6
5/31/05,10,10.6,11.6
5/31/05,11,9.9,11.3
5/31/05,12,9.3,11
5/31/05,13,9,10.2
5/31/05,14,8.8,10.1
5/31/05,15,8.7,9.9
5/31/05,16,8.6,9.7
5/31/05,17,8.6,9.4
5/31/05,18,8.5,9.1
5/31/05,19,8.3,8.2
6/14/05,0,21.5,9
6/14/05,1,21.5,9
6/14/05,2,21.4,9
6/14/05,3,21.4,9
6/14/05,4,21.3,9
6/14/05,5,20.7,9.3
6/14/05,6,17.2,10.9
6/14/05,7,15,11
6/14/05,8,13.6,11.3
6/14/05,9,12.5,11.2
6/14/05,10,11.9,11.2
6/14/05,11,11.1,11
6/14/05,12,10.1,9.8
6/14/05,13,9.4,8.3
6/14/05,14,9.3,8.2
6/14/05,15,9.2,8
6/14/05,16,9.2,7.8
6/14/05,17,9.1,7.4
6/14/05,18,9,7.3
6/14/05,19,9,7.2
6/28/05,0,23.9,8.7
6/28/05,1,23.7,8.7
6/28/05,2,23.6,8.7
6/28/05,3,23.6,8.7
6/28/05,4,23.6,8.7
6/28/05,5,23.6,8.7
6/28/05,6,23.4,8.8
6/28/05,7,18,10.9
6/28/05,8,15.4,11.7
6/28/05,9,14.1,11.5
6/28/05,10,12.8,11.2
6/28/05,11,11.3,11.6
6/28/05,12,10.7,10.2
6/28/05,13,10.2,9.4
6/28/05,14,9.8,8.2
6/28/05,15,9.6,7.3
6/28/05,16,9.5,6.8
6/28/05,17,9.3,5.4
6/28/05,18,9.3,5
6/28/05,19,9.2,4.5
7/12/05,0,25.3,8.8
7/12/05,1,25.1,8.9
7/12/05,2,24.8,9.1
7/12/05,3,24.7,9.2
7/12/05,4,23.7,9.3
7/12/05,5,22.8,9.5
7/12/05,6,22.5,9.6
7/12/05,7,22,9.6
7/12/05,8,18.3,11.2
7/12/05,9,15.5,11.4
7/12/05,10,13.4,11.4
7/12/05,11,12.6,11.1
7/12/05,12,11.7,10.3
7/12/05,13,10.7,8.4
7/12/05,14,10.2,7
7/12/05,15,9.8,5.1
7/12/05,16,9.7,4.2
7/12/05,17,9.6,3.4
7/12/05,18,9.5,3.2
7/12/05,19,9.4,2.2
7/26/05,0,24.1,8.4
7/26/05,1,24.1,8.4
7/26/05,2,24.2,8.4
7/26/05,3,24.2,8.4
7/26/05,4,24.1,8.4
7/26/05,5,24.1,8.5
7/26/05,6,23.9,8.5
7/26/05,7,23.7,8.9
7/26/05,8,20.7,10.8
7/26/05,9,17,11.9
7/26/05,10,14.3,11.6
7/26/05,11,12.8,10.5
7/26/05,12,11.5,8.8
7/26/05,13,10.7,6.6
7/26/05,14,10.3,4.2
7/26/05,15,9.9,2.2
7/26/05,16,9.8,1.5
7/26/05,17,9.7,0.6
7/26/05,18,9.7,0.4
7/26/05,19,9.8,0.2
8/10/05,0,24.2,8.1
8/10/05,1,24.3,8
8/10/05,2,24.3,8
8/10/05,3,24.3,8
8/10/05,4,24.2,8
8/10/05,5,24.2,8
8/10/05,6,24.2,8
8/10/05,7,24.1,8
8/10/05,8,22.4,8.9
8/10/05,9,18.8,11.2
8/10/05,10,15.7,10.9
8/10/05,11,13.3,9.3
8/10/05,12,12.1,7.7
8/10/05,13,11.3,4.6
8/10/05,14,10.5,2.4
8/10/05,15,10.2,1.3
8/10/05,16,9.9,0.3
8/10/05,17,9.8,0.1
8/10/05,18,9.7,0.1
8/10/05,19,9.6,0.1
8/23/05,0,21.3,8.5
8/23/05,1,21.3,8.4
8/23/05,2,21.3,8.4
8/23/05,3,21.3,8.4
8/23/05,4,21.3,8.4
8/23/05,5,21.3,8.4
8/23/05,6,21.3,8.4
8/23/05,7,21.3,8.4
8/23/05,8,21.3,8.4
8/23/05,9,21.2,8.4
8/23/05,10,16,10.3
8/23/05,11,13.8,8.4
8/23/05,12,12.1,6
8/23/05,13,11.2,3.1
8/23/05,14,10.6,1.3
8/23/05,15,10.1,0.2
8/23/05,16,9.8,0.1
8/23/05,17,9.7,0.1
8/23/05,18,9.6,0.1
8/23/05,19,9.5,0.1
9/9/05,0,20.4,8.6
9/9/05,1,20.4,8.6
9/9/05,2,20.4,8.6
9/9/05,3,20.4,8.7
9/9/05,4,20.4,8.7
9/9/05,5,20.4,8.7
9/9/05,6,20.3,8.6
9/9/05,7,20.3,8.6
9/9/05,8,20.3,8.6
9/9/05,9,20.1,8.5
9/9/05,10,19.7,8.3
9/9/05,11,16,7.3
9/9/05,12,12.7,4.7
9/9/05,13,11.4,2
9/9/05,14,10.8,0.6
9/9/05,15,10.3,0.1
9/9/05,16,9.9,0.1
9/9/05,17,9.8,0.1
9/9/05,18,9.7,0.1
9/9/05,19,,
9/22/05,0,20.3,8.4
9/22/05,1,20.3,8.4
9/22/05,2,20.3,8.4
9/22/05,3,20.2,8.4
9/22/05,4,20.2,8.4
9/22/05,5,20.2,8.4
9/22/05,6,20.2,8.4
9/22/05,7,20.1,8.4
9/22/05,8,20,8.3
9/22/05,9,19.6,8
9/22/05,10,19.6,8
9/22/05,11,18.7,6.9
9/22/05,12,13.1,3.1
9/22/05,13,11.5,0.7
9/22/05,14,11,0.3
9/22/05,15,10.6,0.1
9/22/05,16,10.1,0.1
9/22/05,17,9.9,0.1
9/22/05,18,9.9,0.1
9/22/05,19,9.9,0.1
10/5/05,0,17.5,8.7
10/5/05,1,17.5,8.7
10/5/05,2,17.5,8.7
10/5/05,3,17.5,8.7
10/5/05,4,17.4,8.7
10/5/05,5,17.4,8.7
10/5/05,6,17.4,8.8
10/5/05,7,17.3,8.4
10/5/05,8,17.1,8.3
10/5/05,9,16.9,8.2
10/5/05,10,16.8,7.9
10/5/05,11,16.4,7.3
10/5/05,12,16.2,6.9
10/5/05,13,14.4,4.4
10/5/05,14,12.1,0.5
10/5/05,15,11.2,0.1
10/5/05,16,10.5,0.1
10/5/05,17,10.3,0.1
10/5/05,18,10.1,0.1
10/5/05,19,10,0.1
10/17/05,0,14.2,9.5
10/17/05,1,14.1,9.3
10/17/05,2,14.1,9.2
10/17/05,3,14.1,9.2
10/17/05,4,14.1,9.2
10/17/05,5,14.1,9.2
10/17/05,6,14.1,9.2
10/17/05,7,14.1,9.2
10/17/05,8,14.1,9.2
10/17/05,9,14.1,9.1
10/17/05,10,14.1,9.1
10/17/05,11,14,9
10/17/05,12,14,9
10/17/05,13,14,9
10/17/05,14,13.9,8.7
10/17/05,15,12.2,0.2
10/17/05,16,10.5,0.1
10/17/05,17,10.2,0.1
10/17/05,18,10.1,0.1
10/17/05,19,,
11/11/05,0,8.3,10.8
11/11/05,1,8.4,10.8
11/11/05,2,8.4,10.8
11/11/05,3,8.4,10.8
11/11/05,4,8.4,10.8
11/11/05,5,8.4,10.7
11/11/05,6,8.4,10.7
11/11/05,7,8.4,10.7
11/11/05,8,8.4,10.7
11/11/05,9,8.4,10.7
11/11/05,10,8.4,10.7
11/11/05,11,8.3,10.7
11/11/05,12,8.3,10.7
11/11/05,13,8.3,10.7
11/11/05,14,8.3,10.7
11/11/05,15,8.3,10.7
11/11/05,16,8.3,10.7
11/11/05,17,8.2,10.5
11/11/05,18,8.1,10.4
11/11/05,19,8.1,10.3
1/16/06,0,0.9,14.6
1/16/06,1,1.6,13.6
1/16/06,2,2.4,12.7
1/16/06,3,2.7,12.2
1/16/06,4,2.9,11.8
1/16/06,5,3.1,11.7
1/16/06,6,3.2,11.4
1/16/06,7,3.3,11.1
1/16/06,8,3.4,10.9
1/16/06,9,3.6,10.6
1/16/06,10,3.7,9.9
1/16/06,11,3.9,8.9
1/16/06,12,4,8.5
1/16/06,13,4.2,6.5
1/16/06,14,4.3,5.9
1/16/06,15,4.3,5.7
1/16/06,16,4.4,4.6
1/16/06,17,4.5,2
1/16/06,18,4.5,0.9
1/16/06,19,4.7,0.5
2/21/06,0,0.8,13.4
2/21/06,1,1,12.7
2/21/06,2,2.2,11.9
2/21/06,3,2.6,11.4
2/21/06,4,2.9,11
2/21/06,5,3.1,10.7
2/21/06,6,3.3,10.2
2/21/06,7,3.2,9.5
2/21/06,8,3.5,9.1
2/21/06,9,3.5,8.5
2/21/06,10,3.7,7.6
2/21/06,11,3.7,6.1
2/21/06,12,3.8,4.7
2/21/06,13,3.9,4.2
2/21/06,14,4,4.2
2/21/06,15,4.1,1.5
2/21/06,16,4.2,0.6
2/21/06,17,4.2,0.3
2/21/06,18,4.2,0.2
2/21/06,19,4.4,0.1
4/4/06,0,0.6,14
4/4/06,1,2.2,12.7
4/4/06,2,3.1,11.8
4/4/06,3,3.5,11.2
4/4/06,4,3.8,10.5
4/4/06,5,3.9,10.2
4/4/06,6,4.2,9.5
4/4/06,7,4.1,8.8
4/4/06,8,4.2,8.2
4/4/06,9,4.2,7.5
4/4/06,10,4.3,6.7
4/4/06,11,4.3,5.7
4/4/06,12,4.4,4.9
4/4/06,13,4.4,4.1
4/4/06,14,4.7,1.4
4/4/06,15,4.7,0.2
4/4/06,16,4.7,0.1
4/4/06,17,4.7,0.1
4/4/06,18,4.9,0.1
4/4/06,19,5.1,0
4/24/06,0,8.9,11.6
4/24/06,1,8.6,11.7
4/24/06,2,8.4,11.8
4/24/06,3,8.3,11.9
4/24/06,4,8.2,11.9
4/24/06,5,8.1,11.9
4/24/06,6,8,11.9
4/24/06,7,7.8,11.7
4/24/06,8,7.7,11.6
4/24/06,9,7.4,11.5
4/24/06,10,7.1,11
4/24/06,11,6.7,10.1
4/24/06,12,6.5,9.7
4/24/06,13,6.3,9.4
4/24/06,14,6.2,8.9
4/24/06,15,6,8
4/24/06,16,5.9,7.6
4/24/06,17,5.9,7.4
4/24/06,18,5.9,7.4
4/24/06,19,5.9,7.4
5/3/06,0,9.9,11.8
5/3/06,1,9.9,11.8
5/3/06,2,9.9,11.8
5/3/06,3,9.8,11.8
5/3/06,4,9.8,11.8
5/3/06,5,9.8,11.8
5/3/06,6,9.8,11.8
5/3/06,7,9.8,11.8
5/3/06,8,9.8,11.8
5/3/06,9,9.6,11.8
5/3/06,10,9.1,11.7
5/3/06,11,8.9,11.6
5/3/06,12,8.9,11.5
5/3/06,13,8.3,11.1
5/3/06,14,7.6,10.1
5/3/06,15,7.4,9.8
5/3/06,16,7.1,9.4
5/3/06,17,7,9.1
5/3/06,18,7,8.9
5/3/06,19,6.7,7.5
5/19/06,0,11.6,10.9
5/19/06,1,11.5,11
5/19/06,2,11.4,11
5/19/06,3,11.4,11
5/19/06,4,11,11.1
5/19/06,5,10.8,11
5/19/06,6,10.5,11
5/19/06,7,10.5,11
5/19/06,8,10.5,11
5/19/06,9,10.4,11
5/19/06,10,10.4,11
5/19/06,11,10.3,10.9
5/19/06,12,10.1,10.8
5/19/06,13,9.9,10.7
5/19/06,14,9.8,10.6
5/19/06,15,9.7,10.5
5/19/06,16,9.5,9.8
5/19/06,17,9.3,8.1
5/19/06,18,9.1,7.7
5/19/06,19,8.2,3.2
5/30/06,0,20.7,9.6
5/30/06,1,20.3,9.7
5/30/06,2,20,9.7
5/30/06,3,18.5,10.2
5/30/06,4,17.2,10.9
5/30/06,5,13.7,11.6
5/30/06,6,13.2,11.8
5/30/06,7,12.3,11.8
5/30/06,8,11.9,11.7
5/30/06,9,11.4,11.5
5/30/06,10,11.3,11.3
5/30/06,11,10.8,11
5/30/06,12,10.5,10.2
5/30/06,13,10.2,9.5
5/30/06,14,10.1,8.9
5/30/06,15,10,8.8
5/30/06,16,9.9,8.4
5/30/06,17,9.8,7.9
5/30/06,18,9.9,8.2
5/30/06,19,9.7,7.5
6/13/06,0,20.1,9.5
6/13/06,1,20,9.5
6/13/06,2,19.9,9.6
6/13/06,3,19.8,9.7
6/13/06,4,19.8,9.7
6/13/06,5,19.6,9.9
6/13/06,6,16,12.8
6/13/06,7,14.2,13
6/13/06,8,13.6,12.9
6/13/06,9,12.6,12.5
6/13/06,10,12,12.1
6/13/06,11,11.4,11.3
6/13/06,12,10.8,9.6
6/13/06,13,10.4,8.2
6/13/06,14,10.2,6.5
6/13/06,15,10,5.8
6/13/06,16,9.9,4.6
6/13/06,17,9.8,4
6/13/06,18,9.8,3.5
6/13/06,19,9.8,3.2
6/27/06,0,22.2,9.5
6/27/06,1,22.1,9.5
6/27/06,2,21.9,9.6
6/27/06,3,21.8,9.7
6/27/06,4,21.4,9.6
6/27/06,5,21.3,9.5
6/27/06,6,21,9.6
6/27/06,7,17.4,12.1
6/27/06,8,15.1,12.8
6/27/06,9,14,12.4
6/27/06,10,12.9,12.8
6/27/06,11,12,11
6/27/06,12,11.4,9.4
6/27/06,13,10.9,7.7
6/27/06,14,10.6,6.3
6/27/06,15,10.3,4.8
6/27/06,16,10.1,3.3
6/27/06,17,10.1,2.8
6/27/06,18,10.1,2.7
6/27/06,19,10,1.7
7/10/06,0,22.3,8.7
7/10/06,1,22.3,8.7
7/10/06,2,22.3,8.7
7/10/06,3,22.2,8.7
7/10/06,4,22.2,8.8
7/10/06,5,22.1,8.8
7/10/06,6,22,8.9
7/10/06,7,21.5,9.5
7/10/06,8,17,12.3
7/10/06,9,14.8,12
7/10/06,10,13.7,11.5
7/10/06,11,12.7,9.6
7/10/06,12,11.6,6.6
7/10/06,13,11.3,4.9
7/10/06,14,10.7,2.7
7/10/06,15,10.5,1.2
7/10/06,16,10.4,0.9
7/10/06,17,10.3,0.4
7/10/06,18,10.2,0.2
7/10/06,19,10.2,0.1
7/25/06,0,25.3,8.7
7/25/06,1,25,8.9
7/25/06,2,24.6,9
7/25/06,3,24.5,9
7/25/06,4,24.3,9.1
7/25/06,5,24.2,9
7/25/06,6,24.1,9
7/25/06,7,23.2,9.4
7/25/06,8,20.1,12.3
7/25/06,9,17.1,12.9
7/25/06,10,14.2,12
7/25/06,11,12.9,9.4
7/25/06,12,12.4,8.2
7/25/06,13,11.8,5.5
7/25/06,14,11,1.3
7/25/06,15,10.9,0.9
7/25/06,16,10.7,0.3
7/25/06,17,10.6,0.1
7/25/06,18,10.4,0.1
8/7/06,0,24,8.3
8/7/06,1,24,8.3
8/7/06,2,24,8.3
8/7/06,3,24,8.3
8/7/06,4,24,8.3
8/7/06,5,24,8.2
8/7/06,6,24,8.2
8/7/06,7,24,8.2
8/7/06,8,24,8.2
8/7/06,9,17.7,10.5
8/7/06,10,15.1,10.4
8/7/06,11,14,7.8
8/7/06,12,12.7,5.8
8/7/06,13,11.8,1.9
8/7/06,14,11.2,0.6
8/7/06,15,11,0.3
8/7/06,16,10.7,0.3
8/7/06,17,10.6,0.2
8/7/06,18,10.5,0.2
8/7/06,19,10.4,0.2
8/23/06,0,22.5,8.5
8/23/06,1,22.5,8.5
8/23/06,2,22.5,8.5
8/23/06,3,22.5,8.5
8/23/06,4,22.5,8.5
8/23/06,5,22.5,8.5
8/23/06,6,22.5,8.5
8/23/06,7,22.5,8.5
8/23/06,8,22.4,8.5
8/23/06,9,21.8,8.5
8/23/06,10,17.1,10.1
8/23/06,11,14.3,8.1
8/23/06,12,13,5
8/23/06,13,12,1.4
8/23/06,14,11.3,0.3
8/23/06,15,10.9,0.3
8/23/06,16,10.7,0.2
8/23/06,17,10.6,0.2
8/23/06,18,10.5,0.2
8/23/06,19,10.3,0.1
9/5/06,0,21.3,9.2
9/5/06,1,21.4,9.2
9/5/06,2,21.4,9.2
9/5/06,3,21.4,9.2
9/5/06,4,21.4,9.2
9/5/06,5,21.3,9.1
9/5/06,6,21.2,9.2
9/5/06,7,21.2,9.1
9/5/06,8,21.1,9
9/5/06,9,20.9,8.9
9/5/06,10,18.6,7.3
9/5/06,11,15.2,7.8
9/5/06,12,13.4,4.9
9/5/06,13,12.2,0.9
9/5/06,14,11.4,0.2
9/5/06,15,10.9,0.2
9/5/06,16,10.6,0.2
9/5/06,17,10.5,0.2
9/5/06,18,10.4,0.2
9/18/06,0,18.4,8.9
9/18/06,1,18.4,8.9
9/18/06,2,18.4,8.9
9/18/06,3,18.4,8.9
9/18/06,4,18.4,8.9
9/18/06,5,18.4,8.9
9/18/06,6,18.4,8.9
9/18/06,7,18.4,8.9
9/18/06,8,18.4,8.8
9/18/06,9,18.3,8.8
9/18/06,10,18.3,8.8
9/18/06,11,18.3,8.8
9/18/06,12,14.3,4
9/18/06,13,13,1.2
9/18/06,14,11.9,0.2
9/18/06,15,11.3,0.2
9/18/06,16,10.9,0.2
9/18/06,17,10.6,0.2
9/18/06,18,10.4,0.1
10/2/06,0,15.3,9.1
10/2/06,1,15.1,9.1
10/2/06,2,14.8,9.1
10/2/06,3,14.7,9.1
10/2/06,4,14.6,9
10/2/06,5,14.5,9
10/2/06,6,14.5,9
10/2/06,7,14.4,8.9
10/2/06,8,14.4,8.9
10/2/06,9,14.3,8.9
10/2/06,10,14.2,8.8
10/2/06,11,14.2,8.8
10/2/06,12,14.2,8.8
10/2/06,13,14.2,8.8
10/2/06,14,13.8,7.4
10/2/06,15,11.7,0.2
10/2/06,16,10.8,0.1
10/2/06,17,10.6,0.1
10/2/06,18,10.5,0.1
10/16/06,0,9.7,10
10/16/06,1,9.7,9.9
10/16/06,2,9.7,9.8
10/16/06,3,9.7,9.8
10/16/06,4,9.7,9.8
10/16/06,5,9.7,9.7
10/16/06,6,9.7,9.7
10/16/06,7,9.6,9.7
10/16/06,8,9.6,9.7
10/16/06,9,9.6,9.6
10/16/06,10,9.6,9.6
10/16/06,11,9.6,9.6
10/16/06,12,9.6,9.6
10/16/06,13,9.6,9.6
10/16/06,14,9.6,9.6
10/16/06,15,9.5,9.6
10/16/06,16,9.4,9.6
10/16/06,17,9.3,9.4
10/16/06,18,9.3,9.3
11/1/06,0,6.1,11.4
11/1/06,1,6.2,11.3
11/1/06,2,6.2,11.3
11/1/06,3,6.2,11.2
11/1/06,4,6.2,11.2
11/1/06,5,6.2,11.1
11/1/06,6,6.2,11.1
11/1/06,7,6.2,11.1
11/1/06,8,6.2,11
11/1/06,9,6.2,11
11/1/06,10,6.2,11
11/1/06,11,6.2,11
11/1/06,12,6.2,11
11/1/06,13,6.2,11
11/1/06,14,6.2,11
11/1/06,15,6.2,11
11/1/06,16,6.2,11
11/1/06,17,6.1,11
11/1/06,18,6.1,11
1/17/07,0,0.4,15.7
1/17/07,1,1.3,14.1
1/17/07,2,1.7,13.4
1/17/07,3,1.8,13.2
1/17/07,4,1.8,13.2
1/17/07,5,1.9,13.1
1/17/07,6,2,12.7
1/17/07,7,2.1,12.5
1/17/07,8,2.2,12.3
1/17/07,9,2.2,12
1/17/07,10,2.3,12
1/17/07,11,2.5,12
1/17/07,12,2.5,11.8
1/17/07,13,2.7,10.8
1/17/07,14,2.8,9.9
1/17/07,15,3,8.4
1/17/07,16,3,7.7
1/17/07,17,3,7.7
1/17/07,18,3,7.7
1/17/07,19,3,7.7
2/27/07,0,0.3,15.8
2/27/07,1,1.1,14.8
2/27/07,2,1.8,13.7
2/27/07,3,2.1,13.1
2/27/07,4,2.2,12.8
2/27/07,5,2.3,12.4
2/27/07,6,2.3,12.2
2/27/07,7,2.5,11.7
2/27/07,8,2.6,11.1
2/27/07,9,2.7,10.9
2/27/07,10,2.8,10.9
2/27/07,11,2.9,10.9
2/27/07,12,3.1,9.1
2/27/07,13,3.2,8.4
2/27/07,14,3.3,6.6
2/27/07,15,3.4,5.9
2/27/07,16,3.6,1.5
2/27/07,17,3.9,0.7
2/27/07,18,4,0.3
2/27/07,19,4.2,0.2
3/30/07,0,1.4,11.7
3/30/07,1,3.5,11.5
3/30/07,2,3.6,11.2
3/30/07,3,3.7,11
3/30/07,4,3.7,11
3/30/07,5,3.7,11
3/30/07,6,3.8,11
3/30/07,7,3.8,11
3/30/07,8,3.8,11
3/30/07,9,3.8,11
3/30/07,10,3.9,10.9
3/30/07,11,3.9,10.9
3/30/07,12,3.9,8.6
3/30/07,13,3.8,7.5
3/30/07,14,3.8,3.8
3/30/07,15,3.8,2.4
3/30/07,16,3.9,0.6
3/30/07,17,4,0.1
3/30/07,18,4.1,0.1
3/30/07,19,4.4,0.1
4/25/07,0,8,11.5
4/25/07,1,8,11.4
4/25/07,2,7.8,11.5
4/25/07,3,7.6,11.5
4/25/07,4,7.5,11.5
4/25/07,5,7.2,11.4
4/25/07,6,7.1,11.4
4/25/07,7,7,11.4
4/25/07,8,6.9,11.4
4/25/07,9,6.8,11.4
4/25/07,10,6.8,11.4
4/25/07,11,6.8,11.4
4/25/07,12,6.7,11.4
4/25/07,13,6.6,11.3
4/25/07,14,6.6,11.3
4/25/07,15,6.6,11.3
4/25/07,16,6.5,11.3
4/25/07,17,6.5,11.2
4/25/07,18,6.5,11.2
4/25/07,19,6.5,11.2
5/7/07,0,11,11.2
5/7/07,1,10.9,11.3
5/7/07,2,10.8,11.3
5/7/07,3,10.8,11.3
5/7/07,4,10.7,11.4
5/7/07,5,10.7,11.4
5/7/07,6,10.7,11.4
5/7/07,7,10.7,11.4
5/7/07,8,10.7,11.4
5/7/07,9,10.6,11.4
5/7/07,10,10.5,11.4
5/7/07,11,9.4,11.6
5/7/07,12,7.6,11.2
5/7/07,13,7.5,11
5/7/07,14,7.4,10.8
5/7/07,15,7.3,10.6
5/7/07,16,7.2,10.3
5/7/07,17,7.2,10
5/7/07,18,7.2,10
5/7/07,19,7.2,9.9
5/22/07,0,14.6,11
5/22/07,1,14.6,11
5/22/07,2,14.4,11
5/22/07,3,14.2,11.1
5/22/07,4,14.1,11.1
5/22/07,5,13.9,11.1
5/22/07,6,13.9,11.1
5/22/07,7,13.8,11.2
5/22/07,8,13.5,11.4
5/22/07,9,13,11.3
5/22/07,10,11.8,12.1
5/22/07,11,10.2,12.1
5/22/07,12,9.4,11.4
5/22/07,13,8.8,10.6
5/22/07,14,8.2,9.8
5/22/07,15,8,9.3
5/22/07,16,8,9.2
5/22/07,17,7.9,9
5/22/07,18,7.9,8.4
5/22/07,19,7.9,8.3
6/7/07,0,17.4,9.5
6/7/07,1,17.4,9.5
6/7/07,2,17.4,9.5
6/7/07,3,17.3,9.5
6/7/07,4,17.3,9.5
6/7/07,5,17.2,9.5
6/7/07,6,17.2,9.5
6/7/07,7,16.6,9.6
6/7/07,8,16.4,9.7
6/7/07,9,15.6,10
6/7/07,10,14.7,9.9
6/7/07,11,12.4,10
6/7/07,12,10.3,9.6
6/7/07,13,9.7,9.1
6/7/07,14,8.8,7.3
6/7/07,15,8.7,7
6/7/07,16,8.7,6.6
6/7/07,17,8.6,6
6/7/07,18,8.6,6
6/7/07,19,8.5,5.7
6/20/07,0,20.7,8.9
6/20/07,1,20.7,8.9
6/20/07,2,20.6,8.9
6/20/07,3,20.6,8.9
6/20/07,4,20.6,9
6/20/07,5,20.6,9
6/20/07,6,20.5,8.9
6/20/07,7,20.5,8.9
6/20/07,8,20.4,9
6/20/07,9,18.6,9
6/20/07,10,17.2,9.7
6/20/07,11,16.2,9.5
6/20/07,12,13.4,9.3
6/20/07,13,11.3,8.2
6/20/07,14,10.6,7.2
6/20/07,15,9.8,6.5
6/20/07,16,9.4,5.3
6/20/07,17,9.3,4.8
6/20/07,18,9.2,4.5
6/20/07,19,9.2,3.8
7/2/07,0,22.5,8.2
7/2/07,1,22.6,8.2
7/2/07,2,22.6,8.3
7/2/07,3,22.6,8.3
7/2/07,4,22.6,8.4
7/2/07,5,22.6,8.4
7/2/07,6,22.5,8.3
7/2/07,7,22.1,8.4
7/2/07,8,20.4,9.4
7/2/07,9,18.8,9.7
7/2/07,10,17.4,9.7
7/2/07,11,15.3,9.8
7/2/07,12,12.7,7.6
7/2/07,13,11.2,6
7/2/07,14,10.3,4
7/2/07,15,9.8,2.8
7/2/07,16,9.8,2
7/2/07,17,9.7,1.8
7/2/07,18,9.6,1.5
7/2/07,19,9.5,0.9
7/18/07,0,23.3,8.5
7/18/07,1,22.8,8.6
7/18/07,2,22.3,8.7
7/18/07,3,22,8.8
7/18/07,4,21.8,8.8
7/18/07,5,21.7,8.8
7/18/07,6,21.5,8.8
7/18/07,7,21.4,8.8
7/18/07,8,21.3,8.7
7/18/07,9,20.9,8.7
7/18/07,10,18.9,10
7/18/07,11,15.8,10.5
7/18/07,12,14.6,9.7
7/18/07,13,12,4.5
7/18/07,14,10.6,1.5
7/18/07,15,10.3,0.6
7/18/07,16,9.9,0.3
7/18/07,17,9.7,0.2
7/18/07,18,9.6,0.2
7/18/07,19,9.6,0.2
8/1/07,0,25.2,8.5
8/1/07,1,25.2,8.6
8/1/07,2,25.2,8.9
8/1/07,3,25.1,8.8
8/1/07,4,25,9
8/1/07,5,25,8.8
8/1/07,6,24,9.2
8/1/07,7,23.2,9.3
8/1/07,8,22.5,9.2
8/1/07,9,21.8,9
8/1/07,10,20.1,9.5
8/1/07,11,18,10.2
8/1/07,12,14.5,7.6
8/1/07,13,12.4,2.7
8/1/07,14,11.3,0.9
8/1/07,15,10.6,0.8
8/1/07,16,10.2,0.6
8/1/07,17,10,0.6
8/1/07,18,10,0.6
8/1/07,19,9.8,0.5
8/15/07,0,23.9,7.9
8/15/07,1,23.9,8
8/15/07,2,23.8,8
8/15/07,3,23.8,8.1
8/15/07,4,23.8,8.1
8/15/07,5,23.8,8.1
8/15/07,6,23.8,8.1
8/15/07,7,23.8,8
8/15/07,8,23.7,8
8/15/07,9,23,7.8
8/15/07,10,20.8,7.9
8/15/07,11,18.3,7
8/15/07,12,14.9,4.5
8/15/07,13,13.2,1.7
8/15/07,14,12.2,0.6
8/15/07,15,11.2,0.4
8/15/07,16,10.5,0.3
8/15/07,17,10.2,0.2
8/15/07,18,10,0.2
8/15/07,19,9.8,0.2
8/27/07,0,21.3,8.8
8/27/07,1,21.2,8.6
8/27/07,2,21.2,8.6
8/27/07,3,21.1,8.6
8/27/07,4,21,8.6
8/27/07,5,21,8.6
8/27/07,6,20.9,8.6
8/27/07,7,20.9,8.6
8/27/07,8,20.8,8.6
8/27/07,9,20.8,8.5
8/27/07,10,20.5,8.3
8/27/07,11,20.5,8.2
8/27/07,12,17,5
8/27/07,13,13.8,1.8
8/27/07,14,12.2,0.4
8/27/07,15,11.4,0.2
8/27/07,16,10.9,0.2
8/27/07,17,10.5,0.2
8/27/07,18,10.3,0.2
9/11/07,0,19.7,7.7
9/11/07,1,19.8,7.7
9/11/07,2,19.8,7.7
9/11/07,3,19.9,7.8
9/11/07,4,19.9,7.8
9/11/07,5,19.9,7.8
9/11/07,6,19.9,7.8
9/11/07,7,19.9,7.8
9/11/07,8,19.9,7.8
9/11/07,9,19.9,7.8
9/11/07,10,19.9,7.8
9/11/07,11,19.9,7.7
9/11/07,12,19.9,7.7
9/11/07,13,16.8,0.3
9/11/07,14,11.9,0.1
9/11/07,15,10.9,0.1
9/11/07,16,10.4,0.1
9/11/07,17,10.2,0.1
9/11/07,18,10.1,0.1
9/27/07,0,17.1,8.9
9/27/07,1,17,8.8
9/27/07,2,17,8.8
9/27/07,3,17,8.8
9/27/07,4,17,8.8
9/27/07,5,17,8.8
9/27/07,6,17,8.7
9/27/07,7,17,8.7
9/27/07,8,17,8.6
9/27/07,9,16.9,8.5
9/27/07,10,16.8,8.2
9/27/07,11,16.8,8.3
9/27/07,12,16.8,8.3
9/27/07,13,16.8,8.3
9/27/07,14,16.4,7.1
9/27/07,15,12.7,0.2
9/27/07,16,11.1,0.2
9/27/07,17,10.5,0.1
9/27/07,18,10.2,0.1
10/8/07,0,18.7,9.3
10/8/07,1,18.4,9
10/8/07,2,18,9.2
10/8/07,3,17.7,9.2
10/8/07,4,17.4,9.1
10/8/07,5,17.2,9
10/8/07,6,16.8,8.8
10/8/07,7,16.5,8.6
10/8/07,8,16.3,8.4
10/8/07,9,16.3,8.2
10/8/07,10,16.2,8.1
10/8/07,11,16.2,8
10/8/07,12,16.2,8
10/8/07,13,16.1,7.9
10/8/07,14,16,7
10/8/07,15,15.6,4.4
10/8/07,16,15.5,4.1
10/8/07,17,11.2,0.4
10/8/07,18,10.3,0.3
10/22/07,0,13.5,9.4
10/22/07,1,13.3,9.4
10/22/07,2,13.2,9
10/22/07,3,13.2,8.9
10/22/07,4,13.1,9
10/22/07,5,13.1,9.1
10/22/07,6,13,9.1
10/22/07,7,13,9.1
10/22/07,8,13,9
10/22/07,9,13,9
10/22/07,10,13,9
10/22/07,11,13,9
10/22/07,12,13,9
10/22/07,13,13,9
10/22/07,14,13,9
10/22/07,15,13,9
10/22/07,16,13,9
10/22/07,17,13,9
10/22/07,18,13,9
10/22/07,19,13,9
11/9/07,0,8.1,11.1
11/9/07,1,8,11.1
11/9/07,2,8,11.1
11/9/07,3,7.9,11
11/9/07,4,7.9,10.9
11/9/07,5,7.9,10.9
11/9/07,6,7.9,10.8
11/9/07,7,7.9,10.8
11/9/07,8,7.9,10.8
11/9/07,9,7.8,10.8
11/9/07,10,7.8,10.7
11/9/07,11,7.8,10.7
11/9/07,12,7.7,10.7
11/9/07,13,7.7,10.7
11/9/07,14,7.7,10.7
11/9/07,15,7.7,10.6
11/9/07,16,7.6,10.6
11/9/07,17,7.6,10.6
11/9/07,18,7.6,10.5
11/9/07,19,,
1/16/08,0,0.5,14.6
1/16/08,1,1.1,13.4
1/16/08,2,1.4,12.9
1/16/08,3,1.6,12.6
1/16/08,4,1.7,12.4
1/16/08,5,1.9,12.2
1/16/08,6,2,12
1/16/08,7,2.1,11.6
1/16/08,8,2.3,11.2
1/16/08,9,2.4,10.9
1/16/08,10,2.6,10.6
1/16/08,11,2.8,9.3
1/16/08,12,2.9,8.6
1/16/08,13,3.1,7.3
1/16/08,14,3.3,5.9
1/16/08,15,3.4,4.7
1/16/08,16,3.7,0.6
1/16/08,17,3.9,0.2
1/16/08,18,4.1,0.1
1/16/08,19,4.5,0.1
2/26/08,0,0.6,14
2/26/08,1,0.7,14
2/26/08,2,1.5,13.2
2/26/08,3,1.8,12.7
2/26/08,4,2,12.5
2/26/08,5,2.2,12.2
2/26/08,6,2.4,11.9
2/26/08,7,2.5,11.2
2/26/08,8,2.7,10.8
2/26/08,9,2.9,10.3
2/26/08,10,3,10
2/26/08,11,3.2,8.6
2/26/08,12,3.4,6.6
2/26/08,13,3.6,5
2/26/08,14,3.6,5
2/26/08,15,4.1,1.1
2/26/08,16,4.2,0.6
2/26/08,17,4.2,0.6
2/26/08,18,4.4,0.3
2/26/08,19,4.9,0.3
3/26/08,0,0.7,13.9
3/26/08,1,0.7,13.8
3/26/08,2,1.6,12.4
3/26/08,3,2,11.7
3/26/08,4,2.2,11.3
3/26/08,5,2.4,10.9
3/26/08,6,2.6,10.3
3/26/08,7,2.7,9.6
3/26/08,8,2.9,8.9
3/26/08,9,3.1,8
3/26/08,10,3.3,8
3/26/08,11,3.5,6.5
3/26/08,12,3.6,5
3/26/08,13,3.8,4
3/26/08,14,4,1.1
3/26/08,15,4.1,0.4
3/26/08,16,4.1,0.3
3/26/08,17,4.2,0.3
3/26/08,18,4.5,0.1
3/26/08,19,4.9,0.1
5/9/08,0,8.6,11
5/9/08,1,8.4,11.2
5/9/08,2,7.7,11.3
5/9/08,3,7.6,11.3
5/9/08,4,7.4,11.4
5/9/08,5,7.3,11.4
5/9/08,6,6.9,11.4
5/9/08,7,6.7,11.4
5/9/08,8,6.3,11.1
5/9/08,9,6.2,11.1
5/9/08,10,6.1,11
5/9/08,11,5.9,10.8
5/9/08,12,5.9,10.7
5/9/08,13,5.9,10.7
5/9/08,14,5.8,10.6
5/9/08,15,5.8,10.5
5/9/08,16,5.7,10.4
5/9/08,17,5.7,10.4
5/9/08,18,5.5,9.9
5/20/08,0,10.8,11.4
5/20/08,1,10.8,11.4
5/20/08,2,10.7,11.4
5/20/08,3,10.7,11.4
5/20/08,4,10.7,11.4
5/20/08,5,10.7,11.4
5/20/08,6,10.7,11.4
5/20/08,7,10.7,11.4
5/20/08,8,9.9,11.8
5/20/08,9,8.9,12.2
5/20/08,10,7.8,11.5
5/20/08,11,7.6,11.3
5/20/08,12,7.4,11.1
5/20/08,13,7.1,10.3
5/20/08,14,7,10.2
5/20/08,15,6.9,10
5/20/08,16,6.9,9.8
5/20/08,17,6.9,9.6
5/20/08,18,6.7,8.2
6/3/08,0,14.4,10.4
6/3/08,1,14.4,10.5
6/3/08,2,14.4,10.5
6/3/08,3,14.3,10.5
6/3/08,4,14.3,10.5
6/3/08,5,14.2,10.5
6/3/08,6,14.2,10.5
6/3/08,7,13.2,10.9
6/3/08,8,12.3,11.2
6/3/08,9,10.7,11.5
6/3/08,10,9.1,10.9
6/3/08,11,8.4,10.3
6/3/08,12,8,9.6
6/3/08,13,7.7,8.9
6/3/08,14,7.6,8.5
6/3/08,15,7.6,8.4
6/3/08,16,7.5,8.2
6/3/08,17,7.4,7.4
6/23/08,0,19,9.4
6/23/08,1,18.9,9.4
6/23/08,2,18.8,9.4
6/23/08,3,18.8,9.4
6/23/08,4,18.7,9.4
6/23/08,5,18.5,9.5
6/23/08,6,18.2,9.5
6/23/08,7,17.5,9.5
6/23/08,8,16.9,9
6/23/08,9,16.6,9
6/23/08,10,15.3,8.9
6/23/08,11,12.1,9
6/23/08,12,10.5,8.5
6/23/08,13,9.4,7.7
6/23/08,14,8.9,7.3
6/23/08,15,8.5,6
6/23/08,16,8.3,5.2
6/23/08,17,8.2,4.9
6/23/08,18,8.1,4.8
6/23/08,19,8.1,4.7
7/1/08,0,20.9,9.5
7/1/08,1,20.8,9.7
7/1/08,2,20.8,9.8
7/1/08,3,20.8,9.6
7/1/08,4,20.8,9.4
7/1/08,5,20.7,9.1
7/1/08,6,20.7,8.9
7/1/08,7,20.5,8.7
7/1/08,8,18.2,8.7
7/1/08,9,16.9,7.6
7/1/08,10,14.4,7.4
7/1/08,11,11.6,7.5
7/1/08,12,10.3,7.4
7/1/08,13,9.8,7.1
7/1/08,14,9,6.1
7/1/08,15,8.6,5.5
7/1/08,16,8.5,5
7/1/08,17,8.4,4.7
7/1/08,18,8.3,4.3
7/1/08,19,8.3,4.1
7/16/08,0,23.3,8.6
7/16/08,1,22.2,8.7
7/16/08,2,21.9,8.8
7/16/08,3,21.7,8.7
7/16/08,4,21.6,8.8
7/16/08,5,21.3,8.9
7/16/08,6,21,8.9
7/16/08,7,20.9,8.9
7/16/08,8,20.6,8.8
7/16/08,9,19.6,7.9
7/16/08,10,16.8,9.8
7/16/08,11,13.5,7.3
7/16/08,12,11.7,6.1
7/16/08,13,10.2,4.6
7/16/08,14,9.5,4
7/16/08,15,9.2,3
7/16/08,16,9,2.7
7/16/08,17,8.8,2
7/16/08,18,8.7,1.9
7/16/08,19,8.7,1.2
7/30/08,0,22.7,8.4
7/30/08,1,22.7,8.2
7/30/08,2,22.8,8.3
7/30/08,3,22.8,8.3
7/30/08,4,22.8,8.3
7/30/08,5,22.8,8.3
7/30/08,6,22.6,8.6
7/30/08,7,22.5,8.7
7/30/08,8,22.1,8.7
7/30/08,9,21.2,8.4
7/30/08,10,18.6,9.2
7/30/08,11,15.5,9.6
7/30/08,12,12.2,6.8
7/30/08,13,10.9,3.3
7/30/08,14,9.9,2.2
7/30/08,15,9.4,1
7/30/08,16,9.1,0.5
7/30/08,17,8.9,0.2
7/30/08,18,8.8,0.2
7/30/08,19,8.8,0.2
8/15/08,0,22.5,8.6
8/15/08,1,22.5,8.5
8/15/08,2,22.4,8.4
8/15/08,3,22.4,8.3
8/15/08,4,22.4,8.3
8/15/08,5,22.4,8.3
8/15/08,6,22.4,8.2
8/15/08,7,22.3,8.2
8/15/08,8,22.3,8.2
8/15/08,9,22.2,7.9
8/15/08,10,18,8.3
8/15/08,11,15.7,7.2
8/15/08,12,13.4,4.6
8/15/08,13,11.2,1.7
8/15/08,14,9.9,0.2
8/15/08,15,9.1,0.2
8/15/08,16,9,0.2
8/15/08,17,8.8,0.2
8/15/08,18,8.8,0.2
8/15/08,19,8.7,0.2
8/28/08,0,21.4,8.2
8/28/08,1,21.6,8.2
8/28/08,2,21.6,8.2
8/28/08,3,21.6,8.2
8/28/08,4,21.6,8.1
8/28/08,5,21.6,8.1
8/28/08,6,21.6,8.1
8/28/08,7,21.6,8.1
8/28/08,8,21.6,8.1
8/28/08,9,21.4,8.1
8/28/08,10,20.9,7.9
8/28/08,11,15.7,6.4
8/28/08,12,13.3,4
8/28/08,13,11.3,0.7
8/28/08,14,10.1,0.3
8/28/08,15,9.6,0.2
8/28/08,16,9.3,0.1
8/28/08,17,9.1,0.1
8/28/08,18,9,0.1
8/28/08,19,8.9,0.1
9/8/08,0,19.9,8.4
9/8/08,1,19.9,8.4
9/8/08,2,19.8,8.4
9/8/08,3,19.8,8.4
9/8/08,4,19.8,8.4
9/8/08,5,19.8,8.4
9/8/08,6,19.8,8.4
9/8/08,7,19.8,8.3
9/8/08,8,19.8,8.3
9/8/08,9,19.8,8.3
9/8/08,10,19.7,8.3
9/8/08,11,18.7,7.1
9/8/08,12,13.2,2.6
9/8/08,13,12,0.6
9/8/08,14,10.5,0.2
9/8/08,15,9.6,0.2
9/8/08,16,9.4,0.1
9/8/08,17,9.2,0.1
9/8/08,18,8.8,0.1
9/8/08,19,8.8,0.1
9/22/08,0,18.6,8.8
9/22/08,1,18.6,8.9
9/22/08,2,18.5,8.9
9/22/08,3,18.4,8.9
9/22/08,4,18.4,8.9
9/22/08,5,18.3,8.9
9/22/08,6,18.2,8.9
9/22/08,7,18,9
9/22/08,8,17.9,8.8
9/22/08,9,17.9,8.7
9/22/08,10,17.8,8.5
9/22/08,11,17.7,8.2
9/22/08,12,17.3,7.3
9/22/08,13,12.3,0.3
9/22/08,14,10.6,0.1
9/22/08,15,9.6,0.1
9/22/08,16,9.2,0.1
9/22/08,17,9.1,0.1
9/22/08,18,9,0.1
10/6/08,0,14.9,9.5
10/6/08,1,15,8.9
10/6/08,2,15.1,8.7
10/6/08,3,15.1,8.6
10/6/08,4,15.1,8.6
10/6/08,5,15.1,8.6
10/6/08,6,15.1,8.6
10/6/08,7,15.1,8.6
10/6/08,8,15.1,8.6
10/6/08,9,15,8.4
10/6/08,10,15,8.4
10/6/08,11,15,8.3
10/6/08,12,15,8.1
10/6/08,13,14.4,6.5
10/6/08,14,11.1,0.2
10/6/08,15,9.9,0.1
10/6/08,16,9.4,0.1
10/6/08,17,9.2,0.1
10/6/08,18,9,0.1
10/6/08,19,8.9,0.1
10/21/08,0,12.1,9.4
10/21/08,1,12.1,9.2
10/21/08,2,12.1,9.2
10/21/08,3,12.1,9.1
10/21/08,4,12.1,9
10/21/08,5,12,9
10/21/08,6,12,9
10/21/08,7,12,9
10/21/08,8,12,9
10/21/08,9,12,9
10/21/08,10,12,9
10/21/08,11,12,8.9
10/21/08,12,12,8.6
10/21/08,13,12,8.6
10/21/08,14,12,8.6
10/21/08,15,12,8.6
10/21/08,16,11.9,8.6
10/21/08,17,11.7,7.2
10/21/08,18,11,5.2
10/21/08,19,9,0.3
11/7/08,0,9.5,10.5
11/7/08,1,9.3,10.6
11/7/08,2,9.2,10.7
11/7/08,3,9.2,10.7
11/7/08,4,9.1,10.7
11/7/08,5,9.1,10.7
11/7/08,6,9.1,10.7
11/7/08,7,9.1,10.7
11/7/08,8,9.1,10.7
11/7/08,9,9.1,10.7
11/7/08,10,9.1,10.7
11/7/08,11,9.1,10.7
11/7/08,12,9.1,10.7
11/7/08,13,9.1,10.7
11/7/08,14,9.1,10.7
11/7/08,15,9.1,10.7
11/7/08,16,9.1,10.7
11/7/08,17,9.1,10.7
11/7/08,18,9.1,10.7
11/7/08,19,,
1/21/09,0,0.2,14.3
1/21/09,1,1.5,13.1
1/21/09,2,2.8,11.9
1/21/09,3,3.4,11.5
1/21/09,4,3.6,11.1
1/21/09,5,4,9.6
1/21/09,6,4.1,9.2
1/21/09,7,4.1,8.9
1/21/09,8,4.2,8.9
1/21/09,9,4.2,8.8
1/21/09,10,4.3,8
1/21/09,11,4.3,7.5
1/21/09,12,4.4,7.9
1/21/09,13,4.4,7.8
1/21/09,14,4.5,7.3
1/21/09,15,4.5,6.3
1/21/09,16,4.7,0.9
1/21/09,17,4.7,0.7
1/21/09,18,4.7,0.7
1/21/09,19,4.9,0.2
2/24/09,0,0.2,15.2
2/24/09,1,3.1,10.4
2/24/09,2,3.8,9.3
2/24/09,3,3.9,9.2
2/24/09,4,3.9,9.1
2/24/09,5,4,9.1
2/24/09,6,4,9.1
2/24/09,7,4,9.1
2/24/09,8,4,9.1
2/24/09,9,4,9.1
2/24/09,10,4,9
2/24/09,11,4.2,7.5
2/24/09,12,4.4,6.1
2/24/09,13,4.4,6.2
2/24/09,14,4.5,6.3
2/24/09,15,4.5,4.8
2/24/09,16,4.6,0.9
2/24/09,17,4.7,0.6
2/24/09,18,4.8,0.3
2/24/09,19,5,0.1
3/16/09,0,4.9,9.3
3/16/09,1,4.9,9.2
3/16/09,2,4.8,9.3
3/16/09,3,4.7,9.3
3/16/09,4,4.6,9.3
3/16/09,5,4.4,9.3
3/16/09,6,4.4,9.3
3/16/09,7,4.4,9.3
3/16/09,8,4.3,9.3
3/16/09,9,4.3,9.3
3/16/09,10,4.3,9
3/16/09,11,4.3,8.9
3/16/09,12,4.3,6.6
3/16/09,13,4.4,6.3
3/16/09,14,4.4,6.2
3/16/09,15,4.6,0.6
3/16/09,16,4.6,0.4
3/16/09,17,4.6,0.4
3/16/09,18,4.6,0.4
4/29/09,0,7.1,11.3
4/29/09,1,7,11.5
4/29/09,2,6.7,11.6
4/29/09,3,6.7,11.6
4/29/09,4,6.6,11.7
4/29/09,5,6.5,11.8
4/29/09,6,6.5,11.8
4/29/09,7,6.5,11.8
4/29/09,8,6.5,11.8
4/29/09,9,6.5,11.8
4/29/09,10,6.4,11.8
4/29/09,11,6.4,11.8
4/29/09,12,6.3,11.8
4/29/09,13,6.3,11.8
4/29/09,14,6.1,11.5
4/29/09,15,6,11.5
4/29/09,16,6,11.5
4/29/09,17,6,11.5
4/29/09,18,6,11.4
5/12/09,0,11.4,11.4
5/12/09,1,11.4,11.6
5/12/09,2,11.3,11.6
5/12/09,3,11.3,11.6
5/12/09,4,11.3,11.6
5/12/09,5,11.3,11.6
5/12/09,6,11.2,11.6
5/12/09,7,11.1,11.6
5/12/09,8,11.1,11.7
5/12/09,9,11,11.7
5/12/09,10,9.4,11.9
5/12/09,11,8.6,11.6
5/12/09,12,8.4,11.6
5/12/09,13,8.1,11.4
5/12/09,14,8,11
5/12/09,15,7.9,10.6
5/12/09,16,7.8,10.2
5/12/09,17,7.8,10
5/12/09,18,7.8,9.4
5/12/09,19,7.8,9
5/12/09,20,,
5/12/09,21,,
5/26/09,0,14.7,10.3
5/26/09,1,14.7,10.3
5/26/09,2,14.7,10.3
5/26/09,3,14.7,10.3
5/26/09,4,14.6,10.3
5/26/09,5,14.5,10.4
5/26/09,6,14.1,10.6
5/26/09,7,13.3,10.9
5/26/09,8,13,10.9
5/26/09,9,12.8,10.8
5/26/09,10,12.6,10.7
5/26/09,11,12.4,10.5
5/26/09,12,12.3,10.2
5/26/09,13,12.2,10
5/26/09,14,12.2,9.7
5/26/09,15,12.1,9.4
5/26/09,16,12,8.6
5/26/09,17,12,8.6
5/26/09,18,12,8.3
5/26/09,19,11.9,7.3
6/10/09,0,14.9,10.3
6/10/09,1,14.8,10.4
6/10/09,2,14.7,10.5
6/10/09,3,14.7,10.5
6/10/09,4,14.6,10.4
6/10/09,5,14.6,10.4
6/10/09,6,14.6,10.4
6/10/09,7,14.5,10.4
6/10/09,8,14.5,10.3
6/10/09,9,14.4,10.3
6/10/09,10,14.2,10.1
6/10/09,11,14.1,10
6/10/09,12,13.2,9.9
6/10/09,13,12.8,9.2
6/10/09,14,12.5,7.8
6/10/09,15,12.2,5.4
6/10/09,16,12.1,4.2
6/10/09,17,12,3.3
6/10/09,18,11.9,2.6
6/10/09,19,11.8,2.2
6/10/09,20,,
6/10/09,20.1,,
6/10/09,21,,
6/23/09,0,23.7,9
6/23/09,1,23.5,9.1
6/23/09,2,23.1,9.2
6/23/09,3,21.1,10.1
6/23/09,4,19,11.2
6/23/09,5,18.1,11.3
6/23/09,6,17,11.1
6/23/09,7,16.4,10.8
6/23/09,8,16,10.8
6/23/09,9,15.6,10.3
6/23/09,10,15.2,10
6/23/09,11,14.6,9.8
6/23/09,12,14,8.8
6/23/09,13,13.3,6.8
6/23/09,14,12.8,4.8
6/23/09,15,12.6,3.8
6/23/09,16,12.6,3.6
6/23/09,17,12.4,2.7
6/23/09,18,12.3,2.3
6/23/09,19,12.3,1.9
7/7/09,0,20.5,11.3
7/7/09,1,20.4,10.8
7/7/09,2,20.2,10.8
7/7/09,3,19.8,10.4
7/7/09,4,19.5,10.1
7/7/09,5,19.4,10.3
7/7/09,6,19.4,10.3
7/7/09,7,18.5,10.8
7/7/09,8,17.2,10.8
7/7/09,9,16.3,10
7/7/09,10,15.3,10.1
7/7/09,11,14.4,8.6
7/7/09,12,13.9,7
7/7/09,13,13.4,5
7/7/09,14,12.9,2.4
7/7/09,15,12.6,1.1
7/7/09,16,12.5,0.7
7/7/09,17,,
7/7/09,17.2,,
7/7/09,18,,
7/7/09,19,,
7/7/09,20,,
7/7/09,21,,
7/20/09,0,19.7,9.5
7/20/09,1,19.7,9.6
7/20/09,2,19.5,9.7
7/20/09,3,19.2,9.8
7/20/09,4,19,9.9
7/20/09,5,18.8,9.8
7/20/09,6,18.7,9.8
7/20/09,7,18.7,9.8
7/20/09,8,18.6,9.7
7/20/09,9,18.4,9.7
7/20/09,10,17.5,9.8
7/20/09,11,15.8,9.6
7/20/09,12,14.8,7.7
7/20/09,13,13.9,4.2
7/20/09,14,13.3,1.7
7/20/09,15,13,0.5
7/20/09,16,12.8,0
7/20/09,17,,
7/20/09,18,,
8/4/09,0,20.3,9.1
8/4/09,1,20.3,9.3
8/4/09,2,20.3,9.7
8/4/09,3,20.2,9.5
8/4/09,4,20.1,9.3
8/4/09,5,19.7,9.2
8/4/09,6,19.6,9.4
8/4/09,7,19.5,9.3
8/4/09,8,19.4,9.2
8/4/09,9,19.4,9.2
8/4/09,10,18.2,8.6
8/4/09,11,15.6,5.2
8/4/09,12,14.7,3.4
8/4/09,13,13.9,1.7
8/4/09,14,13.1,0.7
8/4/09,15,12.9,0.7
8/4/09,16,12.8,0.8
8/4/09,17,12.6,0.8
8/4/09,18,12.6,0.8
8/4/09,19,,
8/4/09,19.2,,
8/4/09,20,,
8/4/09,21,,
8/17/09,0,22.3,8.3
8/17/09,1,22.3,8.3
8/17/09,2,22.3,8.3
8/17/09,3,22.3,8.3
8/17/09,4,22.2,8.3
8/17/09,5,22.2,8.3
8/17/09,6,22.1,8.3
8/17/09,7,20.7,8.4
8/17/09,8,20.3,8.3
8/17/09,9,20,8.1
8/17/09,10,19.5,7.6
8/17/09,11,16.6,4.5
8/17/09,12,15.7,2.9
8/17/09,13,14.6,1.1
8/17/09,14,13.4,0
8/17/09,15,13,0
8/17/09,16,12.8,0
8/17/09,17,12.7,0
8/17/09,18,12.7,0
9/1/09,0,19.4,8.9
9/1/09,1,19.3,9.2
9/1/09,2,19.3,9.4
9/1/09,3,19.2,9.1
9/1/09,4,19.2,9.1
9/1/09,5,19.2,9.1
9/1/09,6,19.1,9
9/1/09,7,19,9
9/1/09,8,18.9,8.9
9/1/09,9,18.8,8.6
9/1/09,10,18.7,8.4
9/1/09,11,18.4,7.3
9/1/09,12,16,1.4
9/1/09,13,14.6,0.3
9/1/09,14,13.2,0.1
9/1/09,15,13,0.1
9/1/09,16,12.7,0.1
9/1/09,17,12.6,0.1
9/1/09,18,12.5,0.1
9/1/09,18.7,,
9/1/09,19,,
9/1/09,20,,
9/1/09,21,,
9/14/09,0,21.5,8.5
9/14/09,1,21.5,8.5
9/14/09,2,21.5,8.5
9/14/09,3,21.5,8.5
9/14/09,4,21.5,8.5
9/14/09,5,21.1,9.1
9/14/09,6,20.5,9.1
9/14/09,7,20.1,8.8
9/14/09,8,19.8,8.6
9/14/09,9,19.6,8.3
9/14/09,10,19.2,7.3
9/14/09,11,18.1,5
9/14/09,12,16.8,1.8
9/14/09,13,14.9,0.3
9/14/09,14,13.9,0.1
9/14/09,15,13.3,0.1
9/14/09,16,12.9,0.1
9/14/09,17,12.6,0.1
9/14/09,18,12.4,0.1
9/29/09,0,17.6,7.9
9/29/09,1,17.6,8
9/29/09,2,17.6,8
9/29/09,3,17.6,8
9/29/09,4,17.6,7.9
9/29/09,5,17.6,7.9
9/29/09,6,17.6,7.9
9/29/09,7,17.6,7.9
9/29/09,8,17.6,7.8
9/29/09,9,17.6,7.7
9/29/09,10,17.5,7.7
9/29/09,11,17.5,7.5
9/29/09,12,17.4,7.4
9/29/09,13,17.1,6.8
9/29/09,14,14.4,0.3
9/29/09,15,13,0.2
9/29/09,16,12.7,0.2
9/29/09,17,12.5,0.1
9/29/09,18,12.4,0.1
9/29/09,18.2,,
9/29/09,19,,
9/29/09,20,,
9/29/09,21,,
10/12/09,0,10.6,9.7
10/12/09,1,11.2,9.1
10/12/09,2,11.2,9.1
10/12/09,3,11.3,9
10/12/09,4,11.3,9
10/12/09,5,11.3,9
10/12/09,6,11.3,9
10/12/09,7,11.3,9
10/12/09,8,11.3,8.9
10/12/09,9,11.4,9
10/12/09,10,11.4,8.9
10/12/09,11,11.4,8.9
10/12/09,12,11.3,8.9
10/12/09,13,11.3,8.9
10/12/09,14,11.3,8.9
10/12/09,15,11.3,8.9
10/12/09,16,11.3,8.9
10/12/09,17,11.3,8.9
10/12/09,18,11.3,8.9
10/26/09,0,8.2,10.5
10/26/09,1,8.2,10.4
10/26/09,2,8.2,10.5
10/26/09,3,8.1,10.5
10/26/09,4,8.1,10.5
10/26/09,5,8.1,10.5
10/26/09,6,8.1,10.5
10/26/09,7,8.1,10.5
10/26/09,8,8,10.5
10/26/09,9,8,10.5
10/26/09,10,8,10.5
10/26/09,11,8,10.5
10/26/09,12,8,10.5
10/26/09,13,8,10.5
10/26/09,14,8,10.5
10/26/09,15,8,10.5
10/26/09,16,8,10.5
10/26/09,17,8,10.5
10/26/09,18,8,10.5
10/26/09,18.9,,
10/26/09,19,,
10/26/09,20,,
10/26/09,21,,
11/10/09,0,6.7,11.6
11/10/09,1,6.7,11.8
11/10/09,2,6.7,11.9
11/10/09,3,6.7,12
11/10/09,4,6.6,12
11/10/09,5,6.6,12
11/10/09,6,6.6,12
11/10/09,7,6.5,12
11/10/09,8,6.5,12
11/10/09,9,6.5,12
11/10/09,10,6.5,12
11/10/09,11,6.5,12
11/10/09,12,6.5,11.9
11/10/09,13,6.5,11.9
11/10/09,14,6.5,11.9
11/10/09,15,6.6,11.9
11/10/09,16,6.6,11.9
11/10/09,17,6.6,11.9
11/10/09,18,6.6,11.9
1/18/10,0,1,16.2
1/18/10,1,1.8,14.3
1/18/10,2,2.6,12.8
1/18/10,3,2.9,12.6
1/18/10,4,3.1,12.5
1/18/10,5,3.2,12.5
1/18/10,6,3.3,12.3
1/18/10,7,3.4,12.2
1/18/10,8,3.5,11.3
1/18/10,9,3.6,10.9
1/18/10,10,3.7,10.9
1/18/10,11,3.9,9.2
1/18/10,12,4,8.6
1/18/10,13,4,8.5
1/18/10,14,4.2,7.3
1/18/10,15,4.2,6.6
1/18/10,16,4.5,2.9
1/18/10,17,4.5,1.4
1/18/10,18,4.6,1.1
2/12/10,0,0.6,15.5
2/12/10,1,1.4,14.4
2/12/10,2,2.5,12.5
2/12/10,3,3,11.6
2/12/10,4,3.2,11.4
2/12/10,5,3.4,11
2/12/10,6,3.5,10.5
2/12/10,7,3.7,10.1
2/12/10,8,3.8,9.4
2/12/10,9,3.9,8.9
2/12/10,10,4,8.1
2/12/10,11,4.1,7.1
2/12/10,12,4.2,7.1
2/12/10,13,4.3,6.2
2/12/10,14,4.3,5.3
2/12/10,15,4.4,4.3
2/12/10,16,4.6,0.7
2/12/10,17,4.6,0.6
2/12/10,18,4.6,0.4
4/13/10,0,8,12.9
4/13/10,1,8,12.9
4/13/10,2,8,13
4/13/10,3,8,13.1
4/13/10,4,7.9,13.1
4/13/10,5,7.9,13.2
4/13/10,6,7.8,13.3
4/13/10,7,7.7,13.3
4/13/10,8,7.6,13.3
4/13/10,9,7.4,13.2
4/13/10,10,7.1,13
4/13/10,11,7,12.8
4/13/10,12,6.9,12.7
4/13/10,13,6.8,12.3
4/13/10,14,6.8,12.2
4/13/10,15,6.8,12.1
4/13/10,16,6.8,12.1
4/13/10,17,6.8,12
4/13/10,18,6.8,12
5/3/10,0,11.7,10.7
5/3/10,1,11.6,10.8
5/3/10,2,11.6,10.8
5/3/10,3,11.6,10.8
5/3/10,4,11.6,10.9
5/3/10,5,11.6,10.9
5/3/10,6,11.6,10.9
5/3/10,7,11.6,10.9
5/3/10,8,11.6,10.9
5/3/10,9,11.6,10.9
5/3/10,10,11.6,10.9
5/3/10,11,11.6,10.8
5/3/10,12,11.5,10.8
5/3/10,13,11.4,10.7
5/3/10,14,11.2,10.5
5/3/10,15,11.1,10.4
5/3/10,16,10.2,9.8
5/3/10,17,9.9,9.6
5/3/10,18,9.6,9.2
5/10/10,0,11.9,10.4
5/10/10,1,11.9,10.7
5/10/10,2,11.8,10.8
5/10/10,3,11.6,10.9
5/10/10,4,11.5,10.9
5/10/10,5,11.5,10.9
5/10/10,6,11.4,11
5/10/10,7,11.3,11
5/10/10,8,11.2,10.9
5/10/10,9,11.2,10.9
5/10/10,10,11.1,10.9
5/10/10,11,11.1,10.9
5/10/10,12,11.1,10.9
5/10/10,13,11.1,10.8
5/10/10,14,11,10.8
5/10/10,15,10.9,10.7
5/10/10,16,10.9,10.5
5/10/10,17,10.8,10.5
5/10/10,18,10.8,10
5/25/10,0,20.2,9.8
5/25/10,1,19.2,10.3
5/25/10,2,18.6,10.4
5/25/10,3,18.1,10.6
5/25/10,4,16.3,11.1
5/25/10,5,14.3,11.6
5/25/10,6,12.8,11.8
5/25/10,7,12.4,11.8
5/25/10,8,11.9,11.4
5/25/10,9,11.7,11.3
5/25/10,10,11.6,11.2
5/25/10,11,11.5,11.2
5/25/10,12,11.4,11
5/25/10,13,11.3,10.6
5/25/10,14,11.2,9.9
5/25/10,15,11.2,9.8
5/25/10,16,11.2,9.7
5/25/10,17,11.1,9
5/25/10,18,11.1,8.5
6/7/10,0,19.6,9
6/7/10,1,19.2,9.7
6/7/10,2,19,10
6/7/10,3,19,10
6/7/10,4,18.9,10.1
6/7/10,5,18.5,10.1
6/7/10,6,15.7,11.2
6/7/10,7,14.2,11.1
6/7/10,8,13.5,10.8
6/7/10,9,12.8,10.4
6/7/10,10,12.5,10
6/7/10,11,12.2,9.2
6/7/10,12,11.8,8.3
6/7/10,13,11.7,7.6
6/7/10,14,11.5,6.9
6/7/10,15,11.5,6.3
6/7/10,16,11.4,5.5
6/7/10,17,11.3,4.4
6/7/10,18,11.3,4.1
6/24/10,0,20.9,8.8
6/24/10,1,21,8.9
6/24/10,2,21,8.9
6/24/10,3,20.9,9
6/24/10,4,20.9,9.1
6/24/10,5,20.3,9.6
6/24/10,6,19.1,9.5
6/24/10,7,18.2,9.6
6/24/10,8,16.5,9.4
6/24/10,9,14.3,9.4
6/24/10,10,13.1,8.8
6/24/10,11,12.6,7.7
6/24/10,12,12.3,6.3
6/24/10,13,11.9,4.1
6/24/10,14,11.9,4.1
6/24/10,15,11.7,2.9
6/24/10,16,11.5,1
6/24/10,17,11.5,0.7
6/24/10,18,11.5,0.6
7/9/10,0,23.8,7.8
7/9/10,1,23.7,8
7/9/10,2,23.6,8.1
7/9/10,3,23.2,8.3
7/9/10,4,22.7,8.4
7/9/10,5,22.5,8.4
7/9/10,6,21.9,8.4
7/9/10,7,19.4,8.7
7/9/10,8,16.5,8.8
7/9/10,9,13.5,7.9
7/9/10,10,13.1,5.6
7/9/10,11,12.5,3.3
7/9/10,12,12.1,0.9
7/9/10,13,11.9,0.3
7/9/10,14,11.7,0.3
7/9/10,15,11.5,0.6
7/9/10,16,11.5,0.6
7/9/10,17,11.5,0.5
7/9/10,18,11.5,0.5
7/20/10,0,23.6,7.6
7/20/10,1,23.6,7.8
7/20/10,2,23.5,8
7/20/10,3,23.4,8.1
7/20/10,4,23.4,8
7/20/10,5,23.3,8.1
7/20/10,6,23.2,8.2
7/20/10,7,22.8,8
7/20/10,8,21.6,8.1
7/20/10,9,17.1,8.7
7/20/10,10,14.8,7.5
7/20/10,11,13.6,4.9
7/20/10,12,13,3.5
7/20/10,13,12.4,1
7/20/10,14,12.1,0
7/20/10,15,11.8,0
7/20/10,16,11.7,0
7/20/10,17,11.6,0
7/20/10,18,11.6,0
8/2/10,0,23.8,7.8
8/2/10,1,23.8,7.8
8/2/10,2,23.8,7.8
8/2/10,3,23.8,7.8
8/2/10,4,23.8,7.9
8/2/10,5,23.8,7.9
8/2/10,6,23.8,7.9
8/2/10,7,23.8,7.8
8/2/10,8,23.5,7.8
8/2/10,9,21,8.5
8/2/10,10,15.9,7.2
8/2/10,11,14.4,5.9
8/2/10,12,13.3,2.4
8/2/10,13,12.7,0.4
8/2/10,14,12.2,0
8/2/10,15,11.6,0
8/2/10,16,11.6,0
8/2/10,17,11.5,0
8/2/10,18,11.4,0
8/17/10,0,22.4,7.8
8/17/10,1,22.5,7.9
8/17/10,2,22.5,8
8/17/10,3,22.5,8
8/17/10,4,22.5,8
8/17/10,5,22.5,8
8/17/10,6,22.4,7.9
8/17/10,7,22.4,7.8
8/17/10,8,22.4,7.7
8/17/10,9,22.3,7.7
8/17/10,10,17.9,6.5
8/17/10,11,14.9,4.3
8/17/10,12,13.8,2
8/17/10,13,12.8,0.3
8/17/10,14,12.1,0.1
8/17/10,15,12,0.1
8/17/10,16,11.9,0.1
8/17/10,17,11.7,0.1
8/17/10,18,11.6,0.1
8/30/10,0,22.8,8.4
8/30/10,1,22.8,8.5
8/30/10,2,22.7,8.5
8/30/10,3,22.5,8.5
8/30/10,4,22.3,8.5
8/30/10,5,22.3,8.5
8/30/10,6,22.2,8.5
8/30/10,7,22.1,8.5
8/30/10,8,22.1,8.5
8/30/10,9,22.1,8.4
8/30/10,10,21,7.7
8/30/10,11,16.3,4
8/30/10,12,13.7,0.8
8/30/10,13,13.2,0.5
8/30/10,14,12.4,0.2
8/30/10,15,11.9,0.1
8/30/10,16,11.7,0
8/30/10,17,11.6,0
8/30/10,18,11.6,0
9/15/10,0,17.1,8.6
9/15/10,1,17.3,8.2
9/15/10,2,17.4,8.1
9/15/10,3,17.4,8.1
9/15/10,4,17.4,8.1
9/15/10,5,17.4,8.1
9/15/10,6,17.4,8.1
9/15/10,7,17.4,8
9/15/10,8,17.4,8
9/15/10,9,17.4,8
9/15/10,10,17.4,8
9/15/10,11,17.3,8
9/15/10,12,16.9,7
9/15/10,13,14.5,0.4
9/15/10,14,12.7,0.1
9/15/10,15,12.1,0.1
9/15/10,16,11.8,0.1
9/15/10,17,11.6,0.1
9/15/10,18,11.5,0.1
9/27/10,0,15.4,8.9
9/27/10,1,15.3,8.9
9/27/10,2,15.3,8.9
9/27/10,3,15.2,8.8
9/27/10,4,15.2,8.7
9/27/10,5,15.2,8.7
9/27/10,6,15.2,8.7
9/27/10,7,15.2,8.6
9/27/10,8,15.2,8.6
9/27/10,9,15.2,8.6
9/27/10,10,15.2,8.5
9/27/10,11,15.2,8.5
9/27/10,12,15.1,8.5
9/27/10,13,15.1,8.5
9/27/10,14,14.9,7.6
9/27/10,15,14.9,7.4
9/27/10,16,14.3,5.1
9/27/10,17,12.2,0.4
9/27/10,18,11.6,0.2
10/14/10,0,14.3,9.4
10/14/10,1,14.3,9.4
10/14/10,2,14.3,9.4
10/14/10,3,14.3,9.4
10/14/10,4,14.3,9.3
10/14/10,5,14.3,9.4
10/14/10,6,14.3,9.3
10/14/10,7,14.3,9
10/14/10,8,14.2,8.4
10/14/10,9,14.1,8
10/14/10,10,14,7.7
10/14/10,11,14,7.4
10/14/10,12,13.8,5.8
10/14/10,13,13.8,5.7
10/14/10,14,13.8,5.2
10/14/10,15,13.8,4.7
10/14/10,16,13.8,4.6
10/14/10,17,13.7,4.2
10/14/10,18,13.7,3.3
10/29/10,0,9.8,9.5
10/29/10,1,9.8,9.3
10/29/10,2,9.8,9.3
10/29/10,3,9.8,9.3
10/29/10,4,9.8,9.3
10/29/10,5,9.8,9.3
10/29/10,6,9.8,9.3
10/29/10,7,9.8,9.3
10/29/10,8,9.8,9.3
10/29/10,9,9.8,9.3
10/29/10,10,9.8,9.3
10/29/10,11,9.8,9.3
10/29/10,12,9.8,9.3
10/29/10,13,9.8,9.3
10/29/10,14,9.8,9.3
10/29/10,15,9.8,9.3
10/29/10,16,9.8,9.2
10/29/10,17,9.8,9.2
10/29/10,18,9.7,9.2
11/11/10,0,7.8,11.2
11/11/10,1,7.8,11.2
11/11/10,2,7.8,11.2
11/11/10,3,7.8,11.2
11/11/10,4,7.8,11.2
11/11/10,5,7.7,11.2
11/11/10,6,7.7,11.2
11/11/10,7,7.7,11.2
11/11/10,8,7.7,11.2
11/11/10,9,7.7,11.2
11/11/10,10,7.7,11.2
11/11/10,11,7.7,11.2
11/11/10,12,7.7,11.2
11/11/10,13,7.7,11.2
11/11/10,14,7.7,11.2
11/11/10,15,7.7,11.2
11/11/10,16,7.7,11.2
11/11/10,17,7.7,11.2
11/11/10,18,7.7,11.2
11/11/10,19,7.7,11.2
1/14/11,0,3,15
1/14/11,1,1.3,13.6
1/14/11,2,1.8,12.5
1/14/11,3,2,11.7
1/14/11,4,2,11.7
1/14/11,5,2.1,11.5
1/14/11,6,2.2,11.5
1/14/11,7,2.3,11.3
1/14/11,8,2.4,10.9
1/14/11,9,2.5,10.6
1/14/11,10,2.7,9.6
1/14/11,11,2.9,9.4
1/14/11,12,3,9.3
1/14/11,13,3.2,7.2
1/14/11,14,3.3,6.8
1/14/11,15,3.3,6.4
1/14/11,16,3.9,1.6
1/14/11,17,4.2,0.5
1/14/11,18,4.3,0.2
1/14/11,19,4.4,0.3
2/16/11,0,0.7,14.2
2/16/11,1,1.1,13.7
2/16/11,2,1.9,12.1
2/16/11,3,2.1,11.4
2/16/11,4,2.3,11.3
2/16/11,5,2.4,11
2/16/11,6,2.5,10.8
2/16/11,7,2.7,10.1
2/16/11,8,2.9,9.6
2/16/11,9,3,9
2/16/11,10,3.2,8.1
2/16/11,11,3.2,7.3
2/16/11,12,3.3,6.6
2/16/11,13,3.5,5.2
2/16/11,14,3.6,5.1
2/16/11,15,3.6,4.8
2/16/11,16,4.2,0.8
2/16/11,17,4.5,0.3
2/16/11,18,4.6,0.2
3/22/11,0,0.9,14.2
3/22/11,1,1.6,14.3
3/22/11,2,3,11.4
3/22/11,3,3.2,11.4
3/22/11,4,3.2,11.4
3/22/11,5,3.3,10.7
3/22/11,6,3.3,10.3
3/22/11,7,3.4,9.3
3/22/11,8,3.5,9
3/22/11,9,3.5,8.9
3/22/11,10,3.7,7.6
3/22/11,11,3.7,6.7
3/22/11,12,3.9,5.6
3/22/11,13,4,4.8
3/22/11,14,4.2,3.5
3/22/11,15,4.5,0.5
3/22/11,16,4.5,0.3
3/22/11,17,4.6,0.2
3/22/11,18,4.8,0.1
3/22/11,19,5.2,0.1
5/5/11,0,6.1,11
5/5/11,1,6,11
5/5/11,2,5.9,11
5/5/11,3,5.8,11
5/5/11,4,5.7,11
5/5/11,5,5.7,10.9
5/5/11,6,5.5,10.9
5/5/11,7,5.5,10.9
5/5/11,8,5.4,10.9
5/5/11,9,5.4,10.9
5/5/11,10,5.4,10.8
5/5/11,11,5.4,10.8
5/5/11,12,5.3,10.8
5/5/11,13,5.3,10.8
5/5/11,14,5.3,10.7
5/5/11,15,5.2,10.7
5/5/11,16,5.1,10.6
5/5/11,17,5,10.5
5/5/11,18,4.8,10.3
5/17/11,0,9.7,10.9
5/17/11,1,9.6,10.9
5/17/11,2,9.5,10.9
5/17/11,3,9.3,11
5/17/11,4,9.1,11
5/17/11,5,9.1,11
5/17/11,6,9,11
5/17/11,7,9,11
5/17/11,8,8.8,10.9
5/17/11,9,8.3,10.8
5/17/11,10,8.2,10.9
5/17/11,11,7.5,10.5
5/17/11,12,7.5,10.4
5/17/11,13,7.3,10
5/17/11,14,7.2,9.9
5/17/11,15,7.1,9.8
5/17/11,16,7.1,9.7
5/17/11,17,7,9.5
5/17/11,18,6.8,8.6
5/31/11,0,14.9,9.8
5/31/11,1,14.8,9.8
5/31/11,2,14.7,9.8
5/31/11,3,14.6,9.8
5/31/11,4,14.6,9.8
5/31/11,5,14.5,9.8
5/31/11,6,14.4,9.8
5/31/11,7,14.3,9.8
5/31/11,8,10.6,10.6
5/31/11,9,9.9,10.8
5/31/11,10,9,10.2
5/31/11,11,8.7,9.9
5/31/11,12,8.5,9.4
5/31/11,13,8.3,8.8
5/31/11,14,8.2,8.3
5/31/11,15,8,7.7
5/31/11,16,7.8,6.7
5/31/11,17,7.8,6.3
5/31/11,18,7.8,6
6/14/11,0,19.1,9.5
6/14/11,1,19,9.5
6/14/11,2,19,9.5
6/14/11,3,18.9,9.5
6/14/11,4,18.9,9.5
6/14/11,5,18.7,9.5
6/14/11,6,17.8,9.6
6/14/11,7,16.5,10
6/14/11,8,14.7,10.3
6/14/11,9,13.9,10.4
6/14/11,10,13.2,10.4
6/14/11,11,11.4,9.9
6/14/11,12,10.5,9
6/14/11,13,9.7,7.5
6/14/11,14,9.4,6.9
6/14/11,15,9,5.9
6/14/11,16,8.9,4.4
6/14/11,17,8.8,3.9
6/14/11,18,8.7,2.2
7/1/11,0,21.5,8.7
7/1/11,1,21.2,8.8
7/1/11,2,20.9,8.8
7/1/11,3,20.8,8.8
7/1/11,4,20.8,8.8
7/1/11,5,19.8,8.8
7/1/11,6,19.2,8.6
7/1/11,7,18.8,8.7
7/1/11,8,17.7,8.5
7/1/11,9,15.7,8.6
7/1/11,10,14,8.6
7/1/11,11,12,8.1
7/1/11,12,11.1,6.8
7/1/11,13,10.4,5.1
7/1/11,14,9.6,3.3
7/1/11,15,9.4,2.3
7/1/11,16,9.1,1.5
7/1/11,17,9.1,1.2
7/1/11,18,9.1,1
7/1/11,19,,
7/12/11,0,24.1,8.5
7/12/11,1,24.1,8.5
7/12/11,2,24.1,8.5
7/12/11,3,24.1,8.5
7/12/11,4,24.1,8.5
7/12/11,5,23.1,8.9
7/12/11,6,21,9.3
7/12/11,7,19.7,9.2
7/12/11,8,18.4,8.9
7/12/11,9,16.9,9.3
7/12/11,10,14.3,9
7/12/11,11,12.8,8.1
7/12/11,12,11.5,6.3
7/12/11,13,10.6,3.7
7/12/11,14,10,2.2
7/12/11,15,9.7,1.4
7/12/11,16,9.5,0.8
7/12/11,17,9.4,0.6
7/12/11,18,9.4,0.6
7/27/11,0,24.3,8.4
7/27/11,1,24.3,8.4
7/27/11,2,24.3,8.3
7/27/11,3,24.4,8.3
7/27/11,4,24.4,8.3
7/27/11,5,24.4,8.3
7/27/11,6,24.3,8.3
7/27/11,7,22.5,8.9
7/27/11,8,19.8,8.7
7/27/11,9,17.5,9.3
7/27/11,10,15.5,9.1
7/27/11,11,13.6,8
7/27/11,12,12.1,5.6
7/27/11,13,10.8,2.3
7/27/11,14,10.3,1.4
7/27/11,15,10,0.8
7/27/11,16,9.8,0.6
7/27/11,17,9.7,0.5
7/27/11,18,9.6,0.5
8/9/11,0,24.2,8.5
8/9/11,1,24.3,8.4
8/9/11,2,24.3,8.4
8/9/11,3,24.3,8.4
8/9/11,4,24.3,8.4
8/9/11,5,24.3,8.4
8/9/11,6,24.3,8.4
8/9/11,7,24.1,8.3
8/9/11,8,21.9,8.9
8/9/11,9,19.1,8.9
8/9/11,10,16.1,9.1
8/9/11,11,13.5,6.9
8/9/11,12,12.3,4.6
8/9/11,13,11.1,1.4
8/9/11,14,10.4,0.7
8/9/11,15,10,0.5
8/9/11,16,9.8,0.4
8/9/11,17,9.7,0.4
8/9/11,18,9.6,0.4
8/23/11,0,22.7,8.4
8/23/11,1,22.7,8.4
8/23/11,2,22.7,8.4
8/23/11,3,22.7,8.4
8/23/11,4,22.7,8.3
8/23/11,5,22.6,8.3
8/23/11,6,22.6,8.3
8/23/11,7,22.5,8.3
8/23/11,8,22.5,8.3
8/23/11,9,22.1,8.3
8/23/11,10,16.6,9.1
8/23/11,11,14.4,7.5
8/23/11,12,12.7,4
8/23/11,13,11.2,1.1
8/23/11,14,10.5,0.6
8/23/11,15,10.1,0.6
8/23/11,16,9.9,0.4
8/23/11,17,9.7,0.4
8/23/11,18,9.7,0.4
9/6/11,0,20.9,8.6
9/6/11,1,20.9,8.5
9/6/11,2,20.8,8.5
9/6/11,3,20.8,8.5
9/6/11,4,20.8,8.5
9/6/11,5,20.8,8.5
9/6/11,6,20.7,8.4
9/6/11,7,20.7,8.4
9/6/11,8,20.7,8.4
9/6/11,9,20.6,8.3
9/6/11,10,19.8,8.1
9/6/11,11,15.4,6.7
9/6/11,12,13,2.7
9/6/11,13,11.8,1.4
9/6/11,14,10.9,0.6
9/6/11,15,10.2,0.5
9/6/11,16,9.9,0.5
9/6/11,17,9.8,0.5
9/6/11,18,9.7,0.4
9/19/11,0,18.2,8.7
9/19/11,1,18.1,8.7
9/19/11,2,18.1,8.7
9/19/11,3,18,8.7
9/19/11,4,18,8.7
9/19/11,5,17.9,8.6
9/19/11,6,17.9,8.6
9/19/11,7,17.8,8.5
9/19/11,8,17.8,8.5
9/19/11,9,17.7,8.4
9/19/11,10,17.6,8.4
9/19/11,11,14.5,4.1
9/19/11,12,12.2,1.5
9/19/11,13,11.1,0.7
9/19/11,14,10.5,0.6
9/19/11,15,10.1,0.5
9/19/11,16,9.9,0.5
9/19/11,17,9.7,0.5
9/19/11,18,9.6,0.4
10/3/11,0,15.2,9
10/3/11,1,15.1,9
10/3/11,2,15,8.9
10/3/11,3,14.9,8.9
10/3/11,4,14.7,8.9
10/3/11,5,14.6,8.8
10/3/11,6,14.5,8.8
10/3/11,7,14.5,8.8
10/3/11,8,14.5,8.8
10/3/11,9,14.4,8.7
10/3/11,10,14.4,8.7
10/3/11,11,14.3,8.4
10/3/11,12,14.2,8.4
10/3/11,13,13.8,7.4
10/3/11,14,12.9,4.5
10/3/11,15,10.8,0.8
10/3/11,16,10,0.6
10/3/11,17,9.9,0.6
10/3/11,18,9.8,0.5
10/18/11,0,12.4,9.6
10/18/11,1,12.5,9.6
10/18/11,2,12.5,9.5
10/18/11,3,12.5,9.5
10/18/11,4,12.5,9.5
10/18/11,5,12.5,9.4
10/18/11,6,12.5,9.4
10/18/11,7,12.5,9.4
10/18/11,8,12.5,9.4
10/18/11,9,12.5,9.3
10/18/11,10,12.5,9.2
10/18/11,11,12.5,9.1
10/18/11,12,12.4,9.1
10/18/11,13,12.3,9
10/18/11,14,12.3,9
10/18/11,15,12.2,9
10/18/11,16,12.2,9
10/18/11,17,12.2,9
10/18/11,18,12.2,9
11/1/11,0,9.4,9.6
11/1/11,1,9.2,9.7
11/1/11,2,9.2,9.6
11/1/11,3,9.1,9.6
11/1/11,4,9.1,9.6
11/1/11,5,9.1,9.6
11/1/11,6,9.1,9.6
11/1/11,7,9.1,9.6
11/1/11,8,9.1,9.6
11/1/11,9,9.1,9.5
11/1/11,10,9.1,9.5
11/1/11,11,9.1,9.5
11/1/11,12,9,9.5
11/1/11,13,9,9.5
11/1/11,14,9,9.5
11/1/11,15,9,9.4
11/1/11,16,9,9.4
11/1/11,17,9,9.4
11/1/11,18,9,9.4
11/15/11,0,6.2,11.1
11/15/11,1,6.2,11.1
11/15/11,2,6.2,11.1
11/15/11,3,6.2,11
11/15/11,4,6.1,11
11/15/11,5,6.1,11
11/15/11,6,6.1,11
11/15/11,7,6.1,10.9
11/15/11,8,6.1,10.9
11/15/11,9,6.1,10.9
11/15/11,10,6.1,10.8
11/15/11,11,6.1,10.8
11/15/11,12,6.1,10.8
11/15/11,13,6.1,10.7
11/15/11,14,6,10.7
11/15/11,15,6,10.7
11/15/11,16,6,10.7
11/15/11,17,6,10.6
11/15/11,18,5.9,10.7
1/11/12,0,2.5,11.9
1/11/12,1,2.4,12
1/11/12,2,3.2,11.3
1/11/12,3,3.2,11.3
1/11/12,4,3.3,10.8
1/11/12,5,3.4,10.6
1/11/12,6,3.4,10.6
1/11/12,7,3.6,10.5
1/11/12,8,3.6,10.5
1/11/12,9,3.7,10.3
1/11/12,10,3.8,9.7
1/11/12,11,3.9,9
1/11/12,12,4,8.2
1/11/12,13,4.1,7.9
1/11/12,14,4.3,7
1/11/12,15,4.4,6.1
1/11/12,16,4.4,6.6
1/11/12,17,4.5,4.6
1/11/12,18,4.7,1.3
2/20/12,0,1.7,11.8
2/20/12,1,1.7,11.8
2/20/12,2,2.8,11.2
2/20/12,3,3.3,10.8
2/20/12,4,3.5,10.4
2/20/12,5,3.7,9.9
2/20/12,6,3.8,9.5
2/20/12,7,3.9,9.1
2/20/12,8,4,8.8
2/20/12,9,4.1,8.3
2/20/12,10,4.3,7.5
2/20/12,11,4.3,6.7
2/20/12,12,4.3,6.5
2/20/12,13,4.4,5.8
2/20/12,14,4.5,5.4
2/20/12,15,4.6,5.2
2/20/12,16,4.8,1.7
2/20/12,17,4.8,1.4
2/20/12,18,4.9,0.8
4/3/12,0,7,11.4
4/3/12,1,6.9,11.4
4/3/12,2,6.9,11.4
4/3/12,3,6.8,11.4
4/3/12,4,6.8,11.4
4/3/12,5,6.8,11.4
4/3/12,6,6.7,11.4
4/3/12,7,6.6,11.4
4/3/12,8,6.6,11.4
4/3/12,9,6.6,11.3
4/3/12,10,6.6,11.3
4/3/12,11,6.6,11.3
4/3/12,12,6.5,11.3
4/3/12,13,6.5,11.2
4/3/12,14,6.4,11.2
4/3/12,15,6.4,11.2
4/3/12,16,6.4,11.2
4/3/12,17,6.2,10.9
4/3/12,18,6.2,10.7
4/19/12,0,8.4,11.1
4/19/12,1,8.3,11.1
4/19/12,2,8.3,11.1
4/19/12,3,8.2,11.2
4/19/12,4,8.2,11.2
4/19/12,5,8.2,11.2
4/19/12,6,8.1,11.2
4/19/12,7,8.1,11.1
4/19/12,8,8.1,11.1
4/19/12,9,8.1,11.1
4/19/12,10,8.1,11.1
4/19/12,11,8.1,11.1
4/19/12,12,8.1,11
4/19/12,13,8.1,11
4/19/12,14,8,11
4/19/12,15,8,11
4/19/12,16,8,11
4/19/12,17,8,10.9
4/19/12,18,8,10.8
4/30/12,0,10.1,11.1
4/30/12,1,10.1,11.1
4/30/12,2,10.1,11.1
4/30/12,3,10,11.1
4/30/12,4,9.9,11.1
4/30/12,5,9.8,11.1
4/30/12,6,9.7,11
4/30/12,7,9.6,11
4/30/12,8,9.3,11
4/30/12,9,9.2,10.9
4/30/12,10,9.1,10.9
4/30/12,11,9,10.8
4/30/12,12,9,10.7
4/30/12,13,8.8,10.6
4/30/12,14,8.7,10.3
4/30/12,15,8.6,10.2
4/30/12,16,8.4,9.3
4/30/12,17,8.4,9.1
4/30/12,18,8.4,8.7
5/17/12,0,15.6,10.3
5/17/12,1,15.5,10.3
5/17/12,2,15.4,10.2
5/17/12,3,15.3,10.2
5/17/12,4,15.2,10.2
5/17/12,5,15.2,10.2
5/17/12,6,15.2,10.2
5/17/12,7,13.8,10.7
5/17/12,8,12.2,10.9
5/17/12,9,11.6,10.8
5/17/12,10,10.9,10.7
5/17/12,11,10.3,10.5
5/17/12,12,10,9.7
5/17/12,13,9.5,8.5
5/17/12,14,9.5,8.4
5/17/12,15,9.4,8.1
5/17/12,16,9.3,7.7
5/17/12,17,9.3,7.6
5/17/12,18,9.3,7.4
5/29/12,0,17.8,9.4
5/29/12,1,17.8,9.4
5/29/12,2,17.8,9.4
5/29/12,3,17.8,9.4
5/29/12,4,17.8,9.4
5/29/12,5,17.7,9.4
5/29/12,6,17.7,9.4
5/29/12,7,17.7,9.4
5/29/12,8,17.7,9.3
5/29/12,9,17.6,9.3
5/29/12,10,15.2,9.4
5/29/12,11,10.9,9.5
5/29/12,12,10.4,9
5/29/12,13,10.1,8.1
5/29/12,14,10,7.6
5/29/12,15,9.9,7
5/29/12,16,9.8,6.8
5/29/12,17,9.8,6.5
5/29/12,18,9.7,6.1
6/13/12,0,20.2,8.9
6/13/12,1,20.2,8.9
6/13/12,2,20.2,8.9
6/13/12,3,20.2,8.9
6/13/12,4,20.2,8.9
6/13/12,5,20.1,8.9
6/13/12,6,20.1,8.9
6/13/12,7,20.1,8.8
6/13/12,8,19.3,9
6/13/12,9,17.2,9.5
6/13/12,10,14.9,9.4
6/13/12,11,12.6,8.9
6/13/12,12,11.6,8.3
6/13/12,13,10.8,7
6/13/12,14,10.4,5.9
6/13/12,15,10.2,5
6/13/12,16,10.2,4.4
6/13/12,17,10.1,4.2
6/13/12,18,10.1,3.8
6/25/12,0,21.4,8.8
6/25/12,1,21.4,8.8
6/25/12,2,21.3,8.8
6/25/12,3,21.3,8.8
6/25/12,4,21.3,8.8
6/25/12,5,21.2,8.7
6/25/12,6,21,8.7
6/25/12,7,20.9,8.6
6/25/12,8,19.8,8.5
6/25/12,9,18.8,8.5
6/25/12,10,16.4,8.6
6/25/12,11,13.5,8.1
6/25/12,12,12,7.3
6/25/12,13,11.4,6.3
6/25/12,14,10.8,4.5
6/25/12,15,10.5,3.5
6/25/12,16,10.3,2.3
6/25/12,17,10.3,2.1
6/25/12,18,10.3,1.9
7/10/12,0,26.2,8.4
7/10/12,1,25.8,8.5
7/10/12,2,25.6,8.4
7/10/12,3,25.5,8.4
7/10/12,4,25.4,8.4
7/10/12,5,25.3,8.4
7/10/12,6,25.2,8.4
7/10/12,7,23,9.3
7/10/12,8,21.9,9.5
7/10/12,9,20.1,9.3
7/10/12,10,17.6,9.4
7/10/12,11,15.7,8.2
7/10/12,12,13.2,6.5
7/10/12,13,11.8,4.3
7/10/12,14,11.3,2.6
7/10/12,15,10.8,1
7/10/12,16,10.7,0.6
7/10/12,17,10.6,0.4
7/10/12,18,10.6,0.3
7/23/12,0,25.8,8.2
7/23/12,1,25.8,8.2
7/23/12,2,25.8,8.2
7/23/12,3,25.8,8.2
7/23/12,4,25.7,8.3
7/23/12,5,25.5,8.4
7/23/12,6,25.4,8.5
7/23/12,7,25.2,8.4
7/23/12,8,23.9,8.9
7/23/12,9,21.2,9.3
7/23/12,10,18.7,9.5
7/23/12,11,15.8,8.2
7/23/12,12,13.4,5.5
7/23/12,13,12.3,3.5
7/23/12,14,11.5,1.4
7/23/12,15,11.1,0.6
7/23/12,16,10.9,0.3
7/23/12,17,10.8,0.2
7/23/12,18,10.7,0.2
8/9/12,0,23,8.4
8/9/12,1,23.1,8.4
8/9/12,2,23.1,8.3
8/9/12,3,23.2,8.3
8/9/12,4,23.2,8.3
8/9/12,5,23.2,8.3
8/9/12,6,23.2,8.3
8/9/12,7,23.2,8.3
8/9/12,8,23.2,8.2
8/9/12,9,23.1,8.2
8/9/12,10,21,8.4
8/9/12,11,16.4,7.6
8/9/12,12,14.4,5.4
8/9/12,13,12.6,1.7
8/9/12,14,11.7,0.6
8/9/12,15,11.2,0.2
8/9/12,16,10.8,0.2
8/9/12,17,10.7,0.2
8/9/12,18,10.7,0.2
8/20/12,0,21.3,8.6
8/20/12,1,21.3,8.6
8/20/12,2,21.3,8.5
8/20/12,3,21.3,8.5
8/20/12,4,21.3,8.5
8/20/12,5,21.3,8.5
8/20/12,6,21.2,8.4
8/20/12,7,21.2,8.4
8/20/12,8,21.2,8.4
8/20/12,9,21.2,8.3
8/20/12,10,21.1,8.3
8/20/12,11,18.2,7.4
8/20/12,12,14.4,4
8/20/12,13,13,1.2
8/20/12,14,12,0.6
8/20/12,15,11.3,0.2
8/20/12,16,10.9,0.2
8/20/12,17,10.6,0.2
8/20/12,18,10.5,0.1
8/20/12,19,,
9/4/12,0,22.5,8.6
9/4/12,1,22.5,8.6
9/4/12,2,22.5,8.6
9/4/12,3,22.5,8.5
9/4/12,4,22.5,8.5
9/4/12,5,22.5,8.5
9/4/12,6,22.5,8.5
9/4/12,7,22.3,8.3
9/4/12,8,22.1,8.2
9/4/12,9,21.9,8
9/4/12,10,20.8,7.1
9/4/12,11,19.6,6.1
9/4/12,12,15.4,2.8
9/4/12,13,13.3,0.6
9/4/12,14,12.4,0.3
9/4/12,15,11.5,0.2
9/4/12,16,11.2,0.2
9/4/12,17,11,0.2
9/4/12,18,10.7,0.2
9/17/12,0,18.8,8.7
9/17/12,1,18.8,8.6
9/17/12,2,18.9,8.6
9/17/12,3,18.9,8.6
9/17/12,4,18.9,8.5
9/17/12,5,18.9,8.5
9/17/12,6,18.9,8.5
9/17/12,7,18.9,8.5
9/17/12,8,18.9,8.5
9/17/12,9,18.9,8.4
9/17/12,10,18.9,8.4
9/17/12,11,18.9,8.4
9/17/12,12,18.2,6.4
9/17/12,13,15.9,1.7
9/17/12,14,12.5,0.3
9/17/12,15,11.6,0.2
9/17/12,16,11.2,0.2
9/17/12,17,11,0.2
9/17/12,18,10.9,0.2
10/1/12,0,15.4,9.7
10/1/12,1,15.3,9.7
10/1/12,2,15.2,9.7
10/1/12,3,15.1,9.7
10/1/12,4,15,9.7
10/1/12,5,15,9.7
10/1/12,6,15,9.6
10/1/12,7,15,9.6
10/1/12,8,14.9,9.5
10/1/12,9,14.8,9.3
10/1/12,10,14.7,9.1
10/1/12,11,14.6,8.5
10/1/12,12,14.5,8.3
10/1/12,13,14.5,7.3
10/1/12,14,14.4,6.7
10/1/12,15,13.5,1.1
10/1/12,16,11.7,0.3
10/1/12,17,11,0.2
10/1/12,18,10.8,0.2
10/17/12,0,10.3,9.6
10/17/12,1,10.2,9.6
10/17/12,2,10.2,9.6
10/17/12,3,10.2,9.5
10/17/12,4,10.2,9.5
10/17/12,5,10.2,9.5
10/17/12,6,10.2,9.5
10/17/12,7,10.1,9.5
10/17/12,8,10.2,9.4
10/17/12,9,10.1,9.4
10/17/12,10,10.1,9.4
10/17/12,11,10.1,9.3
10/17/12,12,10,9.1
10/17/12,13,10,9.1
10/17/12,14,9.9,9.1
10/17/12,15,9.9,9
10/17/12,16,9.9,8.8
10/17/12,17,9.9,8.4
10/17/12,18,9.9,8.2
10/29/12,0,9.1,10.4
10/29/12,1,9.1,10.2
10/29/12,2,9.1,10.1
10/29/12,3,9.1,10
10/29/12,4,9.1,10
10/29/12,5,9.1,9.9
10/29/12,6,9.1,9.9
10/29/12,7,9.1,9.8
10/29/12,8,9.1,9.8
10/29/12,9,9.1,9.8
10/29/12,10,9.1,9.8
10/29/12,11,9,9.8
10/29/12,12,9,9.7
10/29/12,13,9,9.7
10/29/12,14,9,9.6
10/29/12,15,9,9.6
10/29/12,16,9,9.5
10/29/12,17,8.9,9.3
10/29/12,18,8.9,9.2
11/13/12,0,5.5,10.9
11/13/12,1,5.5,10.8
11/13/12,2,5.4,10.8
11/13/12,3,5.4,10.8
11/13/12,4,5.4,10.8
11/13/12,5,5.4,10.7
11/13/12,6,5.4,10.7
11/13/12,7,5.3,10.7
11/13/12,8,5.4,10.7
11/13/12,9,5.4,10.7
11/13/12,10,5.3,10.6
11/13/12,11,5.3,10.6
11/13/12,12,5.4,10.6
11/13/12,13,5.4,10.6
11/13/12,14,5.4,10.6
11/13/12,15,5.3,10.6
11/13/12,16,5.3,10.5
11/13/12,17,5.3,10.5
11/13/12,18,5.3,10.5
11/13/12,19,,
1/18/13,0,0.4,15.1
1/18/13,1,2,12.8
1/18/13,2,2.2,12.5
1/18/13,3,2.2,12.3
1/18/13,4,2.3,12
1/18/13,5,2.3,11.8
1/18/13,6,2.4,11.5
1/18/13,7,2.5,11.3
1/18/13,8,2.5,11.3
1/18/13,9,2.6,10.8
1/18/13,10,2.7,10.6
1/18/13,11,2.8,9.8
1/18/13,12,3,9.3
1/18/13,13,3.1,8.5
1/18/13,14,3.2,8.6
1/18/13,15,3.3,8.6
1/18/13,16,3.6,5.2
1/18/13,17,3.7,3.6
1/18/13,18,3.8,0.8
2/22/13,0,0.3,13.4
2/22/13,1,1.1,13.2
2/22/13,2,2.1,12.5
2/22/13,3,2.3,12.1
2/22/13,4,2.5,11.7
2/22/13,5,2.6,11.1
2/22/13,6,2.7,10.9
2/22/13,7,2.8,10.6
2/22/13,8,2.9,10.5
2/22/13,9,3,10.3
2/22/13,10,3.1,9.9
2/22/13,11,3.3,8.8
2/22/13,12,3.4,8.5
2/22/13,13,3.5,8
2/22/13,14,3.6,7.2
2/22/13,15,3.7,6.8
2/22/13,16,3.9,3.7
2/22/13,17,4.2,1.7
2/22/13,18,4.4,0.6
3/29/13,0,0.4,12.4
3/29/13,1,0.7,12.6
3/29/13,2,1.9,12
3/29/13,3,2.4,11.9
3/29/13,4,2.6,11.8
3/29/13,5,2.8,10.3
3/29/13,6,3,9.8
3/29/13,7,3.1,9.3
3/29/13,8,3.2,9.2
3/29/13,9,3.3,8.7
3/29/13,10,3.4,8.4
3/29/13,11,3.5,7
3/29/13,12,3.6,6.5
3/29/13,13,3.7,6.4
3/29/13,14,3.8,5.4
3/29/13,15,4,2.8
3/29/13,16,4.4,0.8
3/29/13,17,4.5,0.3
3/29/13,18,4.7,0.3
5/15/13,0,6.8,11.1
5/15/13,1,6.6,11.2
5/15/13,2,6.6,11.1
5/15/13,3,6.5,11.1
5/15/13,4,6.5,11.1
5/15/13,5,6.5,11.1
5/15/13,6,6.4,11.1
5/15/13,7,6.4,11.1
5/15/13,8,6.4,11.1
5/15/13,9,6.2,11.1
5/15/13,10,6,11
5/15/13,11,5.9,11
5/15/13,12,5.9,10.9
5/15/13,13,5.9,10.9
5/15/13,14,5.8,10.9
5/15/13,15,5.8,10.9
5/15/13,16,5.7,10.8
5/15/13,17,5.6,10.8
5/15/13,18,5.6,10.7
5/28/13,0,14,11.1
5/28/13,1,14,11.1
5/28/13,2,13.9,11.1
5/28/13,3,13.9,11.1
5/28/13,4,13.8,11.1
5/28/13,5,11.9,12.8
5/28/13,6,10.3,13.5
5/28/13,7,8.7,14
5/28/13,8,8.1,13.6
5/28/13,9,7.1,13.2
5/28/13,10,6.8,12
5/28/13,11,6.6,11
5/28/13,12,6.4,10.2
5/28/13,13,6.3,9.7
5/28/13,14,6.2,8.7
5/28/13,15,6.2,8.2
5/28/13,16,6.2,7.9
5/28/13,17,6.1,7.7
5/28/13,18,6.1,5.3
6/10/13,0,17.3,10.2
6/10/13,1,15.9,10.5
6/10/13,2,15.7,10.4
6/10/13,3,15.6,10.4
6/10/13,4,15.6,10.4
6/10/13,5,15.4,10.4
6/10/13,6,14,10.9
6/10/13,7,10.8,13.3
6/10/13,8,8.9,13.3
6/10/13,9,7.8,12.4
6/10/13,10,7.3,12
6/10/13,11,7,10.1
6/10/13,12,6.7,9
6/10/13,13,6.6,8.2
6/10/13,14,6.5,7.5
6/10/13,15,6.4,5.9
6/10/13,16,6.4,4.4
6/10/13,17,6.3,3.4
6/10/13,18,6.3,2.6
6/24/13,0,20.6,8.9
6/24/13,1,20.2,8.9
6/24/13,2,20.1,8.9
6/24/13,3,20,8.9
6/24/13,4,19.9,8.9
6/24/13,5,19.6,9
6/24/13,6,15.7,10
6/24/13,7,13.5,10.7
6/24/13,8,10.8,11.5
6/24/13,9,9.9,11.5
6/24/13,10,8.6,11.3
6/24/13,11,8.2,10.5
6/24/13,12,7.6,9.3
6/24/13,13,7.3,8.2
6/24/13,14,7.1,6.8
6/24/13,15,7,6.1
6/24/13,16,6.8,4.2
6/24/13,17,6.8,3.6
6/24/13,18,6.7,2.2
7/8/13,0,23.6,8.6
7/8/13,1,23.6,8.5
7/8/13,2,23.6,8.5
7/8/13,3,23.5,8.5
7/8/13,4,23.4,8.5
7/8/13,5,22.3,8.7
7/8/13,6,20.4,9.3
7/8/13,7,17,10.7
7/8/13,8,13.6,11.1
7/8/13,9,11.3,11
7/8/13,10,10.1,10.8
7/8/13,11,9.3,10.3
7/8/13,12,8.3,9
7/8/13,13,7.9,6.8
7/8/13,14,7.6,5.6
7/8/13,15,7.5,4.6
7/8/13,16,7.4,2.6
7/8/13,17,7.3,1.7
7/8/13,18,7.2,1.1
7/25/13,0,22.7,8.6
7/25/13,1,22.7,8.6
7/25/13,2,22.8,8.5
7/25/13,3,22.7,8.5
7/25/13,4,22.7,8.5
7/25/13,5,22.6,8.5
7/25/13,6,22.5,8.6
7/25/13,7,21.9,9.5
7/25/13,8,14.6,12.1
7/25/13,9,12.3,11.2
7/25/13,10,10.3,10.2
7/25/13,11,9.3,8.8
7/25/13,12,8.8,7.4
7/25/13,13,8.3,5.5
7/25/13,14,8,3.2
7/25/13,15,7.7,1.7
7/25/13,16,7.6,0.8
7/25/13,17,7.5,0.4
7/25/13,18,7.5,0.4
8/7/13,0,21.1,8.8
8/7/13,1,21.1,8.8
8/7/13,2,21.1,8.8
8/7/13,3,21.1,8.8
8/7/13,4,21.1,8.8
8/7/13,5,21,8.8
8/7/13,6,20.9,8.6
8/7/13,7,20.8,8.6
8/7/13,8,17.7,10.6
8/7/13,9,14.8,12
8/7/13,10,11.6,10.9
8/7/13,11,10.4,9.4
8/7/13,12,9.1,6.8
8/7/13,13,8.4,3.4
8/7/13,14,8.1,1.9
8/7/13,15,7.9,1.2
8/7/13,16,7.8,0.6
8/7/13,17,7.6,0.3
8/7/13,18,7.6,0.2
8/7/13,19,,
8/20/13,0,22.2,8.6
8/20/13,1,22.1,8.7
8/20/13,2,22,8.7
8/20/13,3,22,8.7
8/20/13,4,21.9,8.7
8/20/13,5,21.7,8.7
8/20/13,6,21.6,8.7
8/20/13,7,21.3,8.7
8/20/13,8,19.7,9.3
8/20/13,9,16.9,10.5
8/20/13,10,12.3,10.9
8/20/13,11,10.6,9.1
8/20/13,12,9.4,5.6
8/20/13,13,8.6,2.5
8/20/13,14,8.3,1.5
8/20/13,15,8.1,0.8
8/20/13,16,7.8,0.4
8/20/13,17,7.8,0.3
8/20/13,18,7.7,0.2
9/3/13,0,21.7,8.5
9/3/13,1,21.7,8.5
9/3/13,2,21.6,8.5
9/3/13,3,21.7,8.5
9/3/13,4,21.6,8.5
9/3/13,5,21.6,8.5
9/3/13,6,21.6,8.4
9/3/13,7,21.6,8.4
9/3/13,8,21.6,8.4
9/3/13,9,17.4,10.1
9/3/13,10,13.8,10.4
9/3/13,11,11.3,8
9/3/13,12,9.9,5.2
9/3/13,13,9,2.4
9/3/13,14,8.4,0.6
9/3/13,15,8.2,0.3
9/3/13,16,8,0.2
9/3/13,17,8,0.2
9/3/13,18,7.9,0.2
9/18/13,0,18.8,8.9
9/18/13,1,18.8,8.9
9/18/13,2,18.8,8.9
9/18/13,3,18.8,8.8
9/18/13,4,18.8,8.8
9/18/13,5,18.8,8.8
9/18/13,6,18.8,8.8
9/18/13,7,18.8,8.8
9/18/13,8,18.7,8.8
9/18/13,9,18.7,8.8
9/18/13,10,16.5,9
9/18/13,11,11.7,7.4
9/18/13,12,10.2,4.1
9/18/13,13,9.1,1
9/18/13,14,8.7,0.3
9/18/13,15,8.4,0.2
9/18/13,16,8.2,0.2
9/18/13,17,8,0.2
9/18/13,18,8,0.2
9/30/13,0,17.2,9.1
9/30/13,1,17.2,9.1
9/30/13,2,17.2,9
9/30/13,3,17.1,9
9/30/13,4,17.1,9
9/30/13,5,17.1,9
9/30/13,6,17.1,9
9/30/13,7,17.1,9
9/30/13,8,17,9
9/30/13,9,17,8.9
9/30/13,10,16.9,8.9
9/30/13,11,15.7,7.9
9/30/13,12,11.2,4.3
9/30/13,13,9.6,1.1
9/30/13,14,8.9,0.4
9/30/13,15,8.5,0.3
9/30/13,16,8.3,0.3
9/30/13,17,8.2,0.2
9/30/13,18,8.1,0.2
10/16/13,0,13.6,9.3
10/16/13,1,13.7,9.2
10/16/13,2,13.7,9.2
10/16/13,3,13.8,9.2
10/16/13,4,13.8,9.1
10/16/13,5,13.8,9.1
10/16/13,6,13.8,9.1
10/16/13,7,13.8,9.1
10/16/13,8,13.8,9.1
10/16/13,9,13.8,9
10/16/13,10,13.8,9
10/16/13,11,13.8,9
10/16/13,12,13.8,9
10/16/13,13,13.8,8.9
10/16/13,14,9.3,0.5
10/16/13,15,8.6,0.4
10/16/13,16,8.3,0.3
10/16/13,17,8.2,0.3
10/16/13,18,8.1,0.3
10/28/13,0,8.7,10.1
10/28/13,1,8.8,10
10/28/13,2,8.8,10
10/28/13,3,8.8,10
10/28/13,4,8.7,9.9
10/28/13,5,8.7,9.9
10/28/13,6,8.7,9.9
10/28/13,7,8.7,9.9
10/28/13,8,8.7,9.9
10/28/13,9,8.7,9.8
10/28/13,10,8.7,9.8
10/28/13,11,8.7,9.8
10/28/13,12,8.6,9.8
10/28/13,13,8.6,9.8
10/28/13,14,8.6,9.7
10/28/13,15,8.5,9.7
10/28/13,16,8.5,9.7
10/28/13,17,8.5,9.7
10/28/13,18,8.5,9.7
10/28/13,19,,
11/14/13,0,4.5,11.5
11/14/13,1,4.4,11.5
11/14/13,2,4.4,11.5
11/14/13,3,4.4,11.5
11/14/13,4,4.4,11.4
11/14/13,5,4.4,11.4
11/14/13,6,4.4,11.4
11/14/13,7,4.4,11.4
11/14/13,8,4.4,11.4
11/14/13,9,4.4,11.3
11/14/13,10,4.4,11.3
11/14/13,11,4.3,11.3
11/14/13,12,4.3,11.3
11/14/13,13,4.3,11.3
11/14/13,14,4.3,11.3
11/14/13,15,4.3,11.3
11/14/13,16,4.3,11.2
11/14/13,17,4.3,11.2
11/14/13,18,4.3,11.2
11/14/13,19,,
1/30/14,0,0.3,14.1
1/30/14,1,0.8,13.4
1/30/14,2,1.6,12.7
1/30/14,3,1.9,12.2
1/30/14,4,2,11.9
1/30/14,5,2.2,11.6
1/30/14,6,2.3,11.4
1/30/14,7,2.5,10.9
1/30/14,8,2.6,10.1
1/30/14,9,2.8,10.1
1/30/14,10,2.9,10.1
1/30/14,11,3,9.2
1/30/14,12,3.1,8.4
1/30/14,13,3.2,6.6
1/30/14,14,3.4,6
1/30/14,15,3.5,3.9
1/30/14,16,3.7,2
1/30/14,17,3.8,0.8
1/30/14,18,4,0.6
3/4/14,0,0.3,13.2
3/4/14,1,0.4,13.2
3/4/14,2,1.5,12.4
3/4/14,3,2,11.8
3/4/14,4,2.2,11.5
3/4/14,5,2.4,11.1
3/4/14,6,2.5,10.6
3/4/14,7,2.7,9.6
3/4/14,8,2.9,9.1
3/4/14,9,3,8.5
3/4/14,10,3.2,8.4
3/4/14,11,3.3,7.2
3/4/14,12,3.4,5.9
3/4/14,13,3.6,4.5
3/4/14,14,3.7,4.6
3/4/14,15,3.8,2
3/4/14,16,4,1
3/4/14,17,4.1,0.7
3/4/14,18,4.3,0.6
3/4/14,19,,
3/27/14,0,0.6,12.1
3/27/14,1,0.6,12.8
3/27/14,2,1.6,12.1
3/27/14,3,2.1,11.5
3/27/14,4,2.3,11.1
3/27/14,5,2.5,10.3
3/27/14,6,2.7,9.5
3/27/14,7,2.9,8.8
3/27/14,8,3.1,8
3/27/14,9,3.2,7.2
3/27/14,10,3.3,6.5
3/27/14,11,3.4,5.3
3/27/14,12,3.5,4.6
3/27/14,13,3.7,3.3
3/27/14,14,3.8,2.3
3/27/14,15,3.9,0.7
3/27/14,16,4,0.5
3/27/14,17,4.2,0.4
3/27/14,18,4.4,0.4
5/20/14,0,9.2,11.8
5/20/14,1,9,11.9
5/20/14,2,8.9,12
5/20/14,3,8.8,12
5/20/14,4,8.8,11.9
5/20/14,5,8.8,11.9
5/20/14,6,8.7,11.8
5/20/14,7,8.7,11.8
5/20/14,8,8,11.6
5/20/14,9,7.8,11.5
5/20/14,10,7.3,11.4
5/20/14,11,7.2,11.4
5/20/14,12,7,11.1
5/20/14,13,6.7,10.7
5/20/14,14,6.6,10.4
5/20/14,15,6.5,10.3
5/20/14,16,6.5,10.3
5/20/14,17,6.5,10.2
5/20/14,18,6.3,9.6
6/2/14,0,19.9,9.3
6/2/14,1,19.9,9.3
6/2/14,2,19.8,9.3
6/2/14,3,19,9.6
6/2/14,4,15,12.1
6/2/14,5,12.5,12.6
6/2/14,6,10.7,13.2
6/2/14,7,9.7,13.3
6/2/14,8,9.3,13.2
6/2/14,9,8.6,12.9
6/2/14,10,8.3,12.8
6/2/14,11,7.6,11.8
6/2/14,12,7.2,10.5
6/2/14,13,6.9,9.5
6/2/14,14,6.9,9.2
6/2/14,15,6.8,8.7
6/2/14,16,6.7,8.2
6/2/14,17,6.7,8
6/2/14,18,6.6,7.9
6/16/14,0,17.3,9.4
6/16/14,1,17.2,9.5
6/16/14,2,17.1,9.5
6/16/14,3,17.1,9.5
6/16/14,4,17.1,9.4
6/16/14,5,17,9.4
6/16/14,6,16.9,9.5
6/16/14,7,13,11.6
6/16/14,8,11,11.8
6/16/14,9,10.1,12
6/16/14,10,9,11
6/16/14,11,8.3,10.9
6/16/14,12,8,10.2
6/16/14,13,7.8,9.7
6/16/14,14,7.6,8.8
6/16/14,15,7.4,8.1
6/16/14,16,7.2,6.9
6/16/14,17,7.1,6.5
6/16/14,18,7.1,6.5
7/15/14,0,20.1,8.9
7/15/14,1,20.2,8.9
7/15/14,2,20.2,8.9
7/15/14,3,20.2,8.9
7/15/14,4,20.2,8.8
7/15/14,5,20.2,8.8
7/15/14,6,20.2,8.8
7/15/14,7,20.2,8.8
7/15/14,8,16.1,10.9
7/15/14,9,12.5,11.2
7/15/14,10,11.1,10.9
7/15/14,11,9.9,9.8
7/15/14,12,9.2,8.6
7/15/14,13,8.7,7.3
7/15/14,14,8.4,6
7/15/14,15,8.1,4.5
7/15/14,16,7.9,3.5
7/15/14,17,7.8,3.2
7/15/14,18,7.8,3
7/28/14,0,21.5,8.6
7/28/14,1,21.5,8.7
7/28/14,2,21.5,8.6
7/28/14,3,21.5,8.6
7/28/14,4,21.5,8.6
7/28/14,5,21.4,8.6
7/28/14,6,21.4,8.6
7/28/14,7,21.3,8.5
7/28/14,8,17.9,9.5
7/28/14,9,14.2,11.3
7/28/14,10,11.5,10.6
7/28/14,11,10.1,9.2
7/28/14,12,9.6,8.2
7/28/14,13,8.9,6
7/28/14,14,8.5,4.9
7/28/14,15,8.2,3.5
7/28/14,16,8,2.4
7/28/14,17,8,2
7/28/14,18,7.9,1.5
8/11/14,0,23.2,8.7
8/11/14,1,23.5,8.7
8/11/14,2,23.5,8.7
8/11/14,3,23.5,8.6
8/11/14,4,23.5,8.6
8/11/14,5,23.1,8.9
8/11/14,6,22.7,8.9
8/11/14,7,22,9
8/11/14,8,20.5,9.2
8/11/14,9,16.5,10.9
8/11/14,10,13.4,11.1
8/11/14,11,11.4,10.1
8/11/14,12,10.3,8.8
8/11/14,13,9.4,6.6
8/11/14,14,8.8,4.5
8/11/14,15,8.4,2.5
8/11/14,16,8.3,1.4
8/11/14,17,8.1,0.5
8/11/14,18,8.1,0.3
8/27/14,0,21.5,8.6
8/27/14,1,21.5,8.6
8/27/14,2,21.5,8.6
8/27/14,3,21.5,8.6
8/27/14,4,21.5,8.5
8/27/14,5,21.5,8.5
8/27/14,6,21.5,8.5
8/27/14,7,21.5,8.5
8/27/14,8,21.4,8.5
8/27/14,9,18,9.3
8/27/14,10,14.1,10
8/27/14,11,11.5,8.8
8/27/14,12,10,6.1
8/27/14,13,9.2,3.6
8/27/14,14,8.8,1.9
8/27/14,15,8.4,0.6
8/27/14,16,8.2,0.2
8/27/14,17,8.1,0.2
8/27/14,18,8,0.1
9/9/14,0,20.4,8.7
9/9/14,1,20.3,8.7
9/9/14,2,20.2,8.7
9/9/14,3,20,8.8
9/9/14,4,19.9,8.8
9/9/14,5,19.8,8.8
9/9/14,6,19.7,8.8
9/9/14,7,19.6,8.7
9/9/14,8,19.6,8.7
9/9/14,9,19.5,8.6
9/9/14,10,18.4,8.5
9/9/14,11,12.6,7.7
9/9/14,12,10.8,5.1
9/9/14,13,9.9,3.2
9/9/14,14,9.3,1.5
9/9/14,15,8.8,0.5
9/9/14,16,8.6,0.3
9/9/14,17,8.5,0.2
9/9/14,18,8.3,0.2
9/22/14,0,15.8,9.2
9/22/14,1,15.7,9.2
9/22/14,2,15.7,9.2
9/22/14,3,15.6,9.2
9/22/14,4,15.6,9.2
9/22/14,5,15.6,9.2
9/22/14,6,15.6,9.1
9/22/14,7,15.6,9.1
9/22/14,8,15.6,9.1
9/22/14,9,15.6,9.1
9/22/14,10,15.6,9
9/22/14,11,15.5,9
9/22/14,12,14.5,7.4
9/22/14,13,10,1.5
9/22/14,14,9.3,0.4
9/22/14,15,8.9,0.3
9/22/14,16,8.7,0.3
9/22/14,17,8.5,0.3
9/22/14,18,8.4,0.2
10/7/14,0,12.8,9.5
10/7/14,1,12.9,9.4
10/7/14,2,12.9,9.4
10/7/14,3,12.9,9.3
10/7/14,4,12.9,9.3
10/7/14,5,13,9.3
10/7/14,6,13,9.3
10/7/14,7,13,9.2
10/7/14,8,13,9.2
10/7/14,9,13,9.2
10/7/14,10,13,9.2
10/7/14,11,13,9.2
10/7/14,12,13,9.1
10/7/14,13,13,9.1
10/7/14,14,12.9,9
10/7/14,15,12.9,8.8
10/7/14,16,9,0.4
10/7/14,17,8.6,0.3
10/7/14,18,8.6,0.3
10/22/14,0,10.5,9.9
10/22/14,1,10.4,9.9
10/22/14,2,10.4,9.9
10/22/14,3,10.4,9.9
10/22/14,4,10.3,9.8
10/22/14,5,10.3,9.8
10/22/14,6,10.2,9.8
10/22/14,7,10.2,9.7
10/22/14,8,10.1,9.7
10/22/14,9,10.1,9.7
10/22/14,10,10.1,9.7
10/22/14,11,10.1,9.6
10/22/14,12,10.1,9.6
10/22/14,13,10.1,9.6
10/22/14,14,10.1,9.6
10/22/14,15,10,9.6
10/22/14,16,10,9.6
10/22/14,17,10,9.5
10/22/14,18,10,9.5
11/5/14,0,8.2,10.4
11/5/14,1,8,10.5
11/5/14,2,7.9,10.5
11/5/14,3,7.8,10.5
11/5/14,4,7.8,10.5
11/5/14,5,7.7,10.5
11/5/14,6,7.7,10.5
11/5/14,7,7.7,10.5
11/5/14,8,7.7,10.4
11/5/14,9,7.7,10.4
11/5/14,10,7.6,10.4
11/5/14,11,7.6,10.4
11/5/14,12,7.6,10.4
11/5/14,13,7.6,10.4
11/5/14,14,7.6,10.3
11/5/14,15,7.6,10.3
11/5/14,16,7.5,10.3
11/5/14,17,7.5,10.3
11/5/14,18,7.5,10.3
1/21/15,0,0.6,12.9
1/21/15,1,0.7,12.6
1/21/15,2,1.4,11.7
1/21/15,3,1.6,11.5
1/21/15,4,1.8,11.3
1/21/15,5,1.9,11.1
1/21/15,6,2,10.6
1/21/15,7,2.2,10.3
1/21/15,8,2.3,9.9
1/21/15,9,2.4,9.6
1/21/15,10,2.6,9.5
1/21/15,11,2.7,9
1/21/15,12,2.8,7.4
1/21/15,13,3,6.1
1/21/15,14,3.1,5
1/21/15,15,3.3,4
1/21/15,16,3.5,1
1/21/15,17,3.7,0.5
1/21/15,18,3.8,0.3
3/3/15,0,0.2,13.7
3/3/15,1,0.8,13.1
3/3/15,2,1.5,12
3/3/15,3,1.8,11.1
3/3/15,4,2,10.6
3/3/15,5,2.2,10.1
3/3/15,6,2.3,9.8
3/3/15,7,2.5,8.9
3/3/15,8,2.7,8.3
3/3/15,9,2.8,8.6
3/3/15,10,2.9,8
3/3/15,11,3.1,6
3/3/15,12,3.2,5.1
3/3/15,13,3.3,4
3/3/15,14,3.4,2.8
3/3/15,15,3.6,1.2
3/3/15,16,3.8,0.4
3/3/15,17,3.9,0.3
3/3/15,18,4.1,0.3
3/26/15,0,1.1,10.9
3/26/15,1,2.9,10.4
3/26/15,2,3.1,10.3
3/26/15,3,3.2,10.2
3/26/15,4,3.2,10.4
3/26/15,5,3.2,10.4
3/26/15,6,3.2,10.4
3/26/15,7,3.3,10.3
3/26/15,8,3.3,8.6
3/26/15,9,3.3,8
3/26/15,10,3.4,5.7
3/26/15,11,3.5,4.8
3/26/15,12,3.5,3.9
3/26/15,13,3.6,2.9
3/26/15,14,3.7,3.3
3/26/15,15,3.8,2.5
3/26/15,16,4,0.6
3/26/15,17,4.1,0.4
3/26/15,18,4.3,0.3
4/23/15,0,6,11.2
4/23/15,1,5.8,11.2
4/23/15,2,5.7,11.3
4/23/15,3,5.6,11.3
4/23/15,4,5.6,11.3
4/23/15,5,5.6,11.3
4/23/15,6,5.6,11.2
4/23/15,7,5.5,11.2
4/23/15,8,5.5,11.2
4/23/15,9,5.5,11.2
4/23/15,10,5.5,11.2
4/23/15,11,5.5,11.2
4/23/15,12,5.5,11.2
4/23/15,13,5.5,11.1
4/23/15,14,5.5,11.1
4/23/15,15,5.5,11.1
4/23/15,16,5.5,11.1
4/23/15,17,5.5,11.1
4/23/15,18,5.4,11.1
5/6/15,0,12.7,11.2
5/6/15,1,12.6,11.2
5/6/15,2,12.6,11.2
5/6/15,3,12.6,11.2
5/6/15,4,12.5,11.2
5/6/15,5,10.9,11.9
5/6/15,6,10.3,12.1
5/6/15,7,8.3,12.5
5/6/15,8,8.1,12.4
5/6/15,9,7.4,12.3
5/6/15,10,7.4,12.3
5/6/15,11,7.1,12.1
5/6/15,12,6.6,11.3
5/6/15,13,6.5,11.1
5/6/15,14,6.5,11
5/6/15,15,6.4,10.7
5/6/15,16,6.4,10.5
5/6/15,17,6.4,10.4
5/6/15,18,6.3,9.7
5/19/15,0,12.9,10.3
5/19/15,1,12.9,10.2
5/19/15,2,12.9,10.2
5/19/15,3,12.9,10.2
5/19/15,4,12.9,10.2
5/19/15,5,12.9,10.2
5/19/15,6,12.8,10.2
5/19/15,7,12.8,10.2
5/19/15,8,12.1,10.5
5/19/15,9,10.9,10.9
5/19/15,10,9,11.2
5/19/15,11,8.4,11.2
5/19/15,12,7.4,10.4
5/19/15,13,7.2,10.2
5/19/15,14,7.1,9.9
5/19/15,15,7.1,9.1
5/19/15,16,7,9.1
5/19/15,17,6.9,8.9
5/19/15,18,6.8,7.9
6/3/15,0,16.6,9.8
6/3/15,1,16.5,9.8
6/3/15,2,16.5,9.8
6/3/15,3,16.4,9.8
6/3/15,4,16.4,9.8
6/3/15,5,16.4,9.8
6/3/15,6,16.4,9.7
6/3/15,7,15.2,10.1
6/3/15,8,13.7,10.2
6/3/15,9,13.1,10.2
6/3/15,10,12.1,10.2
6/3/15,11,9.9,10.2
6/3/15,12,8.8,9.9
6/3/15,13,8.1,9.1
6/3/15,14,7.9,8.6
6/3/15,15,7.7,7.9
6/3/15,16,7.6,7.8
6/3/15,17,7.5,7.5
6/3/15,18,7.5,6.9
6/15/15,0,19.3,9.4
6/15/15,1,19.2,9.4
6/15/15,2,19.1,9.4
6/15/15,3,19.1,9.4
6/15/15,4,19,9.3
6/15/15,5,18.7,9.5
6/15/15,6,18.5,9.6
6/15/15,7,18.4,9.6
6/15/15,8,17.5,9.6
6/15/15,9,16.8,9.6
6/15/15,10,15.6,9.7
6/15/15,11,14.3,9.8
6/15/15,12,12.8,9.6
6/15/15,13,11.6,9.6
6/15/15,14,10.8,9.7
6/15/15,15,10.7,9.7
6/15/15,16,10.7,9.7
6/15/15,17,9.4,9.1
6/15/15,18,8.7,8.1
6/30/15,0,20.9,9.1
6/30/15,1,21.1,9.1
6/30/15,2,21.2,9
6/30/15,3,21.2,9
6/30/15,4,21.2,9
6/30/15,5,20.9,9.2
6/30/15,6,20.1,9.5
6/30/15,7,18.9,9.6
6/30/15,8,16.8,10.1
6/30/15,9,14.9,9.7
6/30/15,10,13.2,9.8
6/30/15,11,11.4,9.3
6/30/15,12,10.2,8.5
6/30/15,13,9.3,7
6/30/15,14,8.6,5.2
6/30/15,15,8.2,3.8
6/30/15,16,8.1,3.1
6/30/15,17,8.1,2.8
6/30/15,18,8,2.8
7/14/15,0,22.7,8.7
7/14/15,1,23,8.7
7/14/15,2,23,8.6
7/14/15,3,23,8.6
7/14/15,4,22.9,8.6
7/14/15,5,22.9,8.6
7/14/15,6,21.5,9
7/14/15,7,21,9.1
7/14/15,8,20.1,9.5
7/14/15,9,17,10.1
7/14/15,10,15.1,10.1
7/14/15,11,12.9,9.4
7/14/15,12,11.4,9.1
7/14/15,13,9.9,7.4
7/14/15,14,9.3,5.8
7/14/15,15,8.8,4.1
7/14/15,16,8.6,2.8
7/14/15,17,8.4,2
7/14/15,18,8.3,1.2
7/29/15,0,24.1,8.2
7/29/15,1,24.1,8.3
7/29/15,2,24.1,8.3
7/29/15,3,24.1,8.2
7/29/15,4,24.1,8.2
7/29/15,5,24.1,8.2
7/29/15,6,24.1,8.2
7/29/15,7,24.1,8.2
7/29/15,8,24.1,8.2
7/29/15,9,18.2,10.2
7/29/15,10,15.1,10.2
7/29/15,11,13.1,9.5
7/29/15,12,10.6,7.7
7/29/15,13,9.5,4.5
7/29/15,14,9,2.6
7/29/15,15,8.6,1.2
7/29/15,16,8.5,0.7
7/29/15,17,8.4,0.3
7/29/15,18,8.3,0.1
8/12/15,0,21.9,8.6
8/12/15,1,22,8.5
8/12/15,2,22,8.5
8/12/15,3,22.1,8.5
8/12/15,4,22.1,8.4
8/12/15,5,22.1,8.4
8/12/15,6,22.1,8.4
8/12/15,7,22.1,8.3
8/12/15,8,22,8.3
8/12/15,9,21.7,8.2
8/12/15,10,17.1,10
8/12/15,11,14,9.3
8/12/15,12,11.8,7.7
8/12/15,13,10.5,5.4
8/12/15,14,9.8,3.2
8/12/15,15,9.1,1
8/12/15,16,8.8,0.2
8/12/15,17,8.5,0.1
8/12/15,18,8.4,0.1
8/25/15,0,19,8.7
8/25/15,1,19.1,8.6
8/25/15,2,19.2,8.6
8/25/15,3,19.3,8.5
8/25/15,4,19.3,8.5
8/25/15,5,19.3,8.5
8/25/15,6,19.3,8.5
8/25/15,7,19.3,8.5
8/25/15,8,19.3,8.4
8/25/15,9,19.3,8.4
8/25/15,10,19.3,8.4
8/25/15,11,17,8.3
8/25/15,12,12.5,6.7
8/25/15,13,10.6,4
8/25/15,14,9.4,0.8
8/25/15,15,9,0.1
8/25/15,16,8.8,0.1
8/25/15,17,8.6,0.1
8/25/15,18,8.5,0.1
9/9/15,0,21.8,8.7
9/9/15,1,21.8,8.6
9/9/15,2,21.8,8.6
9/9/15,3,21.8,8.6
9/9/15,4,21.8,8.6
9/9/15,5,21.7,8.6
9/9/15,6,21.3,8.8
9/9/15,7,20.6,8.7
9/9/15,8,19.8,8.4
9/9/15,9,19.2,8.1
9/9/15,10,18.5,7.7
9/9/15,11,16.6,7.1
9/9/15,12,14.3,6.1
9/9/15,13,11.3,2.7
9/9/15,14,10,0.7
9/9/15,15,9.5,0.1
9/9/15,16,9.1,0.1
9/9/15,17,8.8,0.1
9/9/15,18,8.7,0
9/23/15,0,18.9,8.6
9/23/15,1,18.9,8.6
9/23/15,2,18.9,8.6
9/23/15,3,18.9,8.6
9/23/15,4,18.9,8.6
9/23/15,5,18.9,8.5
9/23/15,6,18.9,8.5
9/23/15,7,18.9,8.5
9/23/15,8,18.9,8.5
9/23/15,9,18.9,8.5
9/23/15,10,18.9,8.5
9/23/15,11,18.7,8.2
9/23/15,12,15.5,4.4
9/23/15,13,11.6,1.8
9/23/15,14,9.9,0.1
9/23/15,15,9.5,0.1
9/23/15,16,9.1,0.1
9/23/15,17,8.8,0
9/23/15,18,8.7,0
10/5/15,0,16.1,9
10/5/15,1,16.1,9
10/5/15,2,16.1,9
10/5/15,3,16.2,9
10/5/15,4,16.2,8.9
10/5/15,5,16.2,8.9
10/5/15,6,16.2,8.9
10/5/15,7,16.2,8.8
10/5/15,8,16.1,8.8
10/5/15,9,16.1,8.7
10/5/15,10,16.1,8.6
10/5/15,11,16,8.6
10/5/15,12,15.9,8.3
10/5/15,13,14.7,5.8
10/5/15,14,10.3,0.2
10/5/15,15,9.6,0.2
10/5/15,16,9,0.1
10/5/15,17,8.8,0.1
10/5/15,18,8.8,0.1
10/21/15,0,11.9,9.5
10/21/15,1,11.8,9.5
10/21/15,2,11.8,9.5
10/21/15,3,11.8,9.5
10/21/15,4,11.8,9.4
10/21/15,5,11.8,9.4
10/21/15,6,11.8,9.4
10/21/15,7,11.8,9.4
10/21/15,8,11.8,9.4
10/21/15,9,11.8,9.3
10/21/15,10,11.8,9.3
10/21/15,11,11.8,9.2
10/21/15,12,11.8,9.2
10/21/15,13,11.7,9.3
10/21/15,14,11.7,9
10/21/15,15,11.4,7.8
10/21/15,16,11.3,7.7
10/21/15,17,9.6,0.3
10/21/15,18,8.8,0.2
11/10/15,0,8.8,10.4
11/10/15,1,8.8,10.4
11/10/15,2,8.7,10.4
11/10/15,3,8.7,10.3
11/10/15,4,8.7,10.3
11/10/15,5,8.7,10.3
11/10/15,6,8.7,10.2
11/10/15,7,8.7,10.2
11/10/15,8,8.7,10.2
11/10/15,9,8.7,10.2
11/10/15,10,8.7,10.1
11/10/15,11,8.7,10.1
11/10/15,12,8.7,10.1
11/10/15,13,8.7,10.1
11/10/15,14,8.7,10
11/10/15,15,8.7,10
11/10/15,16,8.6,10
11/10/15,17,8.6,9.9
11/10/15,18,8.6,9.8
1/22/16,0,0.3,14.4
1/22/16,1,0.6,13.2
1/22/16,2,0.7,12.9
1/22/16,3,0.7,12.6
1/22/16,4,0.8,12.5
1/22/16,5,0.9,12.3
1/22/16,6,0.9,12.3
1/22/16,7,1,12.2
1/22/16,8,1.1,12.2
1/22/16,9,1.2,12.1
1/22/16,10,1.3,12.1
1/22/16,11,1.4,11.5
1/22/16,12,1.5,11.5
1/22/16,13,1.6,10.5
1/22/16,14,1.8,9.9
1/22/16,15,1.9,8.9
1/22/16,16,2.1,8.3
1/22/16,17,2.3,6.2
1/22/16,18,2.4,3.8
3/4/16,0,0.8,13.4
3/4/16,1,1.2,12.7
3/4/16,2,1.3,12.3
3/4/16,3,1.3,12.2
3/4/16,4,1.3,11.9
3/4/16,5,1.4,11.7
3/4/16,6,1.5,11.6
3/4/16,7,1.6,11.1
3/4/16,8,1.7,10.7
3/4/16,9,1.8,10.2
3/4/16,10,1.9,9.7
3/4/16,11,2.1,9.9
3/4/16,12,2.2,9.8
3/4/16,13,2.3,7.4
3/4/16,14,2.5,6.4
3/4/16,15,2.6,4.5
3/4/16,16,2.8,2.4
3/4/16,17,2.9,0.4
3/4/16,18,3,0.3
4/27/16,0,6.2,11.6
4/27/16,1,6.1,11.6
4/27/16,2,6.1,11.6
4/27/16,3,6,11.6
4/27/16,4,6,11.6
4/27/16,5,6,11.6
4/27/16,6,6,11.5
4/27/16,7,5.9,11.5
4/27/16,8,5.9,11.4
4/27/16,9,5.9,11.4
4/27/16,10,5.8,11.4
4/27/16,11,5.8,11.3
4/27/16,12,5.8,11.2
4/27/16,13,5.8,11.1
4/27/16,14,5.5,10.8
4/27/16,15,5.3,10.3
4/27/16,16,5.3,10.3
4/27/16,17,5.3,10.3
4/27/16,18,5.1,10
5/9/16,0,11.2,11.4
5/9/16,1,11.2,11.4
5/9/16,2,11.1,11.4
5/9/16,3,10.9,11.4
5/9/16,4,10.7,11.5
5/9/16,5,10.3,11.7
5/9/16,6,9.9,11.9
5/9/16,7,9.2,12.1
5/9/16,8,8.5,12.2
5/9/16,9,8.2,12.2
5/9/16,10,7.5,11.8
5/9/16,11,7.3,11.7
5/9/16,12,7.2,11.6
5/9/16,13,7,11.3
5/9/16,14,7,11.2
5/9/16,15,6.9,11.1
5/9/16,16,6.8,10.9
5/9/16,17,6.7,10.5
5/9/16,18,6.7,10.3
5/23/16,0,15.5,10.5
5/23/16,1,15.4,10.5
5/23/16,2,15.4,10.5
5/23/16,3,15.4,10.5
5/23/16,4,14.9,10.7
5/23/16,5,13.1,11.4
5/23/16,6,11.5,11
5/23/16,7,11.2,11
5/23/16,8,10.6,11
5/23/16,9,10.1,11
5/23/16,10,9.4,11
5/23/16,11,8.4,11
5/23/16,12,8.3,10.9
5/23/16,13,7.8,10.5
5/23/16,14,7.5,10.1
5/23/16,15,7.4,9.9
5/23/16,16,7.3,9.3
5/23/16,17,7.2,9
5/23/16,18,7.1,8.6
6/7/16,0,16.7,9.7
6/7/16,1,16.7,9.7
6/7/16,2,16.7,9.6
6/7/16,3,16.7,9.6
6/7/16,4,16.6,9.6
6/7/16,5,16.6,9.6
6/7/16,6,16.3,9.8
6/7/16,7,12.9,11
6/7/16,8,11.7,10.7
6/7/16,9,11.1,10.7
6/7/16,10,10.2,10.4
6/7/16,11,9.4,10.1
6/7/16,12,8.4,9.4
6/7/16,13,8,8.8
6/7/16,14,7.8,8.1
6/7/16,15,7.7,7.9
6/7/16,16,7.6,7.6
6/7/16,17,7.6,7.1
6/7/16,18,7.6,6.7
6/21/16,0,21.2,8.8
6/21/16,1,21.2,8.8
6/21/16,2,21.2,8.8
6/21/16,3,21.1,8.8
6/21/16,4,21.1,8.8
6/21/16,5,21.1,8.8
6/21/16,6,21.1,8.8
6/21/16,7,18.7,9.5
6/21/16,8,13.1,9.8
6/21/16,9,12.1,10.1
6/21/16,10,11.1,9.9
6/21/16,11,9.8,9.3
6/21/16,12,9.5,9.1
6/21/16,13,8.7,8.2
6/21/16,14,8.6,7.9
6/21/16,15,8.3,7.3
6/21/16,16,8.2,6.9
6/21/16,17,8.1,6.8
6/21/16,18,8,6.2
7/5/16,0,22.5,8.8
7/5/16,1,22.4,8.8
7/5/16,2,22.4,8.8
7/5/16,3,22.4,8.8
7/5/16,4,22.3,8.8
7/5/16,5,22.3,8.8
7/5/16,6,21.9,8.9
7/5/16,7,20.5,9.3
7/5/16,8,15,10.5
7/5/16,9,13.7,10.2
7/5/16,10,12,9.7
7/5/16,11,10.7,9.1
7/5/16,12,9.7,8.2
7/5/16,13,9.2,7.5
7/5/16,14,8.7,6.2
7/5/16,15,8.4,5.1
7/5/16,16,8.3,4.3
7/5/16,17,8.2,3.9
7/5/16,18,8.2,3.5
7/20/16,0,23.8,8.5
7/20/16,1,23.7,8.5
7/20/16,2,23.6,8.5
7/20/16,3,23.5,8.5
7/20/16,4,23.3,8.5
7/20/16,5,23,8.5
7/20/16,6,22.9,8.5
7/20/16,7,22,8.6
7/20/16,8,20.2,8.7
7/20/16,9,15.3,9.6
7/20/16,10,12.6,9.1
7/20/16,11,11.3,8.1
7/20/16,12,10.1,6.8
7/20/16,13,9.4,5.1
7/20/16,14,8.9,3.7
7/20/16,15,8.7,3
7/20/16,16,8.6,2.4
7/20/16,17,8.5,1.9
7/20/16,18,8.4,1.4
8/3/16,0,26.5,8.2
8/3/16,1,25.1,8.4
8/3/16,2,25,8.4
8/3/16,3,24.8,8.4
8/3/16,4,24.7,8.4
8/3/16,5,24.5,8.4
8/3/16,6,24.1,8.4
8/3/16,7,23.7,8.5
8/3/16,8,20.8,9.1
8/3/16,9,17,9.4
8/3/16,10,13.5,9
8/3/16,11,11.8,7.5
8/3/16,12,10.8,6
8/3/16,13,9.8,3.7
8/3/16,14,9.2,2.1
8/3/16,15,9,1.6
8/3/16,16,8.7,0.9
8/3/16,17,8.6,0.4
8/3/16,18,8.5,0
8/16/16,0,24.8,8.3
8/16/16,1,27.7,8.3
8/16/16,2,24.6,8.3
8/16/16,3,24.5,8.3
8/16/16,4,24.3,8.3
8/16/16,5,24.1,8.3
8/16/16,6,24,8.3
8/16/16,7,23.8,8.2
8/16/16,8,23.2,8.2
8/16/16,9,17.6,9.4
8/16/16,10,14.9,9.1
8/16/16,11,12.6,7.2
8/16/16,12,10.9,4.8
8/16/16,13,10.1,3.2
8/16/16,14,9.4,1.3
8/16/16,15,8.9,0.4
8/16/16,16,8.7,0.1
8/16/16,17,8.6,0
8/16/16,18,8.5,0
8/29/16,0,22.8,8.6
8/29/16,1,22.7,8.6
8/29/16,2,22.5,8.6
8/29/16,3,22.4,8.6
8/29/16,4,22.3,8.6
8/29/16,5,22.2,8.7
8/29/16,6,22.2,8.6
8/29/16,7,22,8.4
8/29/16,8,21.9,8.4
8/29/16,9,21.7,8.3
8/29/16,10,16.7,8.6
8/29/16,11,12.8,5.8
8/29/16,12,11.1,4.1
8/29/16,13,10.3,1.9
8/29/16,14,9.4,0.4
8/29/16,15,9,0.1
8/29/16,16,8.7,0
8/29/16,17,8.6,0
8/29/16,18,8.6,0
9/13/16,0,20.5,8.6
9/13/16,1,20.5,8.6
9/13/16,2,20.5,8.5
9/13/16,3,20.5,8.5
9/13/16,4,20.5,8.5
9/13/16,5,20.5,8.5
9/13/16,6,20.5,8.5
9/13/16,7,20.5,8.4
9/13/16,8,20.4,8.4
9/13/16,9,20.2,8.3
9/13/16,10,19.8,8.1
9/13/16,11,14.3,5.8
9/13/16,12,11.6,3
9/13/16,13,10.4,0.8
9/13/16,14,9.6,0.1
9/13/16,15,9.1,0.1
9/13/16,16,8.8,0.1
9/13/16,17,8.6,0
9/13/16,18,8.5,0
9/27/16,0,17.6,8.6
9/27/16,1,17.6,8.5
9/27/16,2,17.6,8.5
9/27/16,3,17.6,8.5
9/27/16,4,17.6,8.5
9/27/16,5,17.6,8.5
9/27/16,6,17.6,8.5
9/27/16,7,17.6,8.5
9/27/16,8,17.6,8.4
9/27/16,9,17.6,8.4
9/27/16,10,17.6,8.4
9/27/16,11,17.5,8.4
9/27/16,12,12.8,2.4
9/27/16,13,10.4,0.2
9/27/16,14,9.5,0.1
9/27/16,15,9.1,0.1
9/27/16,16,8.8,0
9/27/16,17,8.6,0
9/27/16,18,8.5,0
10/10/16,0,15,9
10/10/16,1,14.9,9
10/10/16,2,14.9,8.9
10/10/16,3,14.9,8.9
10/10/16,4,14.8,8.9
10/10/16,5,14.8,8.9
10/10/16,6,14.8,8.8
10/10/16,7,14.8,8.8
10/10/16,8,14.7,8.8
10/10/16,9,14.7,8.8
10/10/16,10,14.7,8.8
10/10/16,11,14.7,8.8
10/10/16,12,14.6,8.6
10/10/16,13,14,6
10/10/16,14,10.6,0.2
10/10/16,15,9.5,0.2
10/10/16,16,8.9,0.1
10/10/16,17,8.7,0.1
10/10/16,18,8.6,0.1
10/26/16,0,11.4,9.1
10/26/16,1,11.4,9.1
10/26/16,2,11.5,9
10/26/16,3,11.5,8.9
10/26/16,4,11.5,8.9
10/26/16,5,11.5,8.9
10/26/16,6,11.5,8.9
10/26/16,7,11.5,9
10/26/16,8,11.5,9
10/26/16,9,11.5,9
10/26/16,10,11.5,9
10/26/16,11,11.5,9
10/26/16,12,11.5,9
10/26/16,13,11.5,9
10/26/16,14,11.4,9.1
10/26/16,15,11.4,9.1
10/26/16,16,11.3,9.1
10/26/16,17,9.4,0.2
10/26/16,18,8.7,0.1
11/11/16,0,9.8,10.2
11/11/16,1,9.7,10.2
11/11/16,2,9.7,10.1
11/11/16,3,9.7,10.1
11/11/16,4,9.7,10.1
11/11/16,5,9.7,10
11/11/16,6,9.7,10
11/11/16,7,9.7,10
11/11/16,8,9.7,10
11/11/16,9,9.7,9.9
11/11/16,10,9.7,9.9
11/11/16,11,9.7,9.9
11/11/16,12,9.7,9.9
11/11/16,13,9.7,9.9
11/11/16,14,9.7,9.8
11/11/16,15,9.7,9.8
11/11/16,16,9.7,9.8
11/11/16,17,9.7,9.8
11/11/16,18,9.7,9.8
1/18/17,0,0.4,14.2
1/18/17,1,1.5,12.7
1/18/17,2,2,11.8
1/18/17,3,2.2,11.4
1/18/17,4,2.4,11.2
1/18/17,5,2.5,11.1
1/18/17,6,2.7,11
1/18/17,7,2.8,10.8
1/18/17,8,2.9,10.4
1/18/17,9,3,10.3
1/18/17,10,3.1,10
1/18/17,11,3.2,9.5
1/18/17,12,3.4,8.5
1/18/17,13,3.5,7.3
1/18/17,14,3.6,6
1/18/17,15,3.7,6.4
1/18/17,16,3.7,6.1
1/18/17,17,3.9,4.7
1/18/17,18,4.2,1.1
2/21/17,0,1,13.5
2/21/17,1,1.7,12.6
2/21/17,2,2.4,11.7
2/21/17,3,2.6,11.3
2/21/17,4,2.8,10.9
2/21/17,5,2.9,10.5
2/21/17,6,3,10.2
2/21/17,7,3.2,9.6
2/21/17,8,3.3,9.3
2/21/17,9,3.4,8.8
2/21/17,10,3.5,8.1
2/21/17,11,3.6,7.3
2/21/17,12,3.7,6.3
2/21/17,13,3.8,5.3
2/21/17,14,4,5.8
2/21/17,15,4,3.9
2/21/17,16,4.1,2.6
2/21/17,17,4.2,1.1
2/21/17,18,4.4,0.4
3/28/17,0,2.2,13.1
3/28/17,1,4.1,11.7
3/28/17,2,4.1,11.6
3/28/17,3,4.1,11.4
3/28/17,4,4.1,11.4
3/28/17,5,4.1,11.4
3/28/17,6,4.1,11.3
3/28/17,7,4.1,11.1
3/28/17,8,4.1,11.1
3/28/17,9,4,9.8
3/28/17,10,4,9
3/28/17,11,4,7
3/28/17,12,4.1,6.2
3/28/17,13,4.2,5.4
3/28/17,14,4.2,4
3/28/17,15,4.2,2.2
3/28/17,16,4.3,1.1
3/28/17,17,4.4,0.4
3/28/17,18,4.6,0.3
4/19/17,0,6.4,11.3
4/19/17,1,6.3,11.3
4/19/17,2,6.3,11.3
4/19/17,3,6.3,11.3
4/19/17,4,6.3,11.3
4/19/17,5,6.2,11.2
4/19/17,6,6.2,11.2
4/19/17,7,6.2,11.2
4/19/17,8,6.2,11.2
4/19/17,9,6.2,11.1
4/19/17,10,6.2,11.1
4/19/17,11,6.2,11.1
4/19/17,12,6.2,11.1
4/19/17,13,6.2,11
4/19/17,14,6.1,10.8
4/19/17,15,6,10.6
4/19/17,16,5.9,10.5
4/19/17,17,5.9,10.4
4/19/17,18,5.8,10.4
5/1/17,0,7.1,11.5
5/1/17,1,7.1,11.5
5/1/17,2,7.1,11.5
5/1/17,3,7.1,11.5
5/1/17,4,7.1,11.5
5/1/17,5,7.1,11.5
5/1/17,6,7.1,11.5
5/1/17,7,7,11.4
5/1/17,8,7,11.4
5/1/17,9,7,11.4
5/1/17,10,7,11.3
5/1/17,11,7,11.3
5/1/17,12,7,11.3
5/1/17,13,7,11.3
5/1/17,14,7,11.3
5/1/17,15,7,11.2
5/1/17,16,6.9,11.2
5/1/17,17,6.9,11.1
5/1/17,18,6.9,11
5/16/17,0,12.9,10.6
5/16/17,1,12.7,10.7
5/16/17,2,12.6,10.7
5/16/17,3,12.2,10.8
5/16/17,4,12.1,10.9
5/16/17,5,10.7,11.4
5/16/17,6,9.8,11.5
5/16/17,7,9.3,11.5
5/16/17,8,8.7,11.3
5/16/17,9,8.5,11.1
5/16/17,10,8.2,11
5/16/17,11,8.1,10.8
5/16/17,12,7.9,10.7
5/16/17,13,7.8,10.6
5/16/17,14,7.7,10.5
5/16/17,15,7.7,10.3
5/16/17,16,7.6,10.2
5/16/17,17,7.6,9.9
5/16/17,18,7.5,9.5
5/30/17,0,13.3,10.6
5/30/17,1,13.3,10.6
5/30/17,2,13.3,10.6
5/30/17,3,13.3,10.6
5/30/17,4,13.3,10.6
5/30/17,5,13.3,10.6
5/30/17,6,13.3,10.5
5/30/17,7,11.8,10.8
5/30/17,8,10.8,10.8
5/30/17,9,10.1,10.7
5/30/17,10,9.2,10.4
5/30/17,11,9,10.5
5/30/17,12,8.7,10.2
5/30/17,13,8.3,9.4
5/30/17,14,8.2,8.9
5/30/17,15,8.1,8.5
5/30/17,16,8,8.5
5/30/17,17,8,8.1
5/30/17,18,8,7.7
6/13/17,0,20,9.1
6/13/17,1,20,9.1
6/13/17,2,19.9,9.1
6/13/17,3,19.7,9.4
6/13/17,4,18.8,9.4
6/13/17,5,18.4,9.6
6/13/17,6,17.2,9.9
6/13/17,7,15.6,10.3
6/13/17,8,13.6,10.4
6/13/17,9,12.3,10.2
6/13/17,10,10.9,10
6/13/17,11,10.3,9.7
6/13/17,12,9.6,9.4
6/13/17,13,9.4,8.8
6/13/17,14,9,8.2
6/13/17,15,8.9,7.8
6/13/17,16,8.8,7.7
6/13/17,17,8.7,7.5
6/13/17,18,8.7,7.3
6/26/17,0,18.3,9.2
6/26/17,1,18.5,9.2
6/26/17,2,18.5,9.1
6/26/17,3,18.5,9.1
6/26/17,4,18.5,9.1
6/26/17,5,18.5,9.1
6/26/17,6,18.5,9.1
6/26/17,7,18.4,9
6/26/17,8,14.2,9.2
6/26/17,9,13,9
6/26/17,10,11,9.2
6/26/17,11,10.8,9.1
6/26/17,12,10.5,8.9
6/26/17,13,9.9,8.1
6/26/17,14,9.6,7.8
6/26/17,15,9,6
6/26/17,16,8.8,5.1
6/26/17,17,8.8,4.8
6/26/17,18,8.6,3.8
7/11/17,0,24.8,8.6
7/11/17,1,23.4,8.7
7/11/17,2,22.7,8.8
7/11/17,3,22.2,8.8
7/11/17,4,21.5,8.6
7/11/17,5,20.9,9.4
7/11/17,6,20.1,9.4
7/11/17,7,19.1,9.4
7/11/17,8,17.3,9.5
7/11/17,9,14.7,9.1
7/11/17,10,13.3,7.6
7/11/17,11,12,8.3
7/11/17,12,11.3,7.8
7/11/17,13,10.2,6.9
7/11/17,14,9.8,6.1
7/11/17,15,9.4,4.7
7/11/17,16,9.1,4
7/11/17,17,9.1,3.7
7/11/17,18,9,3.4
7/24/17,0,23.2,8.4
7/24/17,1,23.2,8.5
7/24/17,2,23.2,8.5
7/24/17,3,23.2,8.4
7/24/17,4,23.1,8.4
7/24/17,5,22.8,8.7
7/24/17,6,22,8.9
7/24/17,7,19.4,9.4
7/24/17,8,17.1,9.7
7/24/17,9,14.6,8.4
7/24/17,10,12.2,7.4
7/24/17,11,11.1,6.6
7/24/17,12,10.3,5.8
7/24/17,13,9.6,4.4
7/24/17,14,9.3,2.5
7/24/17,15,9.1,1.8
7/24/17,16,8.9,1
7/24/17,17,8.8,0.4
7/24/17,18,8.8,0.4
8/7/17,0,22.1,8.6
8/7/17,1,22.1,8.6
8/7/17,2,22.1,8.6
8/7/17,3,22,8.6
8/7/17,4,22,8.6
8/7/17,5,22,8.6
8/7/17,6,22,8.6
8/7/17,7,21.2,8.7
8/7/17,8,18.7,9.9
8/7/17,9,17.2,10.2
8/7/17,10,15.3,9.5
8/7/17,11,13,7.7
8/7/17,12,12,6.8
8/7/17,13,11,5.7
8/7/17,14,9.9,3.2
8/7/17,15,9.7,2.3
8/7/17,16,9.4,1.4
8/7/17,17,9.2,0.9
8/7/17,18,9.1,0.2
8/22/17,0,21.6,8.7
8/22/17,1,21.6,8.7
8/22/17,2,21.6,8.7
8/22/17,3,21.6,8.6
8/22/17,4,21.6,8.6
8/22/17,5,21.6,8.6
8/22/17,6,21.5,8.6
8/22/17,7,21.5,8.6
8/22/17,8,21.4,8.5
8/22/17,9,16.8,9.4
8/22/17,10,14.7,8.4
8/22/17,11,12.1,5.8
8/22/17,12,11,4.5
8/22/17,13,10.2,2.3
8/22/17,14,9.6,0.6
8/22/17,15,9.2,0.2
8/22/17,16,8.9,0.1
8/22/17,17,8.9,0.1
8/22/17,18,8.8,0.1
9/6/17,0,18.3,8.9
9/6/17,1,18.4,8.8
9/6/17,2,18.4,8.8
9/6/17,3,18.4,8.8
9/6/17,4,18.4,8.8
9/6/17,5,18.4,8.8
9/6/17,6,18.4,8.8
9/6/17,7,18.4,8.7
9/6/17,8,18.4,8.7
9/6/17,9,18.4,8.7
9/6/17,10,16.1,7.1
9/6/17,11,12.3,5.1
9/6/17,12,11.2,3.1
9/6/17,13,10.2,0.9
9/6/17,14,9.6,0.2
9/6/17,15,9.3,0.2
9/6/17,16,9,0.1
9/6/17,17,8.9,0.1
9/6/17,18,8.8,0.1
9/18/17,0,19.3,9
9/18/17,1,19.3,8.9
9/18/17,2,19.3,8.9
9/18/17,3,19.3,8.9
9/18/17,4,19.3,8.9
9/18/17,5,19.2,8.9
9/18/17,6,18.8,9
9/18/17,7,18.3,9
9/18/17,8,17.9,8.8
9/18/17,9,17.7,8.6
9/18/17,10,17.1,8.1
9/18/17,11,13.7,4.5
9/18/17,12,11.1,1.7
9/18/17,13,10.3,0.5
9/18/17,14,9.7,0.2
9/18/17,15,9.4,0.2
9/18/17,16,9.2,0.1
9/18/17,17,9.1,0.1
9/18/17,18,9,0.1
10/3/17,0,17.4,8.8
10/3/17,1,17.4,8.8
10/3/17,2,17.4,8.8
10/3/17,3,17.4,8.8
10/3/17,4,17.3,8.8
10/3/17,5,17.3,8.8
10/3/17,6,17.3,8.7
10/3/17,7,17.3,8.7
10/3/17,8,17.3,8.7
10/3/17,9,17.2,8.7
10/3/17,10,16.8,8.2
10/3/17,11,16,6.2
10/3/17,12,11.8,0.8
10/3/17,13,10.5,0.2
10/3/17,14,9.8,0.2
10/3/17,15,9.5,0.1
10/3/17,16,9.2,0.1
10/3/17,17,9.1,0.1
10/3/17,18,9,0.1
10/17/17,0,14.1,8.9
10/17/17,1,14,8.9
10/17/17,2,13.8,8.9
10/17/17,3,13.7,8.8
10/17/17,4,13.6,8.8
10/17/17,5,13.6,8.7
10/17/17,6,13.6,8.7
10/17/17,7,13.5,8.7
10/17/17,8,13.5,8.6
10/17/17,9,13.5,8.6
10/17/17,10,13.5,8.5
10/17/17,11,13.5,8.6
10/17/17,12,13.4,8.5
10/17/17,13,12.7,5.1
10/17/17,14,10.7,0.3
10/17/17,15,9.7,0.2
10/17/17,16,9.3,0.1
10/17/17,17,9.1,0.1
10/17/17,18,9.1,0.1
11/8/17,0,6.6,10.4
11/8/17,1,6.5,10.4
11/8/17,2,6.5,10.3
11/8/17,3,6.5,10.3
11/8/17,4,6.5,10.3
11/8/17,5,6.5,10.3
11/8/17,6,6.5,10.2
11/8/17,7,6.5,10.2
11/8/17,8,6.5,10.2
11/8/17,9,6.5,10.2
11/8/17,10,6.5,10.2
11/8/17,11,6.5,10.1
11/8/17,12,6.4,10.1
11/8/17,13,6.4,10.1
11/8/17,14,6.4,10.1
11/8/17,15,6.4,10.1
11/8/17,16,6.4,10.1
11/8/17,17,6.4,10.1
11/8/17,18,6.4,10
1/22/18,0,0.5,13.7
1/22/18,1,0.6,13.1
1/22/18,2,0.8,12.5
1/22/18,3,0.9,12.1
1/22/18,4,0.9,12.1
1/22/18,5,1,11.9
1/22/18,6,1.1,11.9
1/22/18,7,1.2,11.7
1/22/18,8,1.4,11.5
1/22/18,9,1.5,11
1/22/18,10,1.6,10.7
1/22/18,11,1.7,10.4
1/22/18,12,1.8,9.7
1/22/18,13,1.9,9.5
1/22/18,14,2.1,8.5
1/22/18,15,2.2,7.5
1/22/18,16,2.3,7.3
1/22/18,17,2.6,2.7
1/22/18,18,2.8,0.7
2/20/18,0,0.2,14
2/20/18,1,0.6,13.2
2/20/18,2,0.9,12.4
2/20/18,3,1.1,11.8
2/20/18,4,1.2,11.8
2/20/18,5,1.3,11.6
2/20/18,6,1.4,11.4
2/20/18,7,1.5,11.2
2/20/18,8,1.7,10.7
2/20/18,9,1.8,10.4
2/20/18,10,1.9,10
2/20/18,11,2,9.2
2/20/18,12,2.1,8.8
2/20/18,13,2.3,7.7
2/20/18,14,2.4,6.4
2/20/18,15,2.6,5.7
2/20/18,16,2.7,3.7
2/20/18,17,3,1.1
2/20/18,18,3.2,0.5
3/28/18,0,0.2,12.6
3/28/18,1,0.4,12.4
3/28/18,2,1.1,11.6
3/28/18,3,1.3,11.4
3/28/18,4,1.5,11
3/28/18,5,1.6,10.8
3/28/18,6,1.7,10.4
3/28/18,7,1.8,9.6
3/28/18,8,2,9.1
3/28/18,9,2.1,9.1
3/28/18,10,2.2,9.2
3/28/18,11,2.3,8.4
3/28/18,12,2.4,8.5
3/28/18,13,2.6,5.4
3/28/18,14,2.7,4.1
3/28/18,15,2.8,3.3
3/28/18,16,3,1.4
3/28/18,17,3.2,0.6
3/28/18,18,3.4,0.4
5/16/18,0,11,11
5/16/18,1,10.9,11
5/16/18,2,10.8,11.1
5/16/18,3,10.7,11.1
5/16/18,4,10.6,11.1
5/16/18,5,10.6,11.1
5/16/18,6,7.3,11.1
5/16/18,7,6.6,11.1
5/16/18,8,5.3,9.5
5/16/18,9,5.2,9.4
5/16/18,10,5.2,9.4
5/16/18,11,5.2,9.4
5/16/18,12,5.2,9.2
5/16/18,13,5,9
5/16/18,14,5,8.8
5/16/18,15,5,8.7
5/16/18,16,5,8.6
5/16/18,17,4.9,7.9
5/16/18,18,4.9,7.8
5/29/18,0,21.3,9.2
5/29/18,1,21.3,9.3
5/29/18,2,20.9,9.4
5/29/18,3,20,9.7
5/29/18,4,14.8,11.5
5/29/18,5,11.2,12.8
5/29/18,6,9.1,13.4
5/29/18,7,8.3,13.6
5/29/18,8,6.9,13.4
5/29/18,9,6.5,13
5/29/18,10,6,11.6
5/29/18,11,5.7,10.1
5/29/18,12,5.5,9.5
5/29/18,13,5.5,8.8
5/29/18,14,5.4,8.1
5/29/18,15,5.3,7.6
5/29/18,16,5.3,7.6
5/29/18,17,5.2,6.9
5/29/18,18,5.2,6.5
6/13/18,0,19.3,9.2
6/13/18,1,19.3,9.2
6/13/18,2,19.3,9.2
6/13/18,3,19.3,9.1
6/13/18,4,19.2,9.2
6/13/18,5,17.6,9.9
6/13/18,6,16.4,10.8
6/13/18,7,10.2,12.3
6/13/18,8,9.1,12.2
6/13/18,9,7.8,11.7
6/13/18,10,7,11.1
6/13/18,11,6.7,11
6/13/18,12,6.4,9.8
6/13/18,13,6.1,8.9
6/13/18,14,6,8.1
6/13/18,15,5.7,7.2
6/13/18,16,5.5,5.8
6/13/18,17,5.5,5.3
6/13/18,18,5.5,5.2
6/26/18,0,22.7,8.9
6/26/18,1,22.8,8.9
6/26/18,2,22.6,8.9
6/26/18,3,22.4,8.9
6/26/18,4,22.4,8.9
6/26/18,5,20.5,10.1
6/26/18,6,17.6,11.3
6/26/18,7,12.4,12.3
6/26/18,8,9.7,11.7
6/26/18,9,8.5,11.6
6/26/18,10,7.7,11.2
6/26/18,11,7.1,10
6/26/18,12,6.7,9.2
6/26/18,13,6.5,8.7
6/26/18,14,6.2,7.3
6/26/18,15,5.9,5.6
6/26/18,16,5.8,4.6
6/26/18,17,5.7,3.3
6/26/18,18,5.7,2.9
7/9/18,0,24.4,8.5
7/9/18,1,24.4,8.5
7/9/18,2,24.3,8.5
7/9/18,3,24.2,8.6
7/9/18,4,24.1,8.6
7/9/18,5,24,8.6
7/9/18,6,20.5,12.1
7/9/18,7,13.6,13
7/9/18,8,10.7,12.3
7/9/18,9,8.8,10.9
7/9/18,10,8.2,10.5
7/9/18,11,7.6,9.6
7/9/18,12,7.3,8.7
7/9/18,13,7,8.4
7/9/18,14,6.8,7.7
7/9/18,15,6.5,6.9
7/9/18,16,6.3,5.6
7/9/18,17,6.1,4.2
7/9/18,18,6,2.8
7/23/18,0,22.6,8.4
7/23/18,1,22.5,8.4
7/23/18,2,22.5,8.3
7/23/18,3,22.5,8.3
7/23/18,4,22.5,8.3
7/23/18,5,22.4,8.4
7/23/18,6,22.3,8.3
7/23/18,7,15.8,12.3
7/23/18,8,11.8,12.3
7/23/18,9,10,11.6
7/23/18,10,8.5,10.2
7/23/18,11,7.9,9
7/23/18,12,7.5,8
7/23/18,13,6.9,6.4
7/23/18,14,6.7,5.6
7/23/18,15,6.4,3.9
7/23/18,16,6.3,3.2
7/23/18,17,6.1,1.2
7/23/18,18,6.1,0.8
8/6/18,0,22.4,8.7
8/6/18,1,22.3,8.7
8/6/18,2,22.2,8.7
8/6/18,3,22.2,8.6
8/6/18,4,22.1,8.6
8/6/18,5,22,8.6
8/6/18,6,21.6,8.7
8/6/18,7,20.3,9.7
8/6/18,8,14.7,12
8/6/18,9,11.4,11.6
8/6/18,10,9.4,10.5
8/6/18,11,8.7,9.3
8/6/18,12,7.9,7.7
8/6/18,13,7.2,6.6
8/6/18,14,6.8,4.1
8/6/18,15,6.6,3.1
8/6/18,16,6.5,2.4
8/6/18,17,6.4,1.3
8/6/18,18,6.3,0.5
8/20/18,0,24.7,8.5
8/20/18,1,24.4,8.5
8/20/18,2,24.4,8.5
8/20/18,3,24.4,8.5
8/20/18,4,24.3,8.4
8/20/18,5,24.2,8.5
8/20/18,6,23.1,9
8/20/18,7,20.2,10.2
8/20/18,8,15.7,12.4
8/20/18,9,11.9,12.1
8/20/18,10,9.9,10.5
8/20/18,11,8.5,8.5
8/20/18,12,8,7.2
8/20/18,13,7.3,5.2
8/20/18,14,7,4.1
8/20/18,15,6.7,2
8/20/18,16,6.6,1.3
8/20/18,17,6.4,0.1
8/20/18,18,6.3,0
9/4/18,0,21.6,8.7
9/4/18,1,21.6,8.7
9/4/18,2,21.6,8.7
9/4/18,3,21.6,8.7
9/4/18,4,21.6,8.7
9/4/18,5,21.5,8.6
9/4/18,6,21.5,8.6
9/4/18,7,21.4,8.6
9/4/18,8,17,11.8
9/4/18,9,13.5,10.9
9/4/18,10,10.8,10
9/4/18,11,9.5,8.2
9/4/18,12,8.3,6.3
9/4/18,13,7.4,3.5
9/4/18,14,7,1.8
9/4/18,15,6.7,0.5
9/4/18,16,6.5,0.2
9/4/18,17,6.5,0.1
9/4/18,18,6.4,0.1
9/19/18,0,20.3,8.8
9/19/18,1,20.3,8.8
9/19/18,2,20.3,8.8
9/19/18,3,20.3,8.8
9/19/18,4,20.3,8.8
9/19/18,5,20.3,8.7
9/19/18,6,20.3,8.7
9/19/18,7,20.2,8.7
9/19/18,8,19.6,8.8
9/19/18,9,14.8,10.2
9/19/18,10,11,9
9/19/18,11,9.2,6.5
9/19/18,12,8.4,5
9/19/18,13,7.6,2.7
9/19/18,14,7.2,1.1
9/19/18,15,6.9,0.2
9/19/18,16,6.7,0.2
9/19/18,17,6.6,0.2
9/19/18,18,6.6,0.3
10/1/18,0,14.6,9.3
10/1/18,1,14.7,9.2
10/1/18,2,14.7,9.2
10/1/18,3,14.7,9.2
10/1/18,4,14.7,9.2
10/1/18,5,14.6,9.2
10/1/18,6,14.6,9.1
10/1/18,7,14.6,9.1
10/1/18,8,14.6,9.1
10/1/18,9,14.6,9.1
10/1/18,10,14.6,9.1
10/1/18,11,14.4,9
10/1/18,12,10.6,6.1
10/1/18,13,8.7,4.4
10/1/18,14,8.1,2.6
10/1/18,15,7.4,0.8
10/1/18,16,7.1,0.2
10/1/18,17,6.8,0.2
10/1/18,18,6.7,0.1
10/17/18,0,8.8,9.9
10/17/18,1,8.8,9.8
10/17/18,2,8.8,9.8
10/17/18,3,8.8,9.7
10/17/18,4,8.8,9.7
10/17/18,5,8.8,9.7
10/17/18,6,8.8,9.7
10/17/18,7,8.8,9.7
10/17/18,8,8.8,9.6
10/17/18,9,8.8,9.6
10/17/18,10,8.8,9.6
10/17/18,11,8.8,9.6
10/17/18,12,8.8,9.6
10/17/18,13,8.8,9.6
10/17/18,14,8.8,9.6
10/17/18,15,8.8,9.6
10/17/18,16,8.8,9.6
10/17/18,17,8.8,9.5
10/17/18,18,7,0.5
11/6/18,0,6.8,10.6
11/6/18,1,6.6,10.6
11/6/18,2,6.6,10.6
11/6/18,3,6.6,10.6
11/6/18,4,6.5,10.6
11/6/18,5,6.5,10.6
11/6/18,6,6.5,10.6
11/6/18,7,6.5,10.6
11/6/18,8,6.5,10.5
11/6/18,9,6.5,10.5
11/6/18,10,6.5,10.5
11/6/18,11,6.5,10.5
11/6/18,12,6.4,10.5
11/6/18,13,6.4,10.5
11/6/18,14,6.4,10.5
11/6/18,15,6.4,10.4
11/6/18,16,6.4,10.4
11/6/18,17,6.4,10.4
11/6/18,18,6.4,10.4
1/16/19,0,0.3,15
1/16/19,0,2.5,
1/16/19,1,2.1,12.8
1/16/19,2,2.7,11.7
1/16/19,3,2.9,11.3
1/16/19,4,3.1,11
1/16/19,5,3.2,10.7
1/16/19,6,3.3,10.4
1/16/19,7,3.4,10.1
1/16/19,8,3.4,9.9
1/16/19,9,3.5,9.5
1/16/19,10,3.6,9.1
1/16/19,11,3.7,8
1/16/19,12,3.7,8
1/16/19,13,3.8,7.1
1/16/19,14,3.9,6.1
1/16/19,15,4,4.9
1/16/19,16,4.1,5.4
1/16/19,17,4.1,3.7
1/16/19,18,,2.5
3/1/19,0,1,12.8
3/1/19,1,1.4,12.3
3/1/19,2,2.6,11.1
3/1/19,3,3.1,10.3
3/1/19,4,3.3,9.8
3/1/19,5,3.5,9.2
3/1/19,6,3.6,8.7
3/1/19,7,3.7,8.2
3/1/19,8,3.7,7.8
3/1/19,9,3.8,7.3
3/1/19,10,3.9,6.5
3/1/19,11,3.9,6.1
3/1/19,12,4,5.1
3/1/19,13,4.1,3.8
3/1/19,14,4.1,3.1
3/1/19,15,4.2,2.7
3/1/19,16,4.3,3.1
3/1/19,17,4.2,1.6
3/1/19,18,4.3,0.5
3/25/19,0,0.7,12.2
3/25/19,1,1.5,12
3/25/19,2,2.8,10.9
3/25/19,3,3.4,10.1
3/25/19,4,3.6,9.4
3/25/19,5,3.7,8.8
3/25/19,6,3.7,8.3
3/25/19,7,3.8,7.8
3/25/19,8,3.9,7.2
3/25/19,9,3.9,6.5
3/25/19,10,4,5.9
3/25/19,11,4.1,4.8
3/25/19,12,4.1,3.6
3/25/19,13,4.1,2.8
3/25/19,14,4.2,2.1
3/25/19,15,4.3,1.2
3/25/19,16,4.3,1
3/25/19,17,4.3,0.5
3/25/19,18,4.4,0.3
5/8/19,0,8.3,11.4
5/8/19,1,8,11.4
5/8/19,2,7.8,11.4
5/8/19,3,7.4,11.4
5/8/19,4,7,11.3
5/8/19,5,6.4,11.4
5/8/19,6,6.4,11.4
5/8/19,7,6.3,11.4
5/8/19,8,5.9,10.8
5/8/19,9,5.3,9.8
5/8/19,10,5.2,9.3
5/8/19,11,5.1,8.9
5/8/19,12,5,8.5
5/8/19,13,5,8.3
5/8/19,14,4.9,7.8
5/8/19,15,4.8,7.2
5/8/19,16,4.8,7.1
5/8/19,17,4.8,7
5/8/19,18,4.8,7
5/21/19,0,10.5,10.8
5/21/19,1,10.5,10.7
5/21/19,2,10.5,10.7
5/21/19,3,10.2,10.8
5/21/19,4,9.7,11
5/21/19,5,9.5,11.1
5/21/19,6,9.3,11.3
5/21/19,7,8.8,11.4
5/21/19,8,8,11.4
5/21/19,9,7,10.7
5/21/19,10,6.7,10.4
5/21/19,11,6.5,9.7
5/21/19,12,6.3,9.4
5/21/19,13,6.1,9
5/21/19,14,6.1,8.9
5/21/19,15,6.1,8.9
5/21/19,16,6,8.8
5/21/19,17,6,8.7
5/21/19,18,6,8.6
6/3/19,0,14.8,10.2
6/3/19,1,14.7,10.2
6/3/19,2,14.7,10.2
6/3/19,3,14.7,10.2
6/3/19,4,14.7,10.2
6/3/19,5,14.6,10.2
6/3/19,6,12.1,10.9
6/3/19,7,11.5,10.9
6/3/19,8,11,10.8
6/3/19,9,10,10.6
6/3/19,10,9.2,10.3
6/3/19,11,8.9,10.2
6/3/19,12,8.1,9.5
6/3/19,13,7.7,9.3
6/3/19,14,7.5,9
6/3/19,15,7.4,8.9
6/3/19,16,7.4,8.8
6/3/19,17,7.3,8.7
6/3/19,18,7.2,8.4
6/17/19,0,18.4,9.5
6/17/19,1,18.3,9.5
6/17/19,2,18.2,9.5
6/17/19,3,18,9.5
6/17/19,4,17.9,9.5
6/17/19,5,17.6,9.6
6/17/19,6,16.5,10.1
6/17/19,7,12.6,10.7
6/17/19,8,11.9,10.8
6/17/19,9,10.7,10.4
6/17/19,10,9.8,10
6/17/19,11,8.8,9.1
6/17/19,12,8.4,8.7
6/17/19,13,7.9,8.1
6/17/19,14,7.8,7.8
6/17/19,15,7.6,7.6
6/17/19,16,7.5,7.1
6/17/19,17,7.4,6.7
6/17/19,18,7.3,6.4
7/2/19,0,24.2,8.9
7/2/19,1,23.2,9
7/2/19,2,22.6,9
7/2/19,3,22.4,9.1
7/2/19,4,22.3,9
7/2/19,5,20.8,9.5
7/2/19,6,20.3,9.5
7/2/19,7,19.3,9.8
7/2/19,8,18.3,10.2
7/2/19,9,16.4,11
7/2/19,10,13.6,11.2
7/2/19,11,12.2,10.2
7/2/19,12,11.3,10
7/2/19,13,10.5,9.4
7/2/19,14,9.6,8.8
7/2/19,15,9.1,7.8
7/2/19,16,8.4,6.9
7/2/19,17,7.8,5.7
7/2/19,18,7.7,5.3
7/18/19,0,24.6,8.4
7/18/19,1,24.6,8.4
7/18/19,2,24.7,8.4
7/18/19,3,24.7,8.4
7/18/19,4,24.7,8.3
7/18/19,5,24.6,8.3
7/18/19,6,22.6,9.7
7/18/19,7,17.8,11.5
7/18/19,8,15.3,11.8
7/18/19,9,12.6,11.4
7/18/19,10,11.2,10.3
7/18/19,11,10.3,9.5
7/18/19,12,9.6,8.1
7/18/19,13,8.9,6.4
7/18/19,14,8.5,5.1
7/18/19,15,8.1,4.2
7/18/19,16,8,4
7/18/19,17,7.8,3.2
7/18/19,18,7.7,2.5
7/29/19,0,23.6,8.5
7/29/19,1,23.7,8.5
7/29/19,2,23.7,8.5
7/29/19,3,23.7,8.5
7/29/19,4,23.7,8.5
7/29/19,5,23.7,8.5
7/29/19,6,23.7,8.5
7/29/19,7,23.5,8.5
7/29/19,8,17.5,11.6
7/29/19,9,14.6,11.9
7/29/19,10,12,9.8
7/29/19,11,11.4,8.8
7/29/19,12,9.8,6.8
7/29/19,13,8.8,5
7/29/19,14,8.6,4.6
7/29/19,15,8.3,3.3
7/29/19,16,8.1,3
7/29/19,17,8.1,2.5
7/29/19,18,8,2.2
8/14/19,0,22.9,8.7
8/14/19,1,22.9,8.7
8/14/19,2,22.9,8.7
8/14/19,3,22.9,8.6
8/14/19,4,22.9,8.6
8/14/19,5,22.9,8.6
8/14/19,6,22.9,8.6
8/14/19,7,21.4,9.6
8/14/19,8,17.2,11.2
8/14/19,9,14.2,11.4
8/14/19,10,12.2,9.4
8/14/19,11,10.6,6.9
8/14/19,12,9.7,5.3
8/14/19,13,8.9,3.2
8/14/19,14,8.3,1.4
8/14/19,15,8,0.3
8/14/19,16,7.9,0
8/14/19,17,7.8,0
8/14/19,18,7.7,0
8/28/19,0,20,8.7
8/28/19,1,20,8.7
8/28/19,2,20.1,8.6
8/28/19,3,20.1,8.6
8/28/19,4,20.1,8.6
8/28/19,5,20.1,8.6
8/28/19,6,20.1,8.6
8/28/19,7,20.1,8.6
8/28/19,8,20.1,8.5
8/28/19,9,16.9,7.9
8/28/19,10,13.3,7.5
8/28/19,11,10.9,4.5
8/28/19,12,10.1,3.8
8/28/19,13,9.1,1.6
8/28/19,14,8.4,0.1
8/28/19,15,8.2,0
8/28/19,16,8.1,0
8/28/19,17,7.9,0
8/28/19,18,7.8,0
9/10/19,0,17.5,8.9
9/10/19,1,17.5,8.9
9/10/19,2,17.5,8.9
9/10/19,3,17.5,8.9
9/10/19,4,17.5,8.9
9/10/19,5,17.4,8.9
9/10/19,6,17.4,8.8
9/10/19,7,17.4,8.8
9/10/19,8,17.4,8.8
9/10/19,9,17.4,8.8
9/10/19,10,17.3,8.6
9/10/19,11,12,4.7
9/10/19,12,10.2,2.4
9/10/19,13,9.2,0.5
9/10/19,14,8.7,0
9/10/19,15,8.3,0
9/10/19,16,8.1,0
9/10/19,17,7.9,0
9/10/19,18,7.9,0
9/24/19,0,18.6,9.4
9/24/19,1,18.6,9.3
9/24/19,2,18.6,9.3
9/24/19,3,18.6,9.3
9/24/19,4,18.5,9.3
9/24/19,5,18.5,9.3
9/24/19,6,17.8,9.4
9/24/19,7,17.4,9.1
9/24/19,8,17,8.9
9/24/19,9,16.7,8.4
9/24/19,10,16.2,7.9
9/24/19,11,14.8,6
9/24/19,12,11.4,1.4
9/24/19,13,9.8,0
9/24/19,14,9.2,0
9/24/19,15,8.6,0
9/24/19,16,8.3,0
9/24/19,17,8.1,0
9/24/19,18,8.1,0
10/8/19,0,14,9
10/8/19,1,13.8,9
10/8/19,2,13.7,9
10/8/19,3,13.7,9
10/8/19,4,13.7,9
10/8/19,5,13.7,9
10/8/19,6,13.7,9
10/8/19,7,13.7,8.9
10/8/19,8,13.7,8.9
10/8/19,9,13.7,8.9
10/8/19,10,13.6,8.8
10/8/19,11,13.6,8.6
10/8/19,12,13.5,8.3
10/8/19,13,13.5,8.2
10/8/19,14,9.6,0
10/8/19,15,8.7,0
10/8/19,16,8.4,0
10/8/19,17,8.2,0
10/8/19,18,8.1,0
10/21/19,0,10.7,9.2
10/21/19,1,10.6,9.2
10/21/19,2,10.5,9.3
10/21/19,3,10.5,9.2
10/21/19,4,10.4,9.2
10/21/19,5,10.4,9.2
10/21/19,6,10.4,9.2
10/21/19,7,10.4,9.2
10/21/19,8,10.4,9.2
10/21/19,9,10.4,9.1
10/21/19,10,10.4,9.1
10/21/19,11,10.3,9.1
10/21/19,12,10.3,8.9
10/21/19,13,10.3,8.9
10/21/19,14,10.3,8.9
10/21/19,15,10.3,8.9
10/21/19,16,10.3,8.8
10/21/19,17,10.2,8.6
10/21/19,18,10,7.9
11/7/19,0,5.4,10.8
11/7/19,1,5.3,10.8
11/7/19,2,5.3,10.7
11/7/19,3,5.3,10.7
11/7/19,4,5.3,10.7
11/7/19,5,5.2,10.7
11/7/19,6,5.2,10.7
11/7/19,7,5.2,10.6
11/7/19,8,5.1,10.7
11/7/19,9,5.2,10.6
11/7/19,10,5.1,10.6
11/7/19,11,5.1,10.6
11/7/19,12,5.1,10.6
11/7/19,13,5.1,10.6
11/7/19,14,5.1,10.5
11/7/19,15,5.1,10.5
11/7/19,16,5.1,10.5
11/7/19,17,5.1,10.5
11/7/19,18,5.1,10.5
1/15/20,0,0.6,14.9
1/15/20,1,0.9,13.4
1/15/20,2,1.1,12.4
1/15/20,3,1.2,12.1
1/15/20,4,1.3,11.9
1/15/20,5,1.4,11.8
1/15/20,6,1.5,11.7
1/15/20,7,1.6,11.3
1/15/20,8,1.7,11
1/15/20,9,1.8,10.8
1/15/20,10,1.8,10.6
1/15/20,11,1.9,10
1/15/20,12,2,9
1/15/20,13,2.1,8
1/15/20,14,2.2,7.8
1/15/20,15,2.4,7.5
1/15/20,16,2.5,6.9
1/15/20,17,2.6,3.8
1/15/20,18,2.8,0.2
2/25/20,0,0.3,14.5
2/25/20,1,0.7,13.9
2/25/20,2,1.3,12
2/25/20,3,1.5,11.3
2/25/20,4,1.6,11
2/25/20,5,1.7,10.8
2/25/20,6,1.8,10.2
2/25/20,7,1.9,10.1
2/25/20,8,2,9.3
2/25/20,9,2.1,9
2/25/20,10,2.2,8.3
2/25/20,11,2.3,7.7
2/25/20,12,2.4,6.9
2/25/20,13,2.5,6
2/25/20,14,2.6,5
2/25/20,15,2.7,4.8
2/25/20,16,2.9,3.3
2/25/20,17,3.1,0.4
2/25/20,18,3.3,0
5/4/20,0,6.9,12
5/4/20,1,6.8,12
5/4/20,2,6.7,12
5/4/20,3,6.7,12
5/4/20,4,6.6,12
5/4/20,5,6.6,11.9
5/4/20,6,6.5,11.8
5/4/20,7,6.5,11.8
5/4/20,8,6.5,11.7
5/4/20,9,6.4,11.7
5/4/20,10,6.4,11.7
5/4/20,11,6.3,11.7
5/4/20,12,6.2,11.6
5/4/20,13,6.1,11.6
5/4/20,14,6.1,11.5
5/4/20,15,6,11.4
5/4/20,16,5.9,11.1
5/4/20,17,5.8,11.1
5/4/20,18,5.8,11
6/2/20,0,17.5,9.7
6/2/20,1,17.2,9.7
6/2/20,2,16.8,9.7
6/2/20,3,16.7,9.7
6/2/20,4,15.4,10
6/2/20,5,12.3,11.3
6/2/20,6,11.2,11.4
6/2/20,7,10.4,11.5
6/2/20,8,10,11.5
6/2/20,9,9.3,11
6/2/20,10,9.2,10.8
6/2/20,11,8.6,10
6/2/20,12,8.3,9.5
6/2/20,13,8,9.1
6/2/20,14,7.9,8.7
6/2/20,15,7.6,7.7
6/2/20,16,7.6,7.4
6/2/20,17,7.5,6.6
6/2/20,18,7.5,6.7
7/2/20,0,25.1,8.5
7/2/20,1,25,8.5
7/2/20,2,24.9,8.5
7/2/20,3,24.1,8.7
7/2/20,4,23.4,8.8
7/2/20,5,22.2,9.1
7/2/20,6,19.2,9.9
7/2/20,7,14.9,11.5
7/2/20,8,12.5,11.5
7/2/20,9,11.3,10.8
7/2/20,10,10.6,10.1
7/2/20,11,9.9,9.1
7/2/20,12,9.4,8.5
7/2/20,13,8.8,6.5
7/2/20,14,8.8,6.2
7/2/20,15,8.6,5.9
7/2/20,16,8.3,3.8
7/2/20,17,8.2,3.2
7/2/20,18,8.1,2.1
8/5/20,0,22.2,8.8
8/5/20,1,22.2,8.8
8/5/20,2,22.2,8.8
8/5/20,3,22.2,8.7
8/5/20,4,22.2,8.7
8/5/20,5,22.1,8.7
8/5/20,6,22.1,8.7
8/5/20,7,22,8.7
8/5/20,8,16.1,11.6
8/5/20,9,13.7,11.1
8/5/20,10,12.3,9.5
8/5/20,11,11,7.9
8/5/20,12,10.1,6.3
8/5/20,13,9.5,4.2
8/5/20,14,9.1,2.5
8/5/20,15,8.7,1.2
8/5/20,16,8.5,0.3
8/5/20,17,8.3,0
8/5/20,18,8.1,0
9/8/20,0,18.1,8.9
9/8/20,1,18.2,8.9
9/8/20,2,18.2,8.9
9/8/20,3,18.2,8.8
9/8/20,4,18.2,8.8
9/8/20,5,18.3,8.8
9/8/20,6,18.3,8.8
9/8/20,7,18.2,8.8
9/8/20,8,18.2,8.7
9/8/20,9,18.2,8.7
9/8/20,10,17.3,8.3
9/8/20,11,12.3,5.5
9/8/20,12,11,4
9/8/20,13,10.1,2
9/8/20,14,9.5,0.4
9/8/20,15,9.1,0
9/8/20,16,8.8,0
9/8/20,17,8.6,0
9/8/20,18,8.4,0
10/14/20,0,12.5,8.9
10/14/20,1,12.4,8.9
10/14/20,2,12.4,8.9
10/14/20,3,12.4,8.9
10/14/20,4,12.4,8.9
10/14/20,5,12.4,8.9
10/14/20,6,12.4,8.9
10/14/20,7,12.4,8.9
10/14/20,8,12.4,8.8
10/14/20,9,12.4,8.8
10/14/20,10,12.4,8.8
10/14/20,11,12.4,8.8
10/14/20,12,12.4,8.8
10/14/20,13,12.4,8.8
10/14/20,14,12.3,8.8
10/14/20,15,11.9,6.7
10/14/20,16,9.2,0
10/14/20,17,8.9,0
10/14/20,18,8.7,0
11/2/20,0,5.5,10.7
11/2/20,1,5.4,10.7
11/2/20,2,5.4,10.7
11/2/20,3,5.4,10.7
11/2/20,4,5.4,10.6
11/2/20,5,5.4,10.6
11/2/20,6,5.3,10.6
11/2/20,7,5.3,10.6
11/2/20,8,5.3,10.6
11/2/20,9,5.2,10.6
11/2/20,10,5.2,10.6
11/2/20,11,5.2,10.6
11/2/20,12,5.2,10.6
11/2/20,13,5.2,10.5
11/2/20,14,5.2,10.5
11/2/20,15,5.2,10.5
11/2/20,16,5.2,10.5
11/2/20,17,5.2,10.5
11/2/20,18,5.2,10.4
1/18/21,0,1,13.6
1/18/21,1,1.8,13
1/18/21,2,2.5,12.4
1/18/21,3,2.7,11.9
1/18/21,4,2.8,11.7
1/18/21,5,2.9,11.4
1/18/21,6,3,11.2
1/18/21,7,3.1,11
1/18/21,8,3.2,10.7
1/18/21,9,3.2,10.6
1/18/21,10,3.3,10.6
1/18/21,11,3.4,10.5
1/18/21,12,3.5,10.2
1/18/21,13,3.6,9
1/18/21,14,3.6,8
1/18/21,15,3.7,7.3
1/18/21,16,3.8,6.9
1/18/21,17,3.8,6.1
1/18/21,18,4,3.5
2/23/21,0,0.3,13.5
2/23/21,1,1.4,12.6
2/23/21,2,2.4,11.7
2/23/21,3,2.8,11.2
2/23/21,4,3,10.7
2/23/21,5,3.1,10.4
2/23/21,6,3.2,9.9
2/23/21,7,3.3,9.7
2/23/21,8,3.4,9.3
2/23/21,9,3.5,9.2
2/23/21,10,3.6,8.7
2/23/21,11,3.7,8.2
2/23/21,12,3.8,7.9
2/23/21,13,3.8,6.3
2/23/21,14,4,5
2/23/21,15,4,4.8
2/23/21,16,4.1,3.2
2/23/21,17,4.2,0.7
2/23/21,18,4.2,0.2
4/9/21,0,8,11.4
4/9/21,1,7.9,11.5
4/9/21,2,7.9,11.5
4/9/21,3,7.8,11.5
4/9/21,4,7.8,11.4
4/9/21,5,7.6,11.4
4/9/21,6,7.2,11.5
4/9/21,7,6.9,11.4
4/9/21,8,6.9,11.4
4/9/21,9,6.7,11.3
4/9/21,10,5.9,11
4/9/21,11,5.5,10.9
4/9/21,12,5.3,10.9
4/9/21,13,5.2,10.9
4/9/21,14,4.9,9.4
4/9/21,15,4.8,9
4/9/21,16,4.7,9
4/9/21,17,4.7,8.5
4/9/21,18,4.7,8.2
5/4/21,0,8.8,11.3
5/4/21,1,8.7,11.3
5/4/21,2,8.7,11.3
5/4/21,3,8.7,11.3
5/4/21,4,8.7,11.3
5/4/21,5,8.6,11.3
5/4/21,6,8.6,11.3
5/4/21,7,8.6,11.3
5/4/21,8,8.6,11.2
5/4/21,9,8.6,11.2
5/4/21,10,8.6,11.1
5/4/21,11,8.2,11
5/4/21,12,8,10.9
5/4/21,13,7.8,10.7
5/4/21,14,7.7,10.6
5/4/21,15,7.6,10.5
5/4/21,16,7.5,10.3
5/4/21,17,7.4,10.1
5/4/21,18,7.3,9.5
6/3/21,0,17.4,9.9
6/3/21,1,17.3,9.9
6/3/21,2,16.8,10
6/3/21,3,16.5,10
6/3/21,4,15.5,10.2
6/3/21,5,14.7,10.3
6/3/21,6,14.1,10.5
6/3/21,7,13.1,10.9
6/3/21,8,10.6,11.3
6/3/21,9,10.4,11.3
6/3/21,10,9.9,10.9
6/3/21,11,9.3,10.5
6/3/21,12,9.1,10.2
6/3/21,13,9,9.6
6/3/21,14,8.7,9.1
6/3/21,15,8.4,8.5
6/3/21,16,8.4,8.1
6/3/21,17,8.2,7.1
6/3/21,18,8.1,6.9
6/28/21,0,22.8,8.8
6/28/21,1,22.7,8.8
6/28/21,2,22.4,8.8
6/28/21,3,22.2,8.8
6/28/21,4,22,8.8
6/28/21,5,21.5,8.9
6/28/21,6,20.2,9.1
6/28/21,7,19.2,9.4
6/28/21,8,15,10.9
6/28/21,9,13.4,10.9
6/28/21,10,12,10.5
6/28/21,11,11,10
6/28/21,12,10.5,9.5
6/28/21,13,9.9,8.3
6/28/21,14,9.6,7.4
6/28/21,15,9.3,6
6/28/21,16,9,5.3
6/28/21,17,8.9,4.8
6/28/21,18,8.8,3.6
7/27/21,0,25.1,8.3
7/27/21,1,24.9,8.4
7/27/21,2,24.7,8.4
7/27/21,3,24.5,8.4
7/27/21,4,24.4,8.4
7/27/21,5,24.3,8.4
7/27/21,6,24.1,8.4
7/27/21,7,21.2,9.7
7/27/21,8,17.3,10.8
7/27/21,9,14.9,10.8
7/27/21,10,12.9,10.2
7/27/21,11,11.6,8.6
7/27/21,12,10.8,6.9
7/27/21,13,10,4.6
7/27/21,14,9.7,3.6
7/27/21,15,9.4,2
7/27/21,16,9.3,1.7
7/27/21,17,9.1,1.2
7/27/21,18,9,0.6
8/25/21,0,23.4,8.5
8/25/21,1,23.5,8.5
8/25/21,2,23.5,8.5
8/25/21,3,23.5,8.5
8/25/21,4,23.4,8.5
8/25/21,5,23.4,8.5
8/25/21,6,23.4,8.4
8/25/21,7,23,8.5
8/25/21,8,21.2,9
8/25/21,9,16.6,9.8
8/25/21,10,13.6,8.7
8/25/21,11,12.2,6.9
8/25/21,12,11.3,5.2
8/25/21,13,10.5,2.7
8/25/21,14,10,1
8/25/21,15,9.5,0.4
8/25/21,16,9.2,0.2
8/25/21,17,9.1,0.2
8/25/21,18,9,0.1
9/22/21,0,18.8,8.7
9/22/21,1,18.8,8.7
9/22/21,2,18.8,8.7
9/22/21,3,18.8,8.7
9/22/21,4,18.8,8.7
9/22/21,5,18.8,8.6
9/22/21,6,18.8,8.6
9/22/21,7,18.8,8.6
9/22/21,8,18.8,8.6
9/22/21,9,18.8,8.6
9/22/21,10,18.7,8.5
9/22/21,11,14.9,5.4
9/22/21,12,12.2,3.1
9/22/21,13,10.6,0.3
9/22/21,14,9.9,0.2
9/22/21,15,9.5,0.1
9/22/21,16,9.2,0.1
9/22/21,17,9.1,0.1
9/22/21,18,9,0
10/18/21,0,15.7,8.9
10/18/21,1,15.6,8.8
10/18/21,2,15.6,8.8
10/18/21,3,15.5,8.8
10/18/21,4,15.4,8.8
10/18/21,5,15.4,8.8
10/18/21,6,15.4,8.8
10/18/21,7,15.3,8.8
10/18/21,8,15.3,8.7
10/18/21,9,15.3,8.6
10/18/21,10,15.2,8.4
10/18/21,11,15.2,8.4
10/18/21,12,15,8.1
10/18/21,13,14.1,5.4
10/18/21,14,10.8,0.2
10/18/21,15,9.9,0.2
10/18/21,16,9.4,0.1
10/18/21,17,9.3,0.1
10/18/21,18,9.1,0.1
11/15/21,0,8,10.1
11/15/21,1,7.6,10.2
11/15/21,2,7.7,10.2
11/15/21,3,7.6,10.2
11/15/21,4,7.5,10.2
11/15/21,5,7.5,10.2
11/15/21,6,7.4,10.2
11/15/21,7,7.4,10.2
11/15/21,8,7.4,10.1
11/15/21,9,7.4,10.1
11/15/21,10,7.4,10.1
11/15/21,11,7.3,10.1
11/15/21,12,7.3,10.1
11/15/21,13,7.3,10.1
11/15/21,14,7.3,10.1
11/15/21,15,7.3,10.1
11/15/21,16,7.3,10
11/15/21,17,7.3,10
11/15/21,18,7.2,10
1/31/22,0,0.9,14.2
1/31/22,1,2.1,12.7
1/31/22,2,2.8,12.1
1/31/22,3,3,11.7
1/31/22,4,3.2,11.4
1/31/22,5,3.3,11.1
1/31/22,6,3.5,10.7
1/31/22,7,3.6,10.4
1/31/22,8,3.7,10.1
1/31/22,9,3.8,9.7
1/31/22,10,3.9,9.1
1/31/22,11,4,7.8
1/31/22,12,4,7.4
1/31/22,13,4,7.3
1/31/22,14,4.1,6.7
1/31/22,15,4.2,3.9
1/31/22,16,4.4,0.6
1/31/22,17,4.4,0.6
1/31/22,18,4.4,0.8
2/25/22,0,0.3,14
2/25/22,1,1.7,12.4
2/25/22,2,3.2,10.9
2/25/22,3,3.6,10.4
2/25/22,4,3.7,9.9
2/25/22,5,3.9,9.2
2/25/22,6,4,8.6
2/25/22,7,4.1,8.1
2/25/22,8,4.1,7.3
2/25/22,9,4.2,6.6
2/25/22,10,4.3,6.3
2/25/22,11,4.4,5.3
2/25/22,12,4.3,5
2/25/22,13,4.3,4.9
2/25/22,14,4.4,4
2/25/22,15,4.5,0.3
2/25/22,16,4.5,0.2
2/25/22,17,4.5,0.2
2/25/22,18,4.4,0.7
3/14/22,0,0.4,13.5
3/14/22,1,1.9,12.1
3/14/22,2,3.1,10.9
3/14/22,3,3.6,10.2
3/14/22,4,3.8,9.5
3/14/22,5,3.8,8.9
3/14/22,6,4,7.8
3/14/22,7,4.1,7.5
3/14/22,8,4.1,7.2
3/14/22,9,4.2,6.2
3/14/22,10,4.2,5.8
3/14/22,11,4.3,5
3/14/22,12,4.4,4.1
3/14/22,13,4.5,3.8
3/14/22,14,4.5,0.6
3/14/22,15,4.5,0.4
3/14/22,16,4.5,0.4
3/14/22,17,4.5,0.2
3/14/22,18,4.5,0.2
5/5/22,0,6.8,11.6
5/5/22,1,6.2,11.6
5/5/22,2,5.6,10.8
5/5/22,3,5.2,10.4
5/5/22,4,4.9,10.3
5/5/22,5,4.7,10.2
5/5/22,6,4.6,10.3
5/5/22,7,4.5,10.2
5/5/22,8,4.4,10.2
5/5/22,9,4.4,10.2
5/5/22,10,4.4,10
5/5/22,11,4.3,9.4
5/5/22,12,4.4,8.7
5/5/22,13,4.4,7.7
5/5/22,14,4.5,5.5
5/5/22,15,4.6,3.3
5/5/22,16,4.6,2.7
5/5/22,17,4.6,1.9
5/5/22,18,4.7,0.5
5/16/22,0,13.1,11.1
5/16/22,1,13,11.2
5/16/22,2,12.9,11.2
5/16/22,3,12.9,11.2
5/16/22,4,12.9,11.2
5/16/22,5,12.8,11.2
5/16/22,6,9.9,11.4
5/16/22,7,9.1,11.3
5/16/22,8,8,10.7
5/16/22,9,7.9,10.6
5/16/22,10,7.5,10.1
5/16/22,11,7.1,9.5
5/16/22,12,6.8,8.9
5/16/22,13,6.7,8.8
5/16/22,14,6.6,8.7
5/16/22,15,6.5,8.5
5/16/22,16,6.5,8.5
5/16/22,17,6.3,8
5/16/22,18,6.1,7.4
6/2/22,0,16.3,9.7
6/2/22,1,16.2,9.6
6/2/22,2,16.1,9.6
6/2/22,3,16.1,9.6
6/2/22,4,16.1,9.6
6/2/22,5,16,9.6
6/2/22,6,16,9.6
6/2/22,7,15.7,9.6
6/2/22,8,12,9.9
6/2/22,9,11.5,9.8
6/2/22,10,10.1,9.6
6/2/22,11,8.7,9.1
6/2/22,12,7.7,8.1
6/2/22,13,7.3,7.2
6/2/22,14,7,6.3
6/2/22,15,6.8,5.7
6/2/22,16,6.7,5.4
6/2/22,17,6.7,5.2
6/2/22,18,6.6,4.3
6/13/22,0,18.3,9.8
6/13/22,1,18.3,9.6
6/13/22,2,18.3,9.6
6/13/22,3,18.3,9.7
6/13/22,4,18.2,9.7
6/13/22,5,17.5,9.9
6/13/22,6,16.6,9.7
6/13/22,7,15.2,9.5
6/13/22,8,14.1,9.7
6/13/22,9,11.9,9.5
6/13/22,10,10.8,9.2
6/13/22,11,9.6,8.9
6/13/22,12,8.5,8
6/13/22,13,7.7,6.9
6/13/22,14,7.5,6.1
6/13/22,15,7.3,5.1
6/13/22,16,7.1,4.1
6/13/22,17,7,3.6
6/13/22,18,6.9,3.2
6/28/22,0,20.8,8.8
6/28/22,1,20.8,8.7
6/28/22,2,20.8,8.7
6/28/22,3,20.8,8.7
6/28/22,4,20.7,8.7
6/28/22,5,20.6,8.8
6/28/22,6,20.6,8.7
6/28/22,7,20.5,8.7
6/28/22,8,17.7,9.1
6/28/22,9,13.8,8.9
6/28/22,10,12.2,8.8
6/28/22,11,10.4,8.1
6/28/22,12,9,6.9
6/28/22,13,8.5,6
6/28/22,14,7.9,4.5
6/28/22,15,7.6,2.9
6/28/22,16,7.5,2.4
6/28/22,17,7.3,1.6
6/28/22,18,7.3,0.9
7/11/22,0,22.9,8.5
7/11/22,1,23,8.5
7/11/22,2,22.9,8.5
7/11/22,3,22.9,8.5
7/11/22,4,22.8,8.5
7/11/22,5,22.7,8.5
7/11/22,6,22.6,8.5
7/11/22,7,21.4,8.7
7/11/22,8,19.2,8.9
7/11/22,9,15.5,9.1
7/11/22,10,12.4,8.5
7/11/22,11,10.5,7.2
7/11/22,12,9.6,6.1
7/11/22,13,8.9,4.6
7/11/22,14,8,2.5
7/11/22,15,7.7,1.4
7/11/22,16,7.6,0.9
7/11/22,17,7.5,0.6
7/11/22,18,7.5,0.3
7/26/22,0,23,8.4
7/26/22,1,23,8.4
7/26/22,2,23,8.3
7/26/22,3,23,8.3
7/26/22,4,23,8.3
7/26/22,5,23,8.3
7/26/22,6,23,8.3
7/26/22,7,22.9,8.3
7/26/22,8,22.9,8.3
7/26/22,9,16.6,9.6
7/26/22,10,13.8,9
7/26/22,11,11,7
7/26/22,12,9.8,5.3
7/26/22,13,8.8,3.2
7/26/22,14,8.2,1.2
7/26/22,15,7.9,0.7
7/26/22,16,7.7,0.2
7/26/22,17,7.6,0.2
7/26/22,18,7.5,0.2
8/8/22,0,22.6,8.5
8/8/22,1,22.7,8.5
8/8/22,2,22.7,8.5
8/8/22,3,22.7,8.5
8/8/22,4,22.8,8.4
8/8/22,5,22.7,8.4
8/8/22,6,22.7,8.4
8/8/22,7,22.7,8.4
8/8/22,8,22.7,8.4
8/8/22,9,19.5,9.2
8/8/22,10,14.5,8.8
8/8/22,11,12.2,7.1
8/8/22,12,9.7,3.4
8/8/22,13,9,2
8/8/22,14,8.5,0.8
8/8/22,15,8.2,0.4
8/8/22,16,8,0.2
8/8/22,17,7.8,0.2
8/8/22,18,7.8,0.2
8/24/22,0,24,8.7
8/24/22,1,23.7,8.7
8/24/22,2,23.5,8.7
8/24/22,3,23.2,8.8
8/24/22,4,23,8.8
8/24/22,5,22.8,8.8
8/24/22,5,22.8,8.8
8/24/22,6,22.6,8.8
8/24/22,7,22.6,8.7
8/24/22,8,22.4,8.6
8/24/22,9,21,8.4
8/24/22,10,16.1,8.3
8/24/22,10,16.1,8.3
8/24/22,11,13.3,6.7
8/24/22,12,11.4,4.7
8/24/22,13,9.6,1.4
8/24/22,14,8.8,0.4
8/24/22,15,8.4,0.2
8/24/22,16,8.1,0.1
8/24/22,17,7.9,0.1
8/24/22,18,7.8,0.1
9/7/22,0,23,8.6
9/7/22,1,22.2,8.6
9/7/22,2,21.9,8.6
9/7/22,3,21.7,8.6
9/7/22,4,21.6,8.6
9/7/22,5,21.6,8.6
9/7/22,5,21.6,8.6
9/7/22,6,21.5,8.6
9/7/22,7,21.5,8.6
9/7/22,8,21.4,8.5
9/7/22,9,21.2,8.3
9/7/22,10,19.9,8
9/7/22,11,13.6,5.3
9/7/22,12,11,2.7
9/7/22,13,9.9,0.8
9/7/22,14,9.1,0.6
9/7/22,15,8.5,0.3
9/7/22,16,8,0.3
9/7/22,17,7.9,0.3
9/7/22,18,7.8,0.3
9/20/22,0,20.4,8.8
9/20/22,1,20.4,8.8
9/20/22,2,20.3,8.8
9/20/22,3,20.3,8.7
9/20/22,4,20.2,8.8
9/20/22,5,20.2,8.6
9/20/22,6,20.1,8.6
9/20/22,7,20,8.6
9/20/22,8,20,8.6
9/20/22,9,19.8,8.5
9/20/22,10,19.4,8.1
9/20/22,11,16.3,5.2
9/20/22,12,12.1,3.1
9/20/22,13,10.2,0.5
9/20/22,14,8.8,0.3
9/20/22,15,8.4,0.3
9/20/22,16,8.1,0.2
9/20/22,16,8.1,0.2
9/20/22,17,7.9,0.2
9/20/22,18,7.8,0.2
10/3/22,0,16.1,9.2
10/3/22,1,16.1,9.1
10/3/22,2,16.1,9
10/3/22,3,16.1,9
10/3/22,4,16,9
10/3/22,5,16,9
10/3/22,6,15.9,8.9
10/3/22,7,15.8,8.8
10/3/22,8,15.8,8.8
10/3/22,9,15.8,8.7
10/3/22,10,15.7,8.5
10/3/22,11,15.5,8.3
10/3/22,12,14.7,6.6
10/3/22,13,11.4,0.5
10/3/22,14,9.2,0.3
10/3/22,15,8.6,0.3
10/3/22,16,8.2,0.3
10/3/22,17,7.9,0.3
10/3/22,18,7.8,0.3
10/3/22,18,7.8,0.3
10/19/22,0,10.3,9.4
10/19/22,1,10.2,9.4
10/19/22,2,10.2,9.4
10/19/22,3,10.2,9.4
10/19/22,4,10.2,9.4
10/19/22,5,10.2,9.3
10/19/22,5,10.2,9.3
10/19/22,6,10.2,9.3
10/19/22,7,10.2,9.3
10/19/22,8,10.2,9.3
10/19/22,9,10.2,9.3
10/19/22,10,10.2,9.3
10/19/22,11,10.2,9.3
10/19/22,12,10.2,9.3
10/19/22,13,10.2,9.3
10/19/22,14,10.1,9.3
10/19/22,15,10,9.3
10/19/22,16,9.9,9.2
10/19/22,17,9.8,9.1
10/19/22,18,8.2,1.2
11/2/22,0,10.5,9.7
11/2/22,1,10.3,9.7
11/2/22,2,10.1,9.7
11/2/22,3,10,9.7
11/2/22,4,9.9,9.7
11/2/22,5,9.8,9.7
11/2/22,6,9.8,9.6
11/2/22,7,9.7,9.6
11/2/22,8,9.7,9.5
11/2/22,9,9.7,9.3
11/2/22,10,9.6,9.3
11/2/22,11,9.6,9.1
11/2/22,12,9.6,9
11/2/22,13,9.5,9.2
11/2/22,14,9.5,9.2
11/2/22,15,9.5,9.1
11/2/22,16,9.5,8.7
11/2/22,17,9.5,8.4
11/2/22,18,9.5,8.2
11/16/22,0,6.4,10.7
11/16/22,0,6.4,10.7
11/16/22,1,6.4,10.6
11/16/22,2,6.5,10.6
11/16/22,3,6.5,10.5
11/16/22,4,6.5,10.5
11/16/22,5,6.5,10.5
11/16/22,6,6.5,10.5
11/16/22,7,6.5,10.5
11/16/22,8,6.5,10.4
11/16/22,9,6.5,10.4
11/16/22,10,6.5,10.4
11/16/22,11,6.5,10.4
11/16/22,12,6.5,10.4
11/16/22,13,6.5,10.4
11/16/22,14,6.4,10.4
11/16/22,15,6.4,10.4
11/16/22,16,6.4,10.3
11/16/22,17,6.4,10.3
11/16/22,18,6.4,10.3